現物株ティッカー,公式トークン名,RHJ公式コントラクトアドレス,コントラクト確認URL（Blockscout）,トークン小数桁,ERC-20 totalSupply（トークン単位）,総供給量取得状態,総供給量取得時刻（UTC）,Yahoo Financeティッカー,現物株発行済株式数（取得時点）,単位数比（小数：totalSupply÷発行済株式数）,単位数比（%：totalSupply÷発行済株式数）,現物株株価USD（取得時点）,現物株時価総額USD（取得時点）,Yahoo Finance quoteType,現物株確認URL（Yahoo Finance）,市場データ取得状態,市場データ取得時刻（UTC）,分析対象区分,比率の定義
AAOI,Applied Optoelectronics • Robinhood Token,0x521cf887e6531c6f667b5bc4d896e5d9bfe8eb2e,https://robinhoodchain.blockscout.com/token/0x521cf887e6531c6f667b5bc4d896e5d9bfe8eb2e,18,665.035,ok,2026-09-06T00:50:05.262573+00:00,AAOI,84906289,0.00000783257645378895313632185714770786884820746317154433636829894,0.000783257645378895313632185714770786884820746317154433636829894,105.53,8960160768,EQUITY,https://finance.yahoo.com/quote/AAOI/,ok,2026-09-06T01:03:51.563407+00:00,included_equity,"ERC-20 totalSupply (token units) divided by Yahoo Finance shares outstanding, times 100. No currentMultiplier adjustment."
AAPL,Apple • Robinhood Token,0xaf3d76f1834a1d425780943c99ea8a608f8a93f9,https://robinhoodchain.blockscout.com/token/0xaf3d76f1834a1d425780943c99ea8a608f8a93f9,18,17631.42312292,ok,2026-09-06T00:50:06.284457+00:00,AAPL,14594180000,0.00000120811331112265300277233801419469953090889656013561570434242,0.000120811331112265300277233801419469953090889656013561570434242,319.97,4669700046848,EQUITY,https://finance.yahoo.com/quote/AAPL/,ok,2026-09-06T01:03:53.333842+00:00,included_equity,"ERC-20 totalSupply (token units) divided by Yahoo Finance shares outstanding, times 100. No currentMultiplier adjustment."
ABCL,Abcellera Biologics • Robinhood Token,0x3139d77ace0cbaa5bdfd38bd1f1911a794af0b0e,https://robinhoodchain.blockscout.com/token/0x3139d77ace0cbaa5bdfd38bd1f1911a794af0b0e,18,2642.712,ok,2026-09-06T00:50:07.228006+00:00,ABCL,324047363,0.00000815532635579571125841872689456201499778907319792014477834217,0.000815532635579571125841872689456201499778907319792014477834217,11.43,3703861504,EQUITY,https://finance.yahoo.com/quote/ABCL/,ok,2026-09-06T01:03:54.800912+00:00,included_equity,"ERC-20 totalSupply (token units) divided by Yahoo Finance shares outstanding, times 100. No currentMultiplier adjustment."
ADBE,Adobe • Robinhood Token,0x232b8ed6377be97813853b0ac104c4cda8378d1b,https://robinhoodchain.blockscout.com/token/0x232b8ed6377be97813853b0ac104c4cda8378d1b,18,591.281,ok,2026-09-06T00:50:08.176565+00:00,ADBE,397500000,0.00000148749937106918238993710691823899371069182389937106918238994,0.000148749937106918238993710691823899371069182389937106918238994,266.51,105937731584,EQUITY,https://finance.yahoo.com/quote/ADBE/,ok,2026-09-06T01:03:56.363968+00:00,included_equity,"ERC-20 totalSupply (token units) divided by Yahoo Finance shares outstanding, times 100. No currentMultiplier adjustment."
AEHR,Aehr • Robinhood Token,0x5f604fba1162193a4388a5dfa56f556f3e133cc2,https://robinhoodchain.blockscout.com/token/0x5f604fba1162193a4388a5dfa56f556f3e133cc2,18,156.148,ok,2026-09-06T00:50:09.129827+00:00,AEHR,32620450,0.00000478681318007568871674057224839019694700716881588083548816770,0.000478681318007568871674057224839019694700716881588083548816770,86.26,2813840128,EQUITY,https://finance.yahoo.com/quote/AEHR/,ok,2026-09-06T01:03:57.942912+00:00,included_equity,"ERC-20 totalSupply (token units) divided by Yahoo Finance shares outstanding, times 100. No currentMultiplier adjustment."
AEIS,Advanced Energy • Robinhood Token,0xfaf9cb261b5fcc1f404bb10cd39c5c6c1974e612,https://robinhoodchain.blockscout.com/token/0xfaf9cb261b5fcc1f404bb10cd39c5c6c1974e612,18,104.674,ok,2026-09-06T00:50:10.158041+00:00,AEIS,40050442,0.00000261355417750445800323502047742694075635919323936549813857235,0.000261355417750445800323502047742694075635919323936549813857235,280.9,11250168832,EQUITY,https://finance.yahoo.com/quote/AEIS/,ok,2026-09-06T01:03:59.495262+00:00,included_equity,"ERC-20 totalSupply (token units) divided by Yahoo Finance shares outstanding, times 100. No currentMultiplier adjustment."
ALAB,"Astera Labs, Inc. • Robinhood Token",0x748c32c3ca24edf31ea597db1f3d330a7a6da3dc,https://robinhoodchain.blockscout.com/token/0x748c32c3ca24edf31ea597db1f3d330a7a6da3dc,18,142.97,ok,2026-09-06T00:50:11.083544+00:00,ALAB,173485104,0.000000824105336444332419456600723483440976004487393914811268176661,0.0000824105336444332419456600723483440976004487393914811268176661,310.4,53849776128,EQUITY,https://finance.yahoo.com/quote/ALAB/,ok,2026-09-06T01:04:00.965839+00:00,included_equity,"ERC-20 totalSupply (token units) divided by Yahoo Finance shares outstanding, times 100. No currentMultiplier adjustment."
AMAT,Applied Materials • Robinhood Token,0x36046893810a7e7fce501229d57dc3fc8c8716d0,https://robinhoodchain.blockscout.com/token/0x36046893810a7e7fce501229d57dc3fc8c8716d0,18,180.025,ok,2026-09-06T00:50:12.045868+00:00,AMAT,793597443,0.000000226846749051332313831560568674866559518387964362430537720369,0.0000226846749051332313831560568674866559518387964362430537720369,454.71,360856682496,EQUITY,https://finance.yahoo.com/quote/AMAT/,ok,2026-09-06T01:04:02.494049+00:00,included_equity,"ERC-20 totalSupply (token units) divided by Yahoo Finance shares outstanding, times 100. No currentMultiplier adjustment."
AMBA,Ambarella • Robinhood Token,0x99d9d8663545151603863c5acbd6fc3218899009,https://robinhoodchain.blockscout.com/token/0x99d9d8663545151603863c5acbd6fc3218899009,18,490.651,ok,2026-09-06T00:50:12.977788+00:00,AMBA,44140971,0.0000111155461441933391089199193194005632544875372134428125742861,0.00111155461441933391089199193194005632544875372134428125742861,62.89,2776025600,EQUITY,https://finance.yahoo.com/quote/AMBA/,ok,2026-09-06T01:04:04.067632+00:00,included_equity,"ERC-20 totalSupply (token units) divided by Yahoo Finance shares outstanding, times 100. No currentMultiplier adjustment."
AMC,AMC Entertainment • Robinhood Token,0x05a3d1cd21d0c88145e82600e62e7e496e0f222b,https://robinhoodchain.blockscout.com/token/0x05a3d1cd21d0c88145e82600e62e7e496e0f222b,18,2895757.579,ok,2026-09-06T00:50:13.917303+00:00,AMC,892604638,0.00324416595626069332613080148481146475960838554370137610689852,0.324416595626069332613080148481146475960838554370137610689852,2.65,2365402368,EQUITY,https://finance.yahoo.com/quote/AMC/,ok,2026-09-06T01:04:05.680959+00:00,included_equity,"ERC-20 totalSupply (token units) divided by Yahoo Finance shares outstanding, times 100. No currentMultiplier adjustment."
AMD,AMD • Robinhood Token,0x86923f96303d656e4aa86d9d42d1e57ad2023fdc,https://robinhoodchain.blockscout.com/token/0x86923f96303d656e4aa86d9d42d1e57ad2023fdc,18,4058.232,ok,2026-09-06T00:50:14.880262+00:00,AMD,1632475042,0.00000248593815867967186967872798878599946154643876019514667716433,0.000248593815867967186967872798878599946154643876019514667716433,477.57,779621105664,EQUITY,https://finance.yahoo.com/quote/AMD/,ok,2026-09-06T01:04:07.213865+00:00,included_equity,"ERC-20 totalSupply (token units) divided by Yahoo Finance shares outstanding, times 100. No currentMultiplier adjustment."
AMKR,Amkor Technology • Robinhood Token,0xdd356aa38f40a7b7076755ac854b6fbb1f0d305b,https://robinhoodchain.blockscout.com/token/0xdd356aa38f40a7b7076755ac854b6fbb1f0d305b,18,413.668,ok,2026-09-06T00:50:15.912696+00:00,AMKR,248452472,0.00000166497840279085651440006602148035782071027250636491956497821,0.000166497840279085651440006602148035782071027250636491956497821,47.77,11868574720,EQUITY,https://finance.yahoo.com/quote/AMKR/,ok,2026-09-06T01:04:08.684861+00:00,included_equity,"ERC-20 totalSupply (token units) divided by Yahoo Finance shares outstanding, times 100. No currentMultiplier adjustment."
AMZN,Amazon • Robinhood Token,0x12f190a9f9d7d37a250758b26824b97ce941bf54,https://robinhoodchain.blockscout.com/token/0x12f190a9f9d7d37a250758b26824b97ce941bf54,18,9849.261,ok,2026-09-06T00:50:16.947584+00:00,AMZN,10786313572,0.000000913125780578781044916575507100416049354586666377697998561394,0.0000913125780578781044916575507100416049354586666377697998561394,258.51,2788369891328,EQUITY,https://finance.yahoo.com/quote/AMZN/,ok,2026-09-06T01:04:10.357591+00:00,included_equity,"ERC-20 totalSupply (token units) divided by Yahoo Finance shares outstanding, times 100. No currentMultiplier adjustment."
ANET,Arista • Robinhood Token,0x28babd556b60e53663b8615036479a29c2cdd1bf,https://robinhoodchain.blockscout.com/token/0x28babd556b60e53663b8615036479a29c2cdd1bf,18,136.787,ok,2026-09-06T00:50:17.882818+00:00,ANET,1261224648,0.000000108455698369764178601748988337246640933075072601974711804078,0.0000108455698369764178601748988337246640933075072601974711804078,193.78,244400128000,EQUITY,https://finance.yahoo.com/quote/ANET/,ok,2026-09-06T01:04:11.825567+00:00,included_equity,"ERC-20 totalSupply (token units) divided by Yahoo Finance shares outstanding, times 100. No currentMultiplier adjustment."
APLD,Applied Digital • Robinhood Token,0xb8dbf92f9741c9ac1c32115e78581f23509916fd,https://robinhoodchain.blockscout.com/token/0xb8dbf92f9741c9ac1c32115e78581f23509916fd,18,1660.08,ok,2026-09-06T00:50:18.855590+00:00,APLD,287883603,0.00000576649723256381503603732512684996512288336199543813546060142,0.000576649723256381503603732512684996512288336199543813546060142,26.37,7497091584,EQUITY,https://finance.yahoo.com/quote/APLD/,ok,2026-09-06T01:04:13.329725+00:00,included_equity,"ERC-20 totalSupply (token units) divided by Yahoo Finance shares outstanding, times 100. No currentMultiplier adjustment."
APP,AppLovin • Robinhood Token,0xa249baf1063af884807c1e1400aef7784836917e,https://robinhoodchain.blockscout.com/token/0xa249baf1063af884807c1e1400aef7784836917e,18,148.988,ok,2026-09-06T00:50:19.798280+00:00,APP,335939521,0.000000443496494715785464253251703600541836814728327245546081492448,0.0000443496494715785464253251703600541836814728327245546081492448,320.56,107688771584,EQUITY,https://finance.yahoo.com/quote/APP/,ok,2026-09-06T01:04:15.080366+00:00,included_equity,"ERC-20 totalSupply (token units) divided by Yahoo Finance shares outstanding, times 100. No currentMultiplier adjustment."
ASML,ASML Holding NV • Robinhood Token,0x47f93d52cbec7c6d2cfc080e154002370a60daea,https://robinhoodchain.blockscout.com/token/0x47f93d52cbec7c6d2cfc080e154002370a60daea,18,130.5971075,ok,2026-09-06T00:50:20.759891+00:00,ASML,384100000,0.000000340008090341057016401978651392866441030981515230408747721947,0.0000340008090341057016401978651392866441030981515230408747721947,1714.88,658685427712,EQUITY,https://finance.yahoo.com/quote/ASML/,ok,2026-09-06T01:04:16.933545+00:00,included_equity,"ERC-20 totalSupply (token units) divided by Yahoo Finance shares outstanding, times 100. No currentMultiplier adjustment."
ASTS,AST SpaceMobile • Robinhood Token,0x1af6446f07eb1d97c546afc8c9544cbdf3ad5137,https://robinhoodchain.blockscout.com/token/0x1af6446f07eb1d97c546afc8c9544cbdf3ad5137,18,1832.437,ok,2026-09-06T00:50:21.696135+00:00,ASTS,299789305,0.00000611241618509372774322286113575666083218012063505734469079876,0.000611241618509372774322286113575666083218012063505734469079876,62.31,24249026560,EQUITY,https://finance.yahoo.com/quote/ASTS/,ok,2026-09-06T01:04:18.387416+00:00,included_equity,"ERC-20 totalSupply (token units) divided by Yahoo Finance shares outstanding, times 100. No currentMultiplier adjustment."
AUR,Aurora Innovation • Robinhood Token,0x373c06c4f7bde527d7dae4ba169e42b55e393ced,https://robinhoodchain.blockscout.com/token/0x373c06c4f7bde527d7dae4ba169e42b55e393ced,18,8632.59,ok,2026-09-06T00:50:22.724578+00:00,AUR,2004155268,0.00000430734591168412406657905708730746903388126113989287979657672,0.000430734591168412406657905708730746903388126113989287979657672,6.34,12706344960,EQUITY,https://finance.yahoo.com/quote/AUR/,ok,2026-09-06T01:04:20.067961+00:00,included_equity,"ERC-20 totalSupply (token units) divided by Yahoo Finance shares outstanding, times 100. No currentMultiplier adjustment."
AVAV,AeroVironment • Robinhood Token,0xf6290b5e7c26502e2da514c31509849718ea76a5,https://robinhoodchain.blockscout.com/token/0xf6290b5e7c26502e2da514c31509849718ea76a5,18,164.656,ok,2026-09-06T00:50:23.663432+00:00,AVAV,50822615,0.00000323981754972663252372983956059718690193332239988044692308729,0.000323981754972663252372983956059718690193332239988044692308729,144.65,7351491072,EQUITY,https://finance.yahoo.com/quote/AVAV/,ok,2026-09-06T01:04:21.517220+00:00,included_equity,"ERC-20 totalSupply (token units) divided by Yahoo Finance shares outstanding, times 100. No currentMultiplier adjustment."
AVGO,Broadcom • Robinhood Token,0x156e175dd063a8ce274c50654ef40e0032b3fbcf,https://robinhoodchain.blockscout.com/token/0x156e175dd063a8ce274c50654ef40e0032b3fbcf,18,387.719,ok,2026-09-06T00:50:24.620495+00:00,AVGO,4757580198,0.0000000814950003707746220949778721943469800863670065241851336627747,0.00000814950003707746220949778721943469800863670065241851336627747,357.895,1702714146816,EQUITY,https://finance.yahoo.com/quote/AVGO/,ok,2026-09-06T01:04:22.979106+00:00,included_equity,"ERC-20 totalSupply (token units) divided by Yahoo Finance shares outstanding, times 100. No currentMultiplier adjustment."
AXON,Axon • Robinhood Token,0xc27dbd474af5181c5a8777903690d8d262d12648,https://robinhoodchain.blockscout.com/token/0xc27dbd474af5181c5a8777903690d8d262d12648,18,40.185,ok,2026-09-06T00:50:25.552120+00:00,AXON,81237415,0.000000494661234604769243334490640796485215586931218823247883995324,0.0000494661234604769243334490640796485215586931218823247883995324,515.67,41891696640,EQUITY,https://finance.yahoo.com/quote/AXON/,ok,2026-09-06T01:04:24.551749+00:00,included_equity,"ERC-20 totalSupply (token units) divided by Yahoo Finance shares outstanding, times 100. No currentMultiplier adjustment."
AXTI,AXT • Robinhood Token,0x141eea040c2250eec0314e336975e81f85f6585e,https://robinhoodchain.blockscout.com/token/0x141eea040c2250eec0314e336975e81f85f6585e,18,312.337,ok,2026-09-06T00:50:26.917359+00:00,AXTI,65573212,0.00000476317981800250992737705147034737294857540301670749329772042,0.000476317981800250992737705147034737294857540301670749329772042,61.64,4041932800,EQUITY,https://finance.yahoo.com/quote/AXTI/,ok,2026-09-06T01:04:26.083704+00:00,included_equity,"ERC-20 totalSupply (token units) divided by Yahoo Finance shares outstanding, times 100. No currentMultiplier adjustment."
BA,Boeing • Robinhood Token,0x4d21483a44bf67a86b77e3da301411880797d452,https://robinhoodchain.blockscout.com/token/0x4d21483a44bf67a86b77e3da301411880797d452,18,1461.976,ok,2026-09-06T00:50:27.857634+00:00,BA,790370020,0.00000184973615269465812987187950271696793357622547474662563744510,0.000184973615269465812987187950271696793357622547474662563744510,212.25,167756038144,EQUITY,https://finance.yahoo.com/quote/BA/,ok,2026-09-06T01:04:27.658314+00:00,included_equity,"ERC-20 totalSupply (token units) divided by Yahoo Finance shares outstanding, times 100. No currentMultiplier adjustment."
BABA,Alibaba • Robinhood Token,0xad25ac6c84d497db898fa1e8387bf6af3532a1c4,https://robinhoodchain.blockscout.com/token/0xad25ac6c84d497db898fa1e8387bf6af3532a1c4,18,8540.607,ok,2026-09-06T00:50:28.813313+00:00,BABA,2485623615,0.00000343600171339698186766704016850918114567398008889612194966212,0.000343600171339698186766704016850918114567398008889612194966212,113.24,281472008192,EQUITY,https://finance.yahoo.com/quote/BABA/,ok,2026-09-06T01:04:29.120467+00:00,included_equity,"ERC-20 totalSupply (token units) divided by Yahoo Finance shares outstanding, times 100. No currentMultiplier adjustment."
BB,Blackberry • Robinhood Token,0x48e39e56acdba37b09020c0b734a613c9a2f100a,https://robinhoodchain.blockscout.com/token/0x48e39e56acdba37b09020c0b734a613c9a2f100a,18,86677.861,ok,2026-09-06T00:50:29.763078+00:00,BB,586100431,0.000147889092748338210998517419619505449570297278965829663414801,0.0147889092748338210998517419619505449570297278965829663414801,7.7,4512973312,EQUITY,https://finance.yahoo.com/quote/BB/,ok,2026-09-06T01:04:30.576229+00:00,included_equity,"ERC-20 totalSupply (token units) divided by Yahoo Finance shares outstanding, times 100. No currentMultiplier adjustment."
BE,Bloom Energy • Robinhood Token,0x822cc93ffd030293e9842c30bbd678f530701867,https://robinhoodchain.blockscout.com/token/0x822cc93ffd030293e9842c30bbd678f530701867,18,4085.311,ok,2026-09-06T00:50:30.710806+00:00,BE,294527346,0.0000138707357923905646438684168905660800678250093626280800425235,0.00138707357923905646438684168905660800678250093626280800425235,252.87,74477133824,EQUITY,https://finance.yahoo.com/quote/BE/,ok,2026-09-06T01:04:32.156547+00:00,included_equity,"ERC-20 totalSupply (token units) divided by Yahoo Finance shares outstanding, times 100. No currentMultiplier adjustment."
BND,Vanguard Total Bond Market ETF • Robinhood Token,0x2f62fc9fabb470c690f141c28340ed832bb27020,https://robinhoodchain.blockscout.com/token/0x2f62fc9fabb470c690f141c28340ed832bb27020,18,0,ok,2026-09-06T00:50:31.653031+00:00,BND,,,,71.95,,ETF,https://finance.yahoo.com/quote/BND/,ok,2026-09-06T01:04:33.753642+00:00,excluded_yahoo_quote_type_not_equity,"ERC-20 totalSupply (token units) divided by Yahoo Finance shares outstanding, times 100. No currentMultiplier adjustment."
BULL,Webull • Robinhood Token,0xcef9027c7d6985b85f0ba431125073529a947a68,https://robinhoodchain.blockscout.com/token/0xcef9027c7d6985b85f0ba431125073529a947a68,18,47508.594,ok,2026-09-06T00:50:32.679344+00:00,BULL,529764411,0.0000896787194713991461385653556104960776612077854357793015280522,0.00896787194713991461385653556104960776612077854357793015280522,9.74,5255902720,EQUITY,https://finance.yahoo.com/quote/BULL/,ok,2026-09-06T01:04:35.341517+00:00,included_equity,"ERC-20 totalSupply (token units) divided by Yahoo Finance shares outstanding, times 100. No currentMultiplier adjustment."
CBRS,Cerebras Systems • Robinhood Token,0x5c90450bbb4273d7b2f17cf6917aeb237a569679,https://robinhoodchain.blockscout.com/token/0x5c90450bbb4273d7b2f17cf6917aeb237a569679,18,115.592,ok,2026-09-06T00:50:33.609267+00:00,CBRS,237564041,0.000000486571955559553728924824948570394119537645009161971613372244,0.0000486571955559553728924824948570394119537645009161971613372244,210.05,49900331008,EQUITY,https://finance.yahoo.com/quote/CBRS/,ok,2026-09-06T01:04:36.851028+00:00,included_equity,"ERC-20 totalSupply (token units) divided by Yahoo Finance shares outstanding, times 100. No currentMultiplier adjustment."
CCL,Carnival Corporation • Robinhood Token,0x9651342cea770ae9a2969ba2a52611523146aef9,https://robinhoodchain.blockscout.com/token/0x9651342cea770ae9a2969ba2a52611523146aef9,18,5200.73859716,ok,2026-09-06T00:50:34.571584+00:00,CCL,1369649119,0.00000379713207201354758072165780730882213636498531562958644154759,0.000379713207201354758072165780730882213636498531562958644154759,23.51,32200452096,EQUITY,https://finance.yahoo.com/quote/CCL/,ok,2026-09-06T01:04:38.444207+00:00,included_equity,"ERC-20 totalSupply (token units) divided by Yahoo Finance shares outstanding, times 100. No currentMultiplier adjustment."
CEG,Constellation Energy • Robinhood Token,0xae517a2903e68bd929dfd15be875f8369d53e94a,https://robinhoodchain.blockscout.com/token/0xae517a2903e68bd929dfd15be875f8369d53e94a,18,386.712,ok,2026-09-06T00:50:35.530465+00:00,CEG,354307379,0.00000109145906328978827166904700565098871395506555340468932203639,0.000109145906328978827166904700565098871395506555340468932203639,298.96,105923731456,EQUITY,https://finance.yahoo.com/quote/CEG/,ok,2026-09-06T01:04:39.988229+00:00,included_equity,"ERC-20 totalSupply (token units) divided by Yahoo Finance shares outstanding, times 100. No currentMultiplier adjustment."
CELH,Celsius • Robinhood Token,0x8cf07c5a878945185d327aaa6e33faa95f95e7bf,https://robinhoodchain.blockscout.com/token/0x8cf07c5a878945185d327aaa6e33faa95f95e7bf,18,1318.45,ok,2026-09-06T00:50:36.465193+00:00,CELH,253035047,0.00000521054302805729516196228738226922375697624210926006625477458,0.000521054302805729516196228738226922375697624210926006625477458,30.66,7758054400,EQUITY,https://finance.yahoo.com/quote/CELH/,ok,2026-09-06T01:04:41.447352+00:00,included_equity,"ERC-20 totalSupply (token units) divided by Yahoo Finance shares outstanding, times 100. No currentMultiplier adjustment."
CIEN,Ciena • Robinhood Token,0x44f6d488021f8233b9416294d1fe9b1fee28382d,https://robinhoodchain.blockscout.com/token/0x44f6d488021f8233b9416294d1fe9b1fee28382d,18,63.077,ok,2026-09-06T00:50:37.401073+00:00,CIEN,141808525,0.000000444804005965085667451939155279980523032730225492437778335259,0.0000444804005965085667451939155279980523032730225492437778335259,321.0,45520535552,EQUITY,https://finance.yahoo.com/quote/CIEN/,ok,2026-09-06T01:04:42.994502+00:00,included_equity,"ERC-20 totalSupply (token units) divided by Yahoo Finance shares outstanding, times 100. No currentMultiplier adjustment."
CLOV,Clover Health Investments • Robinhood Token,0x62200915e7deab1ec7f79fb246dadbb80eacddd0,https://robinhoodchain.blockscout.com/token/0x62200915e7deab1ec7f79fb246dadbb80eacddd0,18,7254.649,ok,2026-09-06T00:50:38.426698+00:00,CLOV,531156263,0.0000136582198222145410342266829300288227986120912971330246745109,0.00136582198222145410342266829300288227986120912971330246745109,4.255,2260069888,EQUITY,https://finance.yahoo.com/quote/CLOV/,ok,2026-09-06T01:04:44.474598+00:00,included_equity,"ERC-20 totalSupply (token units) divided by Yahoo Finance shares outstanding, times 100. No currentMultiplier adjustment."
CLS,Celestica • Robinhood Token,0xbf449977089c718c004a66c554b26b94ef3ad4de,https://robinhoodchain.blockscout.com/token/0xbf449977089c718c004a66c554b26b94ef3ad4de,18,81.695,ok,2026-09-06T00:50:39.415725+00:00,CLS,126111117,0.000000647801731864764943759874872886900208805540910402054404133142,0.0000647801731864764943759874872886900208805540910402054404133142,312.35,39390810112,EQUITY,https://finance.yahoo.com/quote/CLS/,ok,2026-09-06T01:04:46.413085+00:00,included_equity,"ERC-20 totalSupply (token units) divided by Yahoo Finance shares outstanding, times 100. No currentMultiplier adjustment."
CLSK,CleanSpark • Robinhood Token,0xcbb95bbf36099d34da091dc6fa6f49efa257cee3,https://robinhoodchain.blockscout.com/token/0xcbb95bbf36099d34da091dc6fa6f49efa257cee3,18,2328.052,ok,2026-09-06T00:50:40.351749+00:00,CLSK,256817073,0.00000906502037736408591495784238612516232516986906084705669081432,0.000906502037736408591495784238612516232516986906084705669081432,12.69,3259008512,EQUITY,https://finance.yahoo.com/quote/CLSK/,ok,2026-09-06T01:04:47.874120+00:00,included_equity,"ERC-20 totalSupply (token units) divided by Yahoo Finance shares outstanding, times 100. No currentMultiplier adjustment."
COHR,Coherent • Robinhood Token,0x92f9f459f1a9a5ad266b182be7bffd1c6c666894,https://robinhoodchain.blockscout.com/token/0x92f9f459f1a9a5ad266b182be7bffd1c6c666894,18,90.338,ok,2026-09-06T00:50:41.290590+00:00,COHR,195832246,0.000000461302986843137161384545423637739414988887989366163936045548,0.0000461302986843137161384545423637739414988887989366163936045548,281.86,55197274112,EQUITY,https://finance.yahoo.com/quote/COHR/,ok,2026-09-06T01:04:49.322455+00:00,included_equity,"ERC-20 totalSupply (token units) divided by Yahoo Finance shares outstanding, times 100. No currentMultiplier adjustment."
COIN,Coinbase • Robinhood Token,0x6330d8c3178a418788df01a47479c0ce7ccf450b,https://robinhoodchain.blockscout.com/token/0x6330d8c3178a418788df01a47479c0ce7ccf450b,18,8512.158,ok,2026-09-06T00:50:42.236599+00:00,COIN,263836923,0.0000322629520660381564562136740807881541280709978565054747852711,0.00322629520660381564562136740807881541280709978565054747852711,184.64,48714850304,EQUITY,https://finance.yahoo.com/quote/COIN/,ok,2026-09-06T01:04:50.871823+00:00,included_equity,"ERC-20 totalSupply (token units) divided by Yahoo Finance shares outstanding, times 100. No currentMultiplier adjustment."
COST,Costco • Robinhood Token,0x4ea005168d7f09a7a0ba9d1def21a479950e44c2,https://robinhoodchain.blockscout.com/token/0x4ea005168d7f09a7a0ba9d1def21a479950e44c2,18,1829.86063189,ok,2026-09-06T00:50:43.176860+00:00,COST,443478804,0.00000412615127348904819360882014104105863873485146316034531382023,0.000412615127348904819360882014104105863873485146316034531382023,915.74,406111289344,EQUITY,https://finance.yahoo.com/quote/COST/,ok,2026-09-06T01:04:52.334333+00:00,included_equity,"ERC-20 totalSupply (token units) divided by Yahoo Finance shares outstanding, times 100. No currentMultiplier adjustment."
CRCL,Circle Internet Group • Robinhood Token,0xdf0992e440dd0be65bd8439b609d6d4366bf1cb5,https://robinhoodchain.blockscout.com/token/0xdf0992e440dd0be65bd8439b609d6d4366bf1cb5,18,21746.347,ok,2026-09-06T00:50:44.201987+00:00,CRCL,253875881,0.0000856573964976216074657363769030111214069996668962814943417173,0.00856573964976216074657363769030111214069996668962814943417173,102.05,27818229760,EQUITY,https://finance.yahoo.com/quote/CRCL/,ok,2026-09-06T01:04:53.871620+00:00,included_equity,"ERC-20 totalSupply (token units) divided by Yahoo Finance shares outstanding, times 100. No currentMultiplier adjustment."
CRDO,Credo Technology Group • Robinhood Token,0x4d67253bc223e6b0e104f1084c1fb2b669ddc41b,https://robinhoodchain.blockscout.com/token/0x4d67253bc223e6b0e104f1084c1fb2b669ddc41b,18,153.936,ok,2026-09-06T00:50:45.162142+00:00,CRDO,187951918,0.000000819017978842865546070139066098809377406832315486134065415603,0.0000819017978842865546070139066098809377406832315486134065415603,170.57,32058959872,EQUITY,https://finance.yahoo.com/quote/CRDO/,ok,2026-09-06T01:04:55.440104+00:00,included_equity,"ERC-20 totalSupply (token units) divided by Yahoo Finance shares outstanding, times 100. No currentMultiplier adjustment."
CRM,Salesforce • Robinhood Token,0xd95b44124e475743a7589e68f3d74008a5536d44,https://robinhoodchain.blockscout.com/token/0xd95b44124e475743a7589e68f3d74008a5536d44,18,246.888,ok,2026-09-06T00:50:46.111402+00:00,CRM,823000000,0.000000299985419198055893074119076549210206561360874848116646415553,0.0000299985419198055893074119076549210206561360874848116646415553,259.23,213346304000,EQUITY,https://finance.yahoo.com/quote/CRM/,ok,2026-09-06T01:04:56.897748+00:00,included_equity,"ERC-20 totalSupply (token units) divided by Yahoo Finance shares outstanding, times 100. No currentMultiplier adjustment."
CRWD,CrowdStrike Holdings • Robinhood Token,0xea72ecca2d0f6bfa1394dbbcff85b52cd4233931,https://robinhoodchain.blockscout.com/token/0xea72ecca2d0f6bfa1394dbbcff85b52cd4233931,18,52.86175,ok,2026-09-06T00:50:47.062286+00:00,CRWD,1023934842,0.0000000516260877467044919641478515094811081738734309033308586250843,0.00000516260877467044919641478515094811081738734309033308586250843,213.1,218200522752,EQUITY,https://finance.yahoo.com/quote/CRWD/,ok,2026-09-06T01:04:58.483302+00:00,included_equity,"ERC-20 totalSupply (token units) divided by Yahoo Finance shares outstanding, times 100. No currentMultiplier adjustment."
CRWV,CoreWeave • Robinhood Token,0x5f10a1c971b69e47e059e1dc91901b59b3fb49c3,https://robinhoodchain.blockscout.com/token/0x5f10a1c971b69e47e059e1dc91901b59b3fb49c3,18,7941.081,ok,2026-09-06T00:50:48.010500+00:00,CRWV,551536602,0.0000143981033556137403914309933685960519443458441584988406626184,0.00143981033556137403914309933685960519443458441584988406626184,89.36,49285308416,EQUITY,https://finance.yahoo.com/quote/CRWV/,ok,2026-09-06T01:04:59.937497+00:00,included_equity,"ERC-20 totalSupply (token units) divided by Yahoo Finance shares outstanding, times 100. No currentMultiplier adjustment."
CSCO,Cisco Systems • Robinhood Token,0xf543967eebb6f1917992ef0e68de63ab07a5a0da,https://robinhoodchain.blockscout.com/token/0xf543967eebb6f1917992ef0e68de63ab07a5a0da,18,573.153,ok,2026-09-06T00:50:50.065937+00:00,CSCO,3942586873,0.000000145374856271429583284162677218958010770001364025745844357961,0.0000145374856271429583284162677218958010770001364025745844357961,109.2,430530461696,EQUITY,https://finance.yahoo.com/quote/CSCO/,ok,2026-09-06T01:05:01.483114+00:00,included_equity,"ERC-20 totalSupply (token units) divided by Yahoo Finance shares outstanding, times 100. No currentMultiplier adjustment."
CTSH,Cognizant • Robinhood Token,0x63d5a3b6939a33f1e75d8bcd85759858239600db,https://robinhoodchain.blockscout.com/token/0x63d5a3b6939a33f1e75d8bcd85759858239600db,18,320.437,ok,2026-09-06T00:50:51.048955+00:00,CTSH,473000000,0.000000677456659619450317124735729386892177589852008456659619450317,0.0000677456659619450317124735729386892177589852008456659619450317,62.31,28067180544,EQUITY,https://finance.yahoo.com/quote/CTSH/,ok,2026-09-06T01:05:02.945870+00:00,included_equity,"ERC-20 totalSupply (token units) divided by Yahoo Finance shares outstanding, times 100. No currentMultiplier adjustment."
CVNA,Carvana • Robinhood Token,0xa4f319104089fe321dc8093c6e707d4fe190a988,https://robinhoodchain.blockscout.com/token/0xa4f319104089fe321dc8093c6e707d4fe190a988,18,2683.774,ok,2026-09-06T00:50:52.095657+00:00,CVNA,719916415,0.00000372789666144784321941040891531831511301211266310686914952481,0.000372789666144784321941040891531831511301211266310686914952481,74.59,82680307712,EQUITY,https://finance.yahoo.com/quote/CVNA/,ok,2026-09-06T01:05:04.555200+00:00,included_equity,"ERC-20 totalSupply (token units) divided by Yahoo Finance shares outstanding, times 100. No currentMultiplier adjustment."
DDOG,Datadog • Robinhood Token,0x27c99fbde9d0d2aa4f4bfb4943f237843ddf6958,https://robinhoodchain.blockscout.com/token/0x27c99fbde9d0d2aa4f4bfb4943f237843ddf6958,18,866.92,ok,2026-09-06T00:50:53.124158+00:00,DDOG,359075024,0.00000241431439687100041800735213485636361051945512088860850427737,0.000241431439687100041800735213485636361051945512088860850427737,212.93,76457836544,EQUITY,https://finance.yahoo.com/quote/DDOG/,ok,2026-09-06T01:05:06.208167+00:00,included_equity,"ERC-20 totalSupply (token units) divided by Yahoo Finance shares outstanding, times 100. No currentMultiplier adjustment."
DELL,Dell • Robinhood Token,0x941ae714ec6d8130c7b75d67160ca08f1e7d11dd,https://robinhoodchain.blockscout.com/token/0x941ae714ec6d8130c7b75d67160ca08f1e7d11dd,18,1006.83707577,ok,2026-09-06T00:50:54.050397+00:00,DELL,646142428,0.00000155822777167946631110254224011428019086838234990505839371997,0.000155822777167946631110254224011428019086838234990505839371997,524.14,338669076480,EQUITY,https://finance.yahoo.com/quote/DELL/,ok,2026-09-06T01:05:07.778825+00:00,included_equity,"ERC-20 totalSupply (token units) divided by Yahoo Finance shares outstanding, times 100. No currentMultiplier adjustment."
DJT,Trump Media & Technology Group • Robinhood Token,0x1d11f0496982706c5e14a514d4e79f2e6bde4516,https://robinhoodchain.blockscout.com/token/0x1d11f0496982706c5e14a514d4e79f2e6bde4516,18,321292.787,ok,2026-09-06T00:50:55.024560+00:00,DJT,277941274,0.00115597364283506882104886660338183525776024182719979904819750,0.115597364283506882104886660338183525776024182719979904819750,9.02,2507030528,EQUITY,https://finance.yahoo.com/quote/DJT/,ok,2026-09-06T01:05:09.250606+00:00,included_equity,"ERC-20 totalSupply (token units) divided by Yahoo Finance shares outstanding, times 100. No currentMultiplier adjustment."
DOCN,DigitalOcean • Robinhood Token,0xc02f12b9fe9e707079ec0d546f3050d3f6c1f8bd,https://robinhoodchain.blockscout.com/token/0xc02f12b9fe9e707079ec0d546f3050d3f6c1f8bd,18,225.792,ok,2026-09-06T00:50:56.072081+00:00,DOCN,116908096,0.00000193136324793109281328129747318782781305411046981724858473446,0.000193136324793109281328129747318782781305411046981724858473446,112.47,13224172544,EQUITY,https://finance.yahoo.com/quote/DOCN/,ok,2026-09-06T01:05:10.825429+00:00,included_equity,"ERC-20 totalSupply (token units) divided by Yahoo Finance shares outstanding, times 100. No currentMultiplier adjustment."
ELF,e.l.f. Beauty • Robinhood Token,0x39ec44bee4f6a116c6f9b8de566848a985c53c60,https://robinhoodchain.blockscout.com/token/0x39ec44bee4f6a116c6f9b8de566848a985c53c60,18,594.333,ok,2026-09-06T00:50:57.119741+00:00,ELF,59007996,0.0000100720756556450417329881868891124518107681542006612120838674,0.00100720756556450417329881868891124518107681542006612120838674,109.67,6471406592,EQUITY,https://finance.yahoo.com/quote/ELF/,ok,2026-09-06T01:05:12.537923+00:00,included_equity,"ERC-20 totalSupply (token units) divided by Yahoo Finance shares outstanding, times 100. No currentMultiplier adjustment."
EWT,iShares MSCI Taiwan Capped ETF • Robinhood Token,0x1c690498150252222c275a5ced69d3a6b1f52d5e,https://robinhoodchain.blockscout.com/token/0x1c690498150252222c275a5ced69d3a6b1f52d5e,18,292.677,ok,2026-09-06T00:50:58.065811+00:00,EWT,85000000,0.00000344325882352941176470588235294117647058823529411764705882353,0.000344325882352941176470588235294117647058823529411764705882353,112.18,,ETF,https://finance.yahoo.com/quote/EWT/,ok,2026-09-06T01:05:14.141252+00:00,excluded_yahoo_quote_type_not_equity,"ERC-20 totalSupply (token units) divided by Yahoo Finance shares outstanding, times 100. No currentMultiplier adjustment."
EWY,iShares MSCI South Korea fund • Robinhood Token,0x7f0abef0c07280f82c6a08ead09ded6bae2c13fc,https://robinhoodchain.blockscout.com/token/0x7f0abef0c07280f82c6a08ead09ded6bae2c13fc,18,3862.685,ok,2026-09-06T00:50:59.001595+00:00,EWY,75600000,0.0000510937169312169312169312169312169312169312169312169312169312,0.00510937169312169312169312169312169312169312169312169312169312,188.87,,ETF,https://finance.yahoo.com/quote/EWY/,ok,2026-09-06T01:05:15.644625+00:00,excluded_yahoo_quote_type_not_equity,"ERC-20 totalSupply (token units) divided by Yahoo Finance shares outstanding, times 100. No currentMultiplier adjustment."
F,Ford Motor • Robinhood Token,0x25c288e6d899b9bc30160965ad9644c67e73be0c,https://robinhoodchain.blockscout.com/token/0x25c288e6d899b9bc30160965ad9644c67e73be0c,18,18575.73874675,ok,2026-09-06T00:50:59.966700+00:00,F,3987595667,0.00000465838071308898330187698039747117620689299439947455434929381,0.000465838071308898330187698039747117620689299439947455434929381,14.62,58298650624,EQUITY,https://finance.yahoo.com/quote/F/,ok,2026-09-06T01:05:17.084800+00:00,included_equity,"ERC-20 totalSupply (token units) divided by Yahoo Finance shares outstanding, times 100. No currentMultiplier adjustment."
FICO,Fair Isaac • Robinhood Token,0xa48f22a46c0f1c46ca7d111cb6c137c271987180,https://robinhoodchain.blockscout.com/token/0xa48f22a46c0f1c46ca7d111cb6c137c271987180,18,33.027,ok,2026-09-06T00:51:01.005371+00:00,FICO,21597635,0.00000152919521049411197105609016913194430779110768378111770108162,0.000152919521049411197105609016913194430779110768378111770108162,932.26,20134612992,EQUITY,https://finance.yahoo.com/quote/FICO/,ok,2026-09-06T01:05:18.553456+00:00,included_equity,"ERC-20 totalSupply (token units) divided by Yahoo Finance shares outstanding, times 100. No currentMultiplier adjustment."
FIG,Figma • Robinhood Token,0x41f4267525a8aff329540ef24fd83d9044758b33,https://robinhoodchain.blockscout.com/token/0x41f4267525a8aff329540ef24fd83d9044758b33,18,21305.778,ok,2026-09-06T00:51:02.038291+00:00,FIG,533009867,0.0000399725770930240584082845880975032681712062940103133212729062,0.00399725770930240584082845880975032681712062940103133212729062,24.12,12856198144,EQUITY,https://finance.yahoo.com/quote/FIG/,ok,2026-09-06T01:05:20.234739+00:00,included_equity,"ERC-20 totalSupply (token units) divided by Yahoo Finance shares outstanding, times 100. No currentMultiplier adjustment."
FISV,Fiserv • Robinhood Token,0x9ece29a4a2397c0a35fb5fa8ee2b9509130a98cc,https://robinhoodchain.blockscout.com/token/0x9ece29a4a2397c0a35fb5fa8ee2b9509130a98cc,18,646.287,ok,2026-09-06T00:51:02.986121+00:00,FISV,531766721,0.00000121535811565011417854409132909992688316424374363960997100456,0.000121535811565011417854409132909992688316424374363960997100456,53.0,28183635968,EQUITY,https://finance.yahoo.com/quote/FISV/,ok,2026-09-06T01:05:21.691800+00:00,included_equity,"ERC-20 totalSupply (token units) divided by Yahoo Finance shares outstanding, times 100. No currentMultiplier adjustment."
FIX,Comfort Systems • Robinhood Token,0x93dbb1d2dc5d63f4abacff30485273f538df68ac,https://robinhoodchain.blockscout.com/token/0x93dbb1d2dc5d63f4abacff30485273f538df68ac,18,43.627,ok,2026-09-06T00:51:03.935628+00:00,FIX,35194329,0.00000123960311901386157980167770779207070548212469116828452674861,0.000123960311901386157980167770779207070548212469116828452674861,1610.34,56674832384,EQUITY,https://finance.yahoo.com/quote/FIX/,ok,2026-09-06T01:05:23.946791+00:00,included_equity,"ERC-20 totalSupply (token units) divided by Yahoo Finance shares outstanding, times 100. No currentMultiplier adjustment."
FLNC,Fluence Energy • Robinhood Token,0x282e87451e10fa6679bc7d76c69be44cd3fc777c,https://robinhoodchain.blockscout.com/token/0x282e87451e10fa6679bc7d76c69be44cd3fc777c,18,3074.314,ok,2026-09-06T00:51:04.888486+00:00,FLNC,143163588,0.0000214741334926587618075065288249132174586180391064241837805853,0.00214741334926587618075065288249132174586180391064241837805853,10.35,1924162176,EQUITY,https://finance.yahoo.com/quote/FLNC/,ok,2026-09-06T01:05:25.621503+00:00,included_equity,"ERC-20 totalSupply (token units) divided by Yahoo Finance shares outstanding, times 100. No currentMultiplier adjustment."
FLY,Firefly Aerospace Inc. • Robinhood Token,0x03bc731ffb162cdd7b98d3c6542bfc291126075d,https://robinhoodchain.blockscout.com/token/0x03bc731ffb162cdd7b98d3c6542bfc291126075d,18,3330.202,ok,2026-09-06T00:51:05.865005+00:00,FLY,167404645,0.0000198931278161367625133699247114678329266192105959783851875795,0.00198931278161367625133699247114678329266192105959783851875795,21.67,3627658496,EQUITY,https://finance.yahoo.com/quote/FLY/,ok,2026-09-06T01:05:27.187501+00:00,included_equity,"ERC-20 totalSupply (token units) divided by Yahoo Finance shares outstanding, times 100. No currentMultiplier adjustment."
FTNT,Fortinet • Robinhood Token,0x3fb8976980d486084b2eb4a404bd12e72823958f,https://robinhoodchain.blockscout.com/token/0x3fb8976980d486084b2eb4a404bd12e72823958f,18,267.022,ok,2026-09-06T00:51:06.804630+00:00,FTNT,733713653,0.000000363932167417361661116588217556311440207042187887431883457128,0.0000363932167417361661116588217556311440207042187887431883457128,156.29,114672107520,EQUITY,https://finance.yahoo.com/quote/FTNT/,ok,2026-09-06T01:05:29.005020+00:00,included_equity,"ERC-20 totalSupply (token units) divided by Yahoo Finance shares outstanding, times 100. No currentMultiplier adjustment."
FUTU,Futu Holdings • Robinhood Token,0xeb30663bdff0622ef4e4e5cbb4e975f19f33f51d,https://robinhoodchain.blockscout.com/token/0xeb30663bdff0622ef4e4e5cbb4e975f19f33f51d,18,497.94,ok,2026-09-06T00:51:07.826261+00:00,FUTU,140194488,0.00000355178015272611859034001393835112832681410413225375879257107,0.000355178015272611859034001393835112832681410413225375879257107,121.75,17068680192,EQUITY,https://finance.yahoo.com/quote/FUTU/,ok,2026-09-06T01:05:30.668208+00:00,included_equity,"ERC-20 totalSupply (token units) divided by Yahoo Finance shares outstanding, times 100. No currentMultiplier adjustment."
GE,General Electric • Robinhood Token,0x63b814ddbd6bf339f25fed8c36158a008d5b373e,https://robinhoodchain.blockscout.com/token/0x63b814ddbd6bf339f25fed8c36158a008d5b373e,18,344.685,ok,2026-09-06T00:51:08.850653+00:00,GE,1037562513,0.000000332206489422387217646133288934659110992765792030884600781640,0.0000332206489422387217646133288934659110992765792030884600781640,337.12,349783064576,EQUITY,https://finance.yahoo.com/quote/GE/,ok,2026-09-06T01:05:32.186838+00:00,included_equity,"ERC-20 totalSupply (token units) divided by Yahoo Finance shares outstanding, times 100. No currentMultiplier adjustment."
GEV,GE Vernova • Robinhood Token,0x94b8aae43a1ccc08aa64b7d1f29b4d920af4a0c9,https://robinhoodchain.blockscout.com/token/0x94b8aae43a1ccc08aa64b7d1f29b4d920af4a0c9,18,29.61,ok,2026-09-06T00:51:09.792151+00:00,GEV,266333581,0.000000111176367203953901704944972748291924930037267812653335667799,0.0000111176367203953901704944972748291924930037267812653335667799,941.95,250872922112,EQUITY,https://finance.yahoo.com/quote/GEV/,ok,2026-09-06T01:05:33.725181+00:00,included_equity,"ERC-20 totalSupply (token units) divided by Yahoo Finance shares outstanding, times 100. No currentMultiplier adjustment."
GLD,SPDR Gold Trust • Robinhood Token,0xc9a981fee1f9dec688bb123ccdecc63d0debfc4e,https://robinhoodchain.blockscout.com/token/0xc9a981fee1f9dec688bb123ccdecc63d0debfc4e,18,15546.214,ok,2026-09-06T00:51:10.750993+00:00,GLD,260300000,0.0000597242182097579715712639262389550518632347291586630810603150,0.00597242182097579715712639262389550518632347291586630810603150,406.77,,ETF,https://finance.yahoo.com/quote/GLD/,ok,2026-09-06T01:05:35.191727+00:00,excluded_yahoo_quote_type_not_equity,"ERC-20 totalSupply (token units) divided by Yahoo Finance shares outstanding, times 100. No currentMultiplier adjustment."
GLW,Corning • Robinhood Token,0x7c04e6a3368f2a1de3874f0e80d2e0a1a9915da6,https://robinhoodchain.blockscout.com/token/0x7c04e6a3368f2a1de3874f0e80d2e0a1a9915da6,18,191.825,ok,2026-09-06T00:51:11.687837+00:00,GLW,859637825,0.000000223146300013031650858313499641549625855516536862486245297547,0.0000223146300013031650858313499641549625855516536862486245297547,154.3,132912226304,EQUITY,https://finance.yahoo.com/quote/GLW/,ok,2026-09-06T01:05:36.771328+00:00,included_equity,"ERC-20 totalSupply (token units) divided by Yahoo Finance shares outstanding, times 100. No currentMultiplier adjustment."
GLXY,Galaxy Digital Inc. • Robinhood Token,0x2d427692e928fa156ec22acfabafa0447c5805b7,https://robinhoodchain.blockscout.com/token/0x2d427692e928fa156ec22acfabafa0447c5805b7,18,6394.795,ok,2026-09-06T00:51:12.632948+00:00,GLXY,194292392,0.0000329132547814841869876201843250764034033818472933309709831561,0.00329132547814841869876201843250764034033818472933309709831561,26.33,15516198912,EQUITY,https://finance.yahoo.com/quote/GLXY/,ok,2026-09-06T01:05:38.222792+00:00,included_equity,"ERC-20 totalSupply (token units) divided by Yahoo Finance shares outstanding, times 100. No currentMultiplier adjustment."
GME,GameStop • Robinhood Token,0x1b0e319c6a659f002271b69db8a7df2f911c153e,https://robinhoodchain.blockscout.com/token/0x1b0e319c6a659f002271b69db8a7df2f911c153e,18,203814.266,ok,2026-09-06T00:51:13.592635+00:00,GME,448691257,0.000454241670236066133109431191791642153615665392829350361065761,0.0454241670236066133109431191791642153615665392829350361065761,19.16,8596924416,EQUITY,https://finance.yahoo.com/quote/GME/,ok,2026-09-06T01:05:39.767757+00:00,included_equity,"ERC-20 totalSupply (token units) divided by Yahoo Finance shares outstanding, times 100. No currentMultiplier adjustment."
GOOGL,Alphabet Class A • Robinhood Token,0x2e0847e8910a9732eb3fb1bb4b70a580adad4fe3,https://robinhoodchain.blockscout.com/token/0x2e0847e8910a9732eb3fb1bb4b70a580adad4fe3,18,8276.724,ok,2026-09-06T00:51:14.611605+00:00,GOOGL,12229934831,0.000000676759452472343268204288275164562894472548641171087201846431,0.0000676759452472343268204288275164562894472548641171087201846431,338.46,4139343675392,EQUITY,https://finance.yahoo.com/quote/GOOGL/,ok,2026-09-06T01:05:41.370186+00:00,included_equity,"ERC-20 totalSupply (token units) divided by Yahoo Finance shares outstanding, times 100. No currentMultiplier adjustment."
HII,Huntington Ingalls • Robinhood Token,0xeb61c0ed490a367d4e3631ccf8a74b3bfc7e775d,https://robinhoodchain.blockscout.com/token/0xeb61c0ed490a367d4e3631ccf8a74b3bfc7e775d,18,176.564,ok,2026-09-06T00:51:15.573691+00:00,HII,39404598,0.00000448079688568323930115972760336242993774482866187341893451115,0.000448079688568323930115972760336242993774482866187341893451115,285.93,11266957312,EQUITY,https://finance.yahoo.com/quote/HII/,ok,2026-09-06T01:05:43.249019+00:00,included_equity,"ERC-20 totalSupply (token units) divided by Yahoo Finance shares outstanding, times 100. No currentMultiplier adjustment."
HIMS,Hims & Hers Health • Robinhood Token,0xccee82fe024c36fa15e1005ede3e9e4787e23d09,https://robinhoodchain.blockscout.com/token/0xccee82fe024c36fa15e1005ede3e9e4787e23d09,18,130876.339,ok,2026-09-06T00:51:16.513573+00:00,HIMS,233313413,0.000560946485318441593411519808336094247611902192695625261801815,0.0560946485318441593411519808336094247611902192695625261801815,27.71,6465114112,EQUITY,https://finance.yahoo.com/quote/HIMS/,ok,2026-09-06T01:05:44.774632+00:00,included_equity,"ERC-20 totalSupply (token units) divided by Yahoo Finance shares outstanding, times 100. No currentMultiplier adjustment."
HPE,HP Enterprise • Robinhood Token,0x59dd09d4900c2e4b5f75b7c0d4e6796fcc234cb1,https://robinhoodchain.blockscout.com/token/0x59dd09d4900c2e4b5f75b7c0d4e6796fcc234cb1,18,2543.99,ok,2026-09-06T00:51:17.466967+00:00,HPE,1327464779,0.00000191642749415651351153475688562882767076413708751213503947889,0.000191642749415651351153475688562882767076413708751213503947889,52.0,69028167680,EQUITY,https://finance.yahoo.com/quote/HPE/,ok,2026-09-06T01:05:46.379751+00:00,included_equity,"ERC-20 totalSupply (token units) divided by Yahoo Finance shares outstanding, times 100. No currentMultiplier adjustment."
HWM,Howmet Aerospace • Robinhood Token,0xaea445c5f3db1a462998ccc422a875a361ee5d99,https://robinhoodchain.blockscout.com/token/0xaea445c5f3db1a462998ccc422a875a361ee5d99,18,150.963,ok,2026-09-06T00:51:18.413755+00:00,HWM,398801399,0.000000378541801454412651145188184257096851357835883619856609379648,0.0000378541801454412651145188184257096851357835883619856609379648,259.27,103397236736,EQUITY,https://finance.yahoo.com/quote/HWM/,ok,2026-09-06T01:05:47.913286+00:00,included_equity,"ERC-20 totalSupply (token units) divided by Yahoo Finance shares outstanding, times 100. No currentMultiplier adjustment."
IBM,IBM • Robinhood Token,0x980dcf6766fa79f5cf0c4aadb3ab477ff15a9619,https://robinhoodchain.blockscout.com/token/0x980dcf6766fa79f5cf0c4aadb3ab477ff15a9619,18,2167.863,ok,2026-09-06T00:51:19.359340+00:00,IBM,942134390,0.00000230101249143447571211151733883740301635735852928582725867803,0.000230101249143447571211151733883740301635735852928582725867803,234.89,221297950720,EQUITY,https://finance.yahoo.com/quote/IBM/,ok,2026-09-06T01:05:49.501070+00:00,included_equity,"ERC-20 totalSupply (token units) divided by Yahoo Finance shares outstanding, times 100. No currentMultiplier adjustment."
IBRX,"ImmunityBio, • Robinhood Token",0x7c148f74ac7445d1f28366b7fcdc6792a9fcd0cf,https://robinhoodchain.blockscout.com/token/0x7c148f74ac7445d1f28366b7fcdc6792a9fcd0cf,18,4756.796,ok,2026-09-06T00:51:20.383125+00:00,IBRX,1059836273,0.00000448823664671835590212904517186684362519454927166849289371322,0.000448823664671835590212904517186684362519454927166849289371322,8.08,8563476992,EQUITY,https://finance.yahoo.com/quote/IBRX/,ok,2026-09-06T01:05:51.086846+00:00,included_equity,"ERC-20 totalSupply (token units) divided by Yahoo Finance shares outstanding, times 100. No currentMultiplier adjustment."
INDA,iShares MSCI India ETF • Robinhood Token,0xacef2e09adb47ad6abebad9ff06689e60615c2b6,https://robinhoodchain.blockscout.com/token/0xacef2e09adb47ad6abebad9ff06689e60615c2b6,18,8138.582,ok,2026-09-06T00:51:21.335229+00:00,INDA,,,,49.91,,ETF,https://finance.yahoo.com/quote/INDA/,ok,2026-09-06T01:05:52.638627+00:00,excluded_yahoo_quote_type_not_equity,"ERC-20 totalSupply (token units) divided by Yahoo Finance shares outstanding, times 100. No currentMultiplier adjustment."
INFQ,Infleqtion • Robinhood Token,0xb853bc83a753342a4f8320ea680b4b1e84118d21,https://robinhoodchain.blockscout.com/token/0xb853bc83a753342a4f8320ea680b4b1e84118d21,18,3632.038,ok,2026-09-06T00:51:22.291407+00:00,INFQ,225357052,0.0000161168153726114592588830989855156607213693938452833506182003,0.00161168153726114592588830989855156607213693938452833506182003,12.85,2895838208,EQUITY,https://finance.yahoo.com/quote/INFQ/,ok,2026-09-06T01:05:54.162870+00:00,included_equity,"ERC-20 totalSupply (token units) divided by Yahoo Finance shares outstanding, times 100. No currentMultiplier adjustment."
INOD,Innodata • Robinhood Token,0xf1953dab6fad537488d5a022361ffaa8b4c95ec6,https://robinhoodchain.blockscout.com/token/0xf1953dab6fad537488d5a022361ffaa8b4c95ec6,18,567.087,ok,2026-09-06T00:51:23.237599+00:00,INOD,34382651,0.0000164934053514372699184830163328592667272805694941905439461314,0.00164934053514372699184830163328592667272805694941905439461314,55.66,1913738368,EQUITY,https://finance.yahoo.com/quote/INOD/,ok,2026-09-06T01:05:56.262901+00:00,included_equity,"ERC-20 totalSupply (token units) divided by Yahoo Finance shares outstanding, times 100. No currentMultiplier adjustment."
INTC,Intel • Robinhood Token,0xc72b96e0e48ecd4dc75e1e45396e26300bc39681,https://robinhoodchain.blockscout.com/token/0xc72b96e0e48ecd4dc75e1e45396e26300bc39681,18,15127.105,ok,2026-09-06T00:51:24.187470+00:00,INTC,5286105262,0.00000286167305610495048821447400076385387726318038651270429430961,0.000286167305610495048821447400076385387726318038651270429430961,95.8,506408894464,EQUITY,https://finance.yahoo.com/quote/INTC/,ok,2026-09-06T01:05:57.835607+00:00,included_equity,"ERC-20 totalSupply (token units) divided by Yahoo Finance shares outstanding, times 100. No currentMultiplier adjustment."
INTU,Intuit • Robinhood Token,0x56d23bee5f41a7120170b0c603dae30128e460e9,https://robinhoodchain.blockscout.com/token/0x56d23bee5f41a7120170b0c603dae30128e460e9,18,133.687,ok,2026-09-06T00:51:25.136565+00:00,INTU,273537000,0.000000488734613598891557632057089168924130921959369299217290531080,0.0000488734613598891557632057089168924130921959369299217290531080,332.7,91005763584,EQUITY,https://finance.yahoo.com/quote/INTU/,ok,2026-09-06T01:05:59.285154+00:00,included_equity,"ERC-20 totalSupply (token units) divided by Yahoo Finance shares outstanding, times 100. No currentMultiplier adjustment."
IONQ,IonQ • Robinhood Token,0x558378e000d634a36593e338ebacdd6207640efe,https://robinhoodchain.blockscout.com/token/0x558378e000d634a36593e338ebacdd6207640efe,18,865.194,ok,2026-09-06T00:51:26.163766+00:00,IONQ,405135656,0.00000213556616700259036197988952125211116940050322304882491014318,0.000213556616700259036197988952125211116940050322304882491014318,39.52,16010960896,EQUITY,https://finance.yahoo.com/quote/IONQ/,ok,2026-09-06T01:06:00.773424+00:00,included_equity,"ERC-20 totalSupply (token units) divided by Yahoo Finance shares outstanding, times 100. No currentMultiplier adjustment."
IREN,IREN Limited • Robinhood Token,0xf0ab0c93be6f41369d302e55db1a96b3c430212d,https://robinhoodchain.blockscout.com/token/0xf0ab0c93be6f41369d302e55db1a96b3c430212d,18,823.479,ok,2026-09-06T00:51:27.183200+00:00,IREN,357378674,0.00000230421975319098083619841289130755463041423674877701292271290,0.000230421975319098083619841289130755463041423674877701292271290,44.68,17606541312,EQUITY,https://finance.yahoo.com/quote/IREN/,ok,2026-09-06T01:06:02.312243+00:00,included_equity,"ERC-20 totalSupply (token units) divided by Yahoo Finance shares outstanding, times 100. No currentMultiplier adjustment."
JBL,Jabil Inc. • Robinhood Token,0xeaf2512dfc1beac608f8794b3793cd4e02894aa6,https://robinhoodchain.blockscout.com/token/0xeaf2512dfc1beac608f8794b3793cd4e02894aa6,18,80.611,ok,2026-09-06T00:51:28.119610+00:00,JBL,104787089,0.000000769283704407515318991254733681932895377979247042543571374523,0.0000769283704407515318991254733681932895377979247042543571374523,310.57,32543727616,EQUITY,https://finance.yahoo.com/quote/JBL/,ok,2026-09-06T01:06:03.920181+00:00,included_equity,"ERC-20 totalSupply (token units) divided by Yahoo Finance shares outstanding, times 100. No currentMultiplier adjustment."
JNJ,Johnson & Johnson • Robinhood Token,0x03dfbbe0ac4e7bcdafd08ed41a400326b77d8c80,https://robinhoodchain.blockscout.com/token/0x03dfbbe0ac4e7bcdafd08ed41a400326b77d8c80,18,1842.829,ok,2026-09-06T00:51:29.102398+00:00,JNJ,2409898597,0.000000764691511208842784350564937898920234111410622145774874692788,0.0000764691511208842784350564937898920234111410622145774874692788,275.23,663276421120,EQUITY,https://finance.yahoo.com/quote/JNJ/,ok,2026-09-06T01:06:05.453278+00:00,included_equity,"ERC-20 totalSupply (token units) divided by Yahoo Finance shares outstanding, times 100. No currentMultiplier adjustment."
JOBY,Joby Aviation • Robinhood Token,0xb334c5ce741b80b5b671f47f5c269cb193fe8e24,https://robinhoodchain.blockscout.com/token/0xb334c5ce741b80b5b671f47f5c269cb193fe8e24,18,6270.875,ok,2026-09-06T00:51:30.045795+00:00,JOBY,989124237,0.00000633982543893523053970014082265380784517162731298030057269742,0.000633982543893523053970014082265380784517162731298030057269742,6.74,6666697216,EQUITY,https://finance.yahoo.com/quote/JOBY/,ok,2026-09-06T01:06:07.090268+00:00,included_equity,"ERC-20 totalSupply (token units) divided by Yahoo Finance shares outstanding, times 100. No currentMultiplier adjustment."
KLAC,KLA • Robinhood Token,0x96b933c74ecb4a0926b9210cef7b743ef46be2e9,https://robinhoodchain.blockscout.com/token/0x96b933c74ecb4a0926b9210cef7b743ef46be2e9,18,149.347,ok,2026-09-06T00:51:30.990204+00:00,KLAC,1306546783,0.000000114306660843081345675778989691178934233386727492328914180182,0.0000114306660843081345675778989691178934233386727492328914180182,185.6,242495094784,EQUITY,https://finance.yahoo.com/quote/KLAC/,ok,2026-09-06T01:06:08.968667+00:00,included_equity,"ERC-20 totalSupply (token units) divided by Yahoo Finance shares outstanding, times 100. No currentMultiplier adjustment."
KSS,Kohls Corporation • Robinhood Token,0x12e3c047bf9aecaf9ddc98c05c31bfd1dd043993,https://robinhoodchain.blockscout.com/token/0x12e3c047bf9aecaf9ddc98c05c31bfd1dd043993,18,2777.148,ok,2026-09-06T00:51:31.937089+00:00,KSS,113376445,0.0000244949292597770198210042659213737033296466475024860763626872,0.00244949292597770198210042659213737033296466475024860763626872,19.44,2204038144,EQUITY,https://finance.yahoo.com/quote/KSS/,ok,2026-09-06T01:06:10.461440+00:00,included_equity,"ERC-20 totalSupply (token units) divided by Yahoo Finance shares outstanding, times 100. No currentMultiplier adjustment."
KTOS,Kratos Defense & Security Solutions • Robinhood Token,0x7fd06a4d81ccfa3f351394e144d5191874c31313,https://robinhoodchain.blockscout.com/token/0x7fd06a4d81ccfa3f351394e144d5191874c31313,18,611.775,ok,2026-09-06T00:51:32.978449+00:00,KTOS,187519984,0.00000326245228348568971720902023967749485302857107752312948149569,0.000326245228348568971720902023967749485302857107752312948149569,47.82,8976833536,EQUITY,https://finance.yahoo.com/quote/KTOS/,ok,2026-09-06T01:06:11.992611+00:00,included_equity,"ERC-20 totalSupply (token units) divided by Yahoo Finance shares outstanding, times 100. No currentMultiplier adjustment."
LHX,L3Harris • Robinhood Token,0x48d60243c66437c6ac3c2495be94747aed5dfe25,https://robinhoodchain.blockscout.com/token/0x48d60243c66437c6ac3c2495be94747aed5dfe25,18,124.075,ok,2026-09-06T00:51:34.000283+00:00,LHX,186214616,0.000000666301081328653600424147157170519847915697444501348916671503,0.0000666301081328653600424147157170519847915697444501348916671503,256.45,47754743808,EQUITY,https://finance.yahoo.com/quote/LHX/,ok,2026-09-06T01:06:13.579463+00:00,included_equity,"ERC-20 totalSupply (token units) divided by Yahoo Finance shares outstanding, times 100. No currentMultiplier adjustment."
LITE,Lumentum • Robinhood Token,0x8ef20885f94e3d9bc7eb3080279188bd5ed7c08c,https://robinhoodchain.blockscout.com/token/0x8ef20885f94e3d9bc7eb3080279188bd5ed7c08c,18,209.151,ok,2026-09-06T00:51:34.961361+00:00,LITE,89700000,0.00000233167224080267558528428093645484949832775919732441471571906,0.000233167224080267558528428093645484949832775919732441471571906,881.255,79048572928,EQUITY,https://finance.yahoo.com/quote/LITE/,ok,2026-09-06T01:06:15.667221+00:00,included_equity,"ERC-20 totalSupply (token units) divided by Yahoo Finance shares outstanding, times 100. No currentMultiplier adjustment."
LLY,Eli Lilly • Robinhood Token,0x8005d266423c7ea827372c9c864491e5786600ea,https://robinhoodchain.blockscout.com/token/0x8005d266423c7ea827372c9c864491e5786600ea,18,3375.941,ok,2026-09-06T00:51:35.916555+00:00,LLY,891741406,0.00000378578473230612776996025235593916113389490854257809354206437,0.000378578473230612776996025235593916113389490854257809354206437,1149.36,1024931856384,EQUITY,https://finance.yahoo.com/quote/LLY/,ok,2026-09-06T01:06:17.241612+00:00,included_equity,"ERC-20 totalSupply (token units) divided by Yahoo Finance shares outstanding, times 100. No currentMultiplier adjustment."
LMT,Lockheed • Robinhood Token,0x329fcaceb9ad6f9580dd5f643fed0646900d043c,https://robinhoodchain.blockscout.com/token/0x329fcaceb9ad6f9580dd5f643fed0646900d043c,18,195.141,ok,2026-09-06T00:51:36.859747+00:00,LMT,230790753,0.000000845532143135734731971692124077432166443860946196574868838008,0.0000845532143135734731971692124077432166443860946196574868838008,525.28,121229770752,EQUITY,https://finance.yahoo.com/quote/LMT/,ok,2026-09-06T01:06:18.700755+00:00,included_equity,"ERC-20 totalSupply (token units) divided by Yahoo Finance shares outstanding, times 100. No currentMultiplier adjustment."
LRCX,Lam Research Corp • Robinhood Token,0x57b0030166db0c31690d1a5aa167e2e26e2c29a4,https://robinhoodchain.blockscout.com/token/0x57b0030166db0c31690d1a5aa167e2e26e2c29a4,18,95.317,ok,2026-09-06T00:51:37.790612+00:00,LRCX,1251321000,0.0000000761731002676371610482042577404199242240799922641752196278972,0.00000761731002676371610482042577404199242240799922641752196278972,307.65,384968884224,EQUITY,https://finance.yahoo.com/quote/LRCX/,ok,2026-09-06T01:06:20.282158+00:00,included_equity,"ERC-20 totalSupply (token units) divided by Yahoo Finance shares outstanding, times 100. No currentMultiplier adjustment."
LULU,Lululemon • Robinhood Token,0x4e62068525ab11fe768e29dfd00ef909b9803016,https://robinhoodchain.blockscout.com/token/0x4e62068525ab11fe768e29dfd00ef909b9803016,18,12733.615,ok,2026-09-06T00:51:38.748069+00:00,LULU,110710025,0.000115017723101408386458227247261483320954899974053840201011607,0.0115017723101408386458227247261483320954899974053840201011607,100.61,11138535424,EQUITY,https://finance.yahoo.com/quote/LULU/,ok,2026-09-06T01:06:21.725731+00:00,included_equity,"ERC-20 totalSupply (token units) divided by Yahoo Finance shares outstanding, times 100. No currentMultiplier adjustment."
LUNR,Intuitive Machines • Robinhood Token,0xa5d4968421ba94814be3b136b15cf422101ac1a3,https://robinhoodchain.blockscout.com/token/0xa5d4968421ba94814be3b136b15cf422101ac1a3,18,3026.647,ok,2026-09-06T00:51:39.762425+00:00,LUNR,160452309,0.0000188632187275036347404635978158469505103849892244305440316225,0.00188632187275036347404635978158469505103849892244305440316225,14.81,2376298752,EQUITY,https://finance.yahoo.com/quote/LUNR/,ok,2026-09-06T01:06:23.286146+00:00,included_equity,"ERC-20 totalSupply (token units) divided by Yahoo Finance shares outstanding, times 100. No currentMultiplier adjustment."
MDB,MongoDB • Robinhood Token,0xddf2266b79abf0b48898959b0ed6e6adf512be74,https://robinhoodchain.blockscout.com/token/0xddf2266b79abf0b48898959b0ed6e6adf512be74,18,137.804,ok,2026-09-06T00:51:40.705041+00:00,MDB,80556341,0.00000171065366536446832906673355484207009849168794794192551521177,0.000171065366536446832906673355484207009849168794794192551521177,368.74,29658468352,EQUITY,https://finance.yahoo.com/quote/MDB/,ok,2026-09-06T01:06:24.856016+00:00,included_equity,"ERC-20 totalSupply (token units) divided by Yahoo Finance shares outstanding, times 100. No currentMultiplier adjustment."
META,Meta Platforms • Robinhood Token,0xc0d6457c16cc70d6790dd43521c899c87ce02f35,https://robinhoodchain.blockscout.com/token/0xc0d6457c16cc70d6790dd43521c899c87ce02f35,18,2856.917,ok,2026-09-06T00:51:41.685348+00:00,META,2547506225,0.00000112145633716753724517395438356583407367336266273500470052826,0.000112145633716753724517395438356583407367336266273500470052826,616.77,1571225468928,EQUITY,https://finance.yahoo.com/quote/META/,ok,2026-09-06T01:06:26.449002+00:00,included_equity,"ERC-20 totalSupply (token units) divided by Yahoo Finance shares outstanding, times 100. No currentMultiplier adjustment."
MOD,Modine • Robinhood Token,0xc6cbad1016b38b797610c25e1dc7d95988b1f362,https://robinhoodchain.blockscout.com/token/0xc6cbad1016b38b797610c25e1dc7d95988b1f362,18,119.474,ok,2026-09-06T00:51:42.732446+00:00,MOD,53112708,0.00000224944282637594001043968611052556386317187969402727497908787,0.000224944282637594001043968611052556386317187969402727497908787,194.66,10338919424,EQUITY,https://finance.yahoo.com/quote/MOD/,ok,2026-09-06T01:06:28.034918+00:00,included_equity,"ERC-20 totalSupply (token units) divided by Yahoo Finance shares outstanding, times 100. No currentMultiplier adjustment."
MPWR,Monolithic Power Systems • Robinhood Token,0x52d50d0280ad1054b43f052bd70a49a212a1b128,https://robinhoodchain.blockscout.com/token/0x52d50d0280ad1054b43f052bd70a49a212a1b128,18,17.89,ok,2026-09-06T00:51:43.687152+00:00,MPWR,49143000,0.000000364039639419652849846366725678123028712125836843497547972244,0.0000364039639419652849846366725678123028712125836843497547972244,1223.86,60144152576,EQUITY,https://finance.yahoo.com/quote/MPWR/,ok,2026-09-06T01:06:30.277253+00:00,included_equity,"ERC-20 totalSupply (token units) divided by Yahoo Finance shares outstanding, times 100. No currentMultiplier adjustment."
MRNA,Moderna • Robinhood Token,0x43b07d15ce533bec5476d70c22a78a1b2b662155,https://robinhoodchain.blockscout.com/token/0x43b07d15ce533bec5476d70c22a78a1b2b662155,18,5558.534,ok,2026-09-06T00:51:44.632130+00:00,MRNA,399235889,0.0000139229316630900384809843585980818472960480764794169093350222,0.00139229316630900384809843585980818472960480764794169093350222,145.55,58108788736,EQUITY,https://finance.yahoo.com/quote/MRNA/,ok,2026-09-06T01:06:31.888583+00:00,included_equity,"ERC-20 totalSupply (token units) divided by Yahoo Finance shares outstanding, times 100. No currentMultiplier adjustment."
MRVL,Marvell Technology • Robinhood Token,0x62fd0668e10d8b72339be2dcf7643001688ff13b,https://robinhoodchain.blockscout.com/token/0x62fd0668e10d8b72339be2dcf7643001688ff13b,18,2013.84181,ok,2026-09-06T00:51:45.587368+00:00,MRVL,898704613,0.00000224082727613639165775596169105231910053631826634453917062513,0.000224082727613639165775596169105231910053631826634453917062513,223.55,200905424896,EQUITY,https://finance.yahoo.com/quote/MRVL/,ok,2026-09-06T01:06:33.421949+00:00,included_equity,"ERC-20 totalSupply (token units) divided by Yahoo Finance shares outstanding, times 100. No currentMultiplier adjustment."
MSFT,Microsoft • Robinhood Token,0xe93237c50d904957cf27e7b1133b510c669c2e74,https://robinhoodchain.blockscout.com/token/0xe93237c50d904957cf27e7b1133b510c669c2e74,18,4835.405,ok,2026-09-06T00:51:46.636354+00:00,MSFT,7425545491,0.000000651185156142490326842979137571349099960688665855754030825316,0.0000651185156142490326842979137571349099960688665855754030825316,499.7,3710545297408,EQUITY,https://finance.yahoo.com/quote/MSFT/,ok,2026-09-06T01:06:35.336511+00:00,included_equity,"ERC-20 totalSupply (token units) divided by Yahoo Finance shares outstanding, times 100. No currentMultiplier adjustment."
MSTR,Strategy Inc. • Robinhood Token,0xec262a75e413fafd0df80480274532c79d42da09,https://robinhoodchain.blockscout.com/token/0xec262a75e413fafd0df80480274532c79d42da09,18,16082.7761,ok,2026-09-06T00:51:47.676135+00:00,MSTR,397281660,0.0000404820501907890739280539655417267436911132519935604377005473,0.00404820501907890739280539655417267436911132519935604377005473,142.8,56731824128,EQUITY,https://finance.yahoo.com/quote/MSTR/,ok,2026-09-06T01:06:36.843369+00:00,included_equity,"ERC-20 totalSupply (token units) divided by Yahoo Finance shares outstanding, times 100. No currentMultiplier adjustment."
MTSI,MACOM • Robinhood Token,0xc93f4d80e268ab922e871bd169156c3cc41894e6,https://robinhoodchain.blockscout.com/token/0xc93f4d80e268ab922e871bd169156c3cc41894e6,18,78.618,ok,2026-09-06T00:51:48.698905+00:00,MTSI,76370931,0.00000102942309293047638767163909524685511559365434474014726886071,0.000102942309293047638767163909524685511559365434474014726886071,268.95,20539961344,EQUITY,https://finance.yahoo.com/quote/MTSI/,ok,2026-09-06T01:06:38.423421+00:00,included_equity,"ERC-20 totalSupply (token units) divided by Yahoo Finance shares outstanding, times 100. No currentMultiplier adjustment."
MU,Micron Technology • Robinhood Token,0xff080c8ce2e5feadaca0da81314ae59d232d4afd,https://robinhoodchain.blockscout.com/token/0xff080c8ce2e5feadaca0da81314ae59d232d4afd,18,4223.30363887,ok,2026-09-06T00:51:49.824737+00:00,MU,1129393151,0.00000373944505961502860220550425491291119048055923618754086104778,0.000373944505961502860220550425491291119048055923618754086104778,1016.59,1148129771520,EQUITY,https://finance.yahoo.com/quote/MU/,ok,2026-09-06T01:06:39.995176+00:00,included_equity,"ERC-20 totalSupply (token units) divided by Yahoo Finance shares outstanding, times 100. No currentMultiplier adjustment."
MXL,MaxLinear • Robinhood Token,0x48961813349333209994750ffa89b3c5c22ec969,https://robinhoodchain.blockscout.com/token/0x48961813349333209994750ffa89b3c5c22ec969,18,503.039,ok,2026-09-06T00:51:50.824586+00:00,MXL,90693191,0.00000554660161863750058149348830387939487099974241726702504050166,0.000554660161863750058149348830387939487099974241726702504050166,62.74,5690091008,EQUITY,https://finance.yahoo.com/quote/MXL/,ok,2026-09-06T01:06:41.699207+00:00,included_equity,"ERC-20 totalSupply (token units) divided by Yahoo Finance shares outstanding, times 100. No currentMultiplier adjustment."
NAVN,Navan • Robinhood Token,0xf7181b63fdb858558a74ba96bc42732684cd7965,https://robinhoodchain.blockscout.com/token/0xf7181b63fdb858558a74ba96bc42732684cd7965,18,713.979,ok,2026-09-06T00:51:51.858170+00:00,NAVN,254331262,0.00000280727974369112358668672040796935140439007454773688025815717,0.000280727974369112358668672040796935140439007454773688025815717,27.78,7065322496,EQUITY,https://finance.yahoo.com/quote/NAVN/,ok,2026-09-06T01:06:43.198990+00:00,included_equity,"ERC-20 totalSupply (token units) divided by Yahoo Finance shares outstanding, times 100. No currentMultiplier adjustment."
NBIS,Nebius Group • Robinhood Token,0x9d9c6684f596f66a64c030b93a886d51fd4d7931,https://robinhoodchain.blockscout.com/token/0x9d9c6684f596f66a64c030b93a886d51fd4d7931,18,471.798,ok,2026-09-06T00:51:52.897011+00:00,NBIS,271855218,0.00000173547524108954200761377329899181850539282273404809173094481,0.000173547524108954200761377329899181850539282273404809173094481,226.39,61545304064,EQUITY,https://finance.yahoo.com/quote/NBIS/,ok,2026-09-06T01:06:44.718389+00:00,included_equity,"ERC-20 totalSupply (token units) divided by Yahoo Finance shares outstanding, times 100. No currentMultiplier adjustment."
NET,"Cloudflare, Inc. Class A common stock • Robinhood Token",0x116f00968269b7bfbad4109ce591d6e74c0601d4,https://robinhoodchain.blockscout.com/token/0x116f00968269b7bfbad4109ce591d6e74c0601d4,18,877.878,ok,2026-09-06T00:51:53.849285+00:00,NET,356079715,0.00000246539739001981620885087486660114856584852074485624658512210,0.000246539739001981620885087486660114856584852074485624658512210,278.92,99317760000,EQUITY,https://finance.yahoo.com/quote/NET/,ok,2026-09-06T01:06:46.419712+00:00,included_equity,"ERC-20 totalSupply (token units) divided by Yahoo Finance shares outstanding, times 100. No currentMultiplier adjustment."
NFLX,Netflix • Robinhood Token,0xe0444ef8bf4ed74f74fd73686e2ddf4c1c5591e8,https://robinhoodchain.blockscout.com/token/0xe0444ef8bf4ed74f74fd73686e2ddf4c1c5591e8,18,12443.697,ok,2026-09-06T00:51:54.802002+00:00,NFLX,4163939676,0.00000298844314957842343151178734799711349132426768614887109618156,0.000298844314957842343151178734799711349132426768614887109618156,78.25,325828280320,EQUITY,https://finance.yahoo.com/quote/NFLX/,ok,2026-09-06T01:06:47.905403+00:00,included_equity,"ERC-20 totalSupply (token units) divided by Yahoo Finance shares outstanding, times 100. No currentMultiplier adjustment."
NNE,Nano Nuclear Energy • Robinhood Token,0xbef75684c43c4ea7bd18dd532a2244674ee8b926,https://robinhoodchain.blockscout.com/token/0xbef75684c43c4ea7bd18dd532a2244674ee8b926,18,3003.245,ok,2026-09-06T00:51:55.841160+00:00,NNE,53698146,0.0000559282810248234641099154522020182968700632606570811588169171,0.00559282810248234641099154522020182968700632606570811588169171,17.72,951531072,EQUITY,https://finance.yahoo.com/quote/NNE/,ok,2026-09-06T01:06:49.439979+00:00,included_equity,"ERC-20 totalSupply (token units) divided by Yahoo Finance shares outstanding, times 100. No currentMultiplier adjustment."
NOW,ServiceNow • Robinhood Token,0x0c3260af4b8f13a69c4c2dfb84fd667890cdfa14,https://robinhoodchain.blockscout.com/token/0x0c3260af4b8f13a69c4c2dfb84fd667890cdfa14,18,488.039,ok,2026-09-06T00:51:56.787731+00:00,NOW,1033862000,0.000000472054297382049054902878720757702672116781543378129769737160,0.0000472054297382049054902878720757702672116781543378129769737160,141.26,146043338752,EQUITY,https://finance.yahoo.com/quote/NOW/,ok,2026-09-06T01:06:51.006832+00:00,included_equity,"ERC-20 totalSupply (token units) divided by Yahoo Finance shares outstanding, times 100. No currentMultiplier adjustment."
NU,Nu • Robinhood Token,0x408c14038a04f7bd235329e26d2bf569ee20e250,https://robinhoodchain.blockscout.com/token/0x408c14038a04f7bd235329e26d2bf569ee20e250,18,14705.629,ok,2026-09-06T00:51:57.721330+00:00,NU,4830688659,0.00000304420964340190155069979226330429505744721189658437062192792,0.000304420964340190155069979226330429505744721189658437062192792,15.37,74247684096,EQUITY,https://finance.yahoo.com/quote/NU/,ok,2026-09-06T01:06:52.576144+00:00,included_equity,"ERC-20 totalSupply (token units) divided by Yahoo Finance shares outstanding, times 100. No currentMultiplier adjustment."
NVDA,NVIDIA • Robinhood Token,0xd0601ce157db5bdc3162bbac2a2c8af5320d9eec,https://robinhoodchain.blockscout.com/token/0xd0601ce157db5bdc3162bbac2a2c8af5320d9eec,18,65877.268,ok,2026-09-06T00:51:58.673691+00:00,NVDA,24147000000,0.00000272817608812688946867105644593531287530542096326665838406427,0.000272817608812688946867105644593531287530542096326665838406427,230.36,5562502742016,EQUITY,https://finance.yahoo.com/quote/NVDA/,ok,2026-09-06T01:06:54.032686+00:00,included_equity,"ERC-20 totalSupply (token units) divided by Yahoo Finance shares outstanding, times 100. No currentMultiplier adjustment."
NVTS,Navitas Semiconductor • Robinhood Token,0xbe6702d7b70315376dc48a3293f24f0982f86386,https://robinhoodchain.blockscout.com/token/0xbe6702d7b70315376dc48a3293f24f0982f86386,18,1942.451,ok,2026-09-06T00:51:59.695092+00:00,NVTS,261093488,0.00000743967616687552161392857105650984294177417400774085947329334,0.000743967616687552161392857105650984294177417400774085947329334,11.8,3080903168,EQUITY,https://finance.yahoo.com/quote/NVTS/,ok,2026-09-06T01:06:55.574995+00:00,included_equity,"ERC-20 totalSupply (token units) divided by Yahoo Finance shares outstanding, times 100. No currentMultiplier adjustment."
OKLO,Oklo • Robinhood Token,0x8b2f88497f15a18e9d4ffa1a8ffb8538399ae774,https://robinhoodchain.blockscout.com/token/0x8b2f88497f15a18e9d4ffa1a8ffb8538399ae774,18,637.683,ok,2026-09-06T00:52:00.631708+00:00,OKLO,186017650,0.00000342807792701391507741335298021451190249957463713792750311597,0.000342807792701391507741335298021451190249957463713792750311597,41.27,7676948480,EQUITY,https://finance.yahoo.com/quote/OKLO/,ok,2026-09-06T01:06:57.052129+00:00,included_equity,"ERC-20 totalSupply (token units) divided by Yahoo Finance shares outstanding, times 100. No currentMultiplier adjustment."
ON,ON Semiconductor • Robinhood Token,0xbbd09f72b025360fee5c928053dca6248d35be54,https://robinhoodchain.blockscout.com/token/0xbbd09f72b025360fee5c928053dca6248d35be54,18,1756.38,ok,2026-09-06T00:52:01.605626+00:00,ON,389318613,0.00000451142057264033250832525697917248051019846821451611408057698,0.000451142057264033250832525697917248051019846821451611408057698,74.38,28957517824,EQUITY,https://finance.yahoo.com/quote/ON/,ok,2026-09-06T01:06:58.587163+00:00,included_equity,"ERC-20 totalSupply (token units) divided by Yahoo Finance shares outstanding, times 100. No currentMultiplier adjustment."
ONTO,Onto Innovation • Robinhood Token,0x8ff63eaeee3fe54ba450c4f5538064ec5a893aef,https://robinhoodchain.blockscout.com/token/0x8ff63eaeee3fe54ba450c4f5538064ec5a893aef,18,114.578,ok,2026-09-06T00:52:02.560025+00:00,ONTO,61123436,0.00000187453467112025573954972033967462169502382032318994632435258,0.000187453467112025573954972033967462169502382032318994632435258,268.01,16381692928,EQUITY,https://finance.yahoo.com/quote/ONTO/,ok,2026-09-06T01:07:00.159281+00:00,included_equity,"ERC-20 totalSupply (token units) divided by Yahoo Finance shares outstanding, times 100. No currentMultiplier adjustment."
ORCL,Oracle • Robinhood Token,0xb0992820e760d836549ba69bc7598b4af75dee03,https://robinhoodchain.blockscout.com/token/0xb0992820e760d836549ba69bc7598b4af75dee03,18,4773.17660241,ok,2026-09-06T00:52:03.492232+00:00,ORCL,2880471000,0.00000165708198499828673852297072249642506381768814891731248118797,0.000165708198499828673852297072249642506381768814891731248118797,158.78,457361195008,EQUITY,https://finance.yahoo.com/quote/ORCL/,ok,2026-09-06T01:07:01.625737+00:00,included_equity,"ERC-20 totalSupply (token units) divided by Yahoo Finance shares outstanding, times 100. No currentMultiplier adjustment."
OUST,Ouster • Robinhood Token,0x40e7a279850e443f582059ae5dc1c3b6563e6395,https://robinhoodchain.blockscout.com/token/0x40e7a279850e443f582059ae5dc1c3b6563e6395,18,598.453,ok,2026-09-06T00:52:04.443733+00:00,OUST,72112333,0.00000829889944068235873051007793632193261588139160606549783932244,0.000829889944068235873051007793632193261588139160606549783932244,36.43,2627052544,EQUITY,https://finance.yahoo.com/quote/OUST/,ok,2026-09-06T01:07:03.080639+00:00,included_equity,"ERC-20 totalSupply (token units) divided by Yahoo Finance shares outstanding, times 100. No currentMultiplier adjustment."
P,Everpure • Robinhood Token,0x1cdad396db64bda184d5182a97dd9b3c62100b7d,https://robinhoodchain.blockscout.com/token/0x1cdad396db64bda184d5182a97dd9b3c62100b7d,18,897.306,ok,2026-09-06T00:52:05.473066+00:00,P,332404932,0.00000269943648128542208272649817361915676991218650149270348371365,0.000269943648128542208272649817361915676991218650149270348371365,99.51,33077614592,EQUITY,https://finance.yahoo.com/quote/P/,ok,2026-09-06T01:07:04.528799+00:00,included_equity,"ERC-20 totalSupply (token units) divided by Yahoo Finance shares outstanding, times 100. No currentMultiplier adjustment."
PANW,Palo Alto Networks • Robinhood Token,0xb039597ed45cba7b6e2fb9e8be51802969cee5be,https://robinhoodchain.blockscout.com/token/0xb039597ed45cba7b6e2fb9e8be51802969cee5be,18,100.359,ok,2026-09-06T00:52:06.414198+00:00,PANW,815000000,0.000000123139877300613496932515337423312883435582822085889570552147,0.0000123139877300613496932515337423312883435582822085889570552147,333.26,271606906880,EQUITY,https://finance.yahoo.com/quote/PANW/,ok,2026-09-06T01:07:06.066810+00:00,included_equity,"ERC-20 totalSupply (token units) divided by Yahoo Finance shares outstanding, times 100. No currentMultiplier adjustment."
PATH,UiPath • Robinhood Token,0xfb2664f07b6aadd29ea7a59d8859b1aeb8645cda,https://robinhoodchain.blockscout.com/token/0xfb2664f07b6aadd29ea7a59d8859b1aeb8645cda,18,2738.004,ok,2026-09-06T00:52:07.375883+00:00,PATH,518120266,0.00000528449508670637484772695611948906086603452797578854018422047,0.000528449508670637484772695611948906086603452797578854018422047,15.19,7870246400,EQUITY,https://finance.yahoo.com/quote/PATH/,ok,2026-09-06T01:07:07.538627+00:00,included_equity,"ERC-20 totalSupply (token units) divided by Yahoo Finance shares outstanding, times 100. No currentMultiplier adjustment."
PENG,Penguin Solutions • Robinhood Token,0x9b23573b156b52565012f5ce02cdf60afbaa70be,https://robinhoodchain.blockscout.com/token/0x9b23573b156b52565012f5ce02cdf60afbaa70be,18,5957.293,ok,2026-09-06T00:52:08.329900+00:00,PENG,51242699,0.000116256425134827500011269898176128466613360861417545551220868,0.0116256425134827500011269898176128466613360861417545551220868,51.76,2652322048,EQUITY,https://finance.yahoo.com/quote/PENG/,ok,2026-09-06T01:07:09.077767+00:00,included_equity,"ERC-20 totalSupply (token units) divided by Yahoo Finance shares outstanding, times 100. No currentMultiplier adjustment."
PFE,Pfizer • Robinhood Token,0x7066a64c24e4206cd62e83bf198c1e7eb361f51e,https://robinhoodchain.blockscout.com/token/0x7066a64c24e4206cd62e83bf198c1e7eb361f51e,18,11783.636,ok,2026-09-06T00:52:09.279862+00:00,PFE,5699673589,0.00000206742295256024002465029581187828964989524771187734764858304,0.000206742295256024002465029581187828964989524771187734764858304,28.45,162155724800,EQUITY,https://finance.yahoo.com/quote/PFE/,ok,2026-09-06T01:07:10.539837+00:00,included_equity,"ERC-20 totalSupply (token units) divided by Yahoo Finance shares outstanding, times 100. No currentMultiplier adjustment."
PL,Planet Labs • Robinhood Token,0xaa4d64474c172010ab57719cb9951e6142a100d3,https://robinhoodchain.blockscout.com/token/0xaa4d64474c172010ab57719cb9951e6142a100d3,18,2615.343,ok,2026-09-06T00:52:10.221780+00:00,PL,363847989,0.00000718801004559077005095114047751408624660558450963432423973078,0.000718801004559077005095114047751408624660558450963432423973078,18.12,6592926208,EQUITY,https://finance.yahoo.com/quote/PL/,ok,2026-09-06T01:07:11.988956+00:00,included_equity,"ERC-20 totalSupply (token units) divided by Yahoo Finance shares outstanding, times 100. No currentMultiplier adjustment."
PLTR,Palantir Technologies • Robinhood Token,0x894e1ec2d74ffe5aef8dc8a9e84686accb964f2a,https://robinhoodchain.blockscout.com/token/0x894e1ec2d74ffe5aef8dc8a9e84686accb964f2a,18,10493.827,ok,2026-09-06T00:52:11.235628+00:00,PLTR,2403058480,0.00000436686293210808585898417253665836713220562156273450324022077,0.000436686293210808585898417253665836713220562156273450324022077,174.33,418925182976,EQUITY,https://finance.yahoo.com/quote/PLTR/,ok,2026-09-06T01:07:13.451985+00:00,included_equity,"ERC-20 totalSupply (token units) divided by Yahoo Finance shares outstanding, times 100. No currentMultiplier adjustment."
POET,POET Technologies • Robinhood Token,0xcf6b2d875361be807eafa57458c80f28521f9333,https://robinhoodchain.blockscout.com/token/0xcf6b2d875361be807eafa57458c80f28521f9333,18,5979.225,ok,2026-09-06T00:52:12.181525+00:00,POET,173058088,0.0000345503932760426660902436411986708185519766056816714628212002,0.00345503932760426660902436411986708185519766056816714628212002,7.92,1370620032,EQUITY,https://finance.yahoo.com/quote/POET/,ok,2026-09-06T01:07:14.982866+00:00,included_equity,"ERC-20 totalSupply (token units) divided by Yahoo Finance shares outstanding, times 100. No currentMultiplier adjustment."
POWL,Powell Industries • Robinhood Token,0x237c16d66590f67b886d978acd362eaead8b18c7,https://robinhoodchain.blockscout.com/token/0x237c16d66590f67b886d978acd362eaead8b18c7,18,121.904,ok,2026-09-06T00:52:13.141348+00:00,POWL,36432564,0.00000334601759019760453862099851111220171053566254628688774141727,0.000334601759019760453862099851111220171053566254628688774141727,181.17,6600487424,EQUITY,https://finance.yahoo.com/quote/POWL/,ok,2026-09-06T01:07:16.464390+00:00,included_equity,"ERC-20 totalSupply (token units) divided by Yahoo Finance shares outstanding, times 100. No currentMultiplier adjustment."
PR,Permian Resources • Robinhood Token,0x4189f0c66ebbb0bfef1c31f763131361ef32f77c,https://robinhoodchain.blockscout.com/token/0x4189f0c66ebbb0bfef1c31f763131361ef32f77c,18,1166.275,ok,2026-09-06T00:52:14.092323+00:00,PR,837557029,0.00000139247234471003406742348526096603267835508786590339748673997,0.000139247234471003406742348526096603267835508786590339748673997,23.36,19565332480,EQUITY,https://finance.yahoo.com/quote/PR/,ok,2026-09-06T01:07:17.990447+00:00,included_equity,"ERC-20 totalSupply (token units) divided by Yahoo Finance shares outstanding, times 100. No currentMultiplier adjustment."
PWR,Quanta • Robinhood Token,0x9ab02ead789b6903c3c44d0ed32f9c707cdf12fd,https://robinhoodchain.blockscout.com/token/0x9ab02ead789b6903c3c44d0ed32f9c707cdf12fd,18,55.027,ok,2026-09-06T00:52:15.035533+00:00,PWR,150343393,0.000000366008767674945316685782128117861487933826263984876275873327,0.0000366008767674945316685782128117861487933826263984876275873327,624.41,93875912704,EQUITY,https://finance.yahoo.com/quote/PWR/,ok,2026-09-06T01:07:19.457933+00:00,included_equity,"ERC-20 totalSupply (token units) divided by Yahoo Finance shares outstanding, times 100. No currentMultiplier adjustment."
QBTS,D-Wave Quantum Inc. Common Stock • Robinhood Token,0xc583c60aef9dc401da72cec1b404743a93cea1cc,https://robinhoodchain.blockscout.com/token/0xc583c60aef9dc401da72cec1b404743a93cea1cc,18,2158.143,ok,2026-09-06T00:52:15.997916+00:00,QBTS,372439933,0.00000579460688497116661225476055490537315717968405928158085024680,0.000579460688497116661225476055490537315717968405928158085024680,16.58,6175054336,EQUITY,https://finance.yahoo.com/quote/QBTS/,ok,2026-09-06T01:07:20.913846+00:00,included_equity,"ERC-20 totalSupply (token units) divided by Yahoo Finance shares outstanding, times 100. No currentMultiplier adjustment."
QCOM,Qualcomm • Robinhood Token,0x0f17206447090e464c277571124dd2688e48aea9,https://robinhoodchain.blockscout.com/token/0x0f17206447090e464c277571124dd2688e48aea9,18,223.665,ok,2026-09-06T00:52:17.031917+00:00,QCOM,1068060487,0.000000209412297077141100155688092597699478419146873654544248672313,0.0000209412297077141100155688092597699478419146873654544248672313,168.74,180224524288,EQUITY,https://finance.yahoo.com/quote/QCOM/,ok,2026-09-06T01:07:22.564613+00:00,included_equity,"ERC-20 totalSupply (token units) divided by Yahoo Finance shares outstanding, times 100. No currentMultiplier adjustment."
QQQ,Invesco QQQ • Robinhood Token,0xd5f3879160bc7c32ebb4dc785f8a4f505888de68,https://robinhoodchain.blockscout.com/token/0xd5f3879160bc7c32ebb4dc785f8a4f505888de68,18,5212.603,ok,2026-09-06T00:52:18.065807+00:00,QQQ,393100000,0.0000132602467565504960569829559908420249300432459933859068939201,0.00132602467565504960569829559908420249300432459933859068939201,718.96,,ETF,https://finance.yahoo.com/quote/QQQ/,ok,2026-09-06T01:07:24.042037+00:00,excluded_yahoo_quote_type_not_equity,"ERC-20 totalSupply (token units) divided by Yahoo Finance shares outstanding, times 100. No currentMultiplier adjustment."
QUBT,Quantum Computing • Robinhood Token,0x59818904ab4ce163b3ce4ffb64f2d6ca02c434b4,https://robinhoodchain.blockscout.com/token/0x59818904ab4ce163b3ce4ffb64f2d6ca02c434b4,18,66113.9832,ok,2026-09-06T00:52:19.114429+00:00,QUBT,226346861,0.000292091451623886226546786526895992606674585162460017503843360,0.0292091451623886226546786526895992606674585162460017503843360,8.01,1813038464,EQUITY,https://finance.yahoo.com/quote/QUBT/,ok,2026-09-06T01:07:25.885613+00:00,included_equity,"ERC-20 totalSupply (token units) divided by Yahoo Finance shares outstanding, times 100. No currentMultiplier adjustment."
RBLX,Roblox • Robinhood Token,0xf0c4bf4c582cb3836e98394b1d4e7b7281101be8,https://robinhoodchain.blockscout.com/token/0xf0c4bf4c582cb3836e98394b1d4e7b7281101be8,18,22181.153,ok,2026-09-06T00:52:20.138195+00:00,RBLX,714375941,0.0000310496920836251958826816089541290976931150597077568713921736,0.00310496920836251958826816089541290976931150597077568713921736,43.31,30939623424,EQUITY,https://finance.yahoo.com/quote/RBLX/,ok,2026-09-06T01:07:27.485210+00:00,included_equity,"ERC-20 totalSupply (token units) divided by Yahoo Finance shares outstanding, times 100. No currentMultiplier adjustment."
RCAT,Red Cat • Robinhood Token,0xfde6b5d9bb419b10c23268c74e369abff39c0460,https://robinhoodchain.blockscout.com/token/0xfde6b5d9bb419b10c23268c74e369abff39c0460,18,21073.711,ok,2026-09-06T00:52:21.067246+00:00,RCAT,152714362,0.000137994296829789983996397143053251271808999863418216028692835,0.0137994296829789983996397143053251271808999863418216028692835,8.37,1278219264,EQUITY,https://finance.yahoo.com/quote/RCAT/,ok,2026-09-06T01:07:29.025233+00:00,included_equity,"ERC-20 totalSupply (token units) divided by Yahoo Finance shares outstanding, times 100. No currentMultiplier adjustment."
RDDT,Reddit • Robinhood Token,0x05b37fb53a299a1b874a619e1c4c404d52c36f4c,https://robinhoodchain.blockscout.com/token/0x05b37fb53a299a1b874a619e1c4c404d52c36f4c,18,13847.74,ok,2026-09-06T00:52:22.055089+00:00,RDDT,192396510,0.0000719750061994367777253339990418745121728039661426290944674620,0.00719750061994367777253339990418745121728039661426290944674620,154.46,29717567488,EQUITY,https://finance.yahoo.com/quote/RDDT/,ok,2026-09-06T01:07:30.574485+00:00,included_equity,"ERC-20 totalSupply (token units) divided by Yahoo Finance shares outstanding, times 100. No currentMultiplier adjustment."
RDW,Redwire • Robinhood Token,0x92ef19e82bd8ff36661de838d5eae7e5cef0effe,https://robinhoodchain.blockscout.com/token/0x92ef19e82bd8ff36661de838d5eae7e5cef0effe,18,2843.327,ok,2026-09-06T00:52:22.996347+00:00,RDW,249992609,0.0000113736442504186193760632339334480084569220204426123653919704,0.00113736442504186193760632339334480084569220204426123653919704,10.53,2632422144,EQUITY,https://finance.yahoo.com/quote/RDW/,ok,2026-09-06T01:07:32.144504+00:00,included_equity,"ERC-20 totalSupply (token units) divided by Yahoo Finance shares outstanding, times 100. No currentMultiplier adjustment."
RGTI,Rigetti Computing • Robinhood Token,0x284358abc07f9359f19f4b5b4ac91901be2597ba,https://robinhoodchain.blockscout.com/token/0x284358abc07f9359f19f4b5b4ac91901be2597ba,18,2410.194,ok,2026-09-06T00:52:23.934171+00:00,RGTI,333768747,0.00000722114943853625696117078331483205046756519716928439678026535,0.000722114943853625696117078331483205046756519716928439678026535,15.2,5073284608,EQUITY,https://finance.yahoo.com/quote/RGTI/,ok,2026-09-06T01:07:33.606279+00:00,included_equity,"ERC-20 totalSupply (token units) divided by Yahoo Finance shares outstanding, times 100. No currentMultiplier adjustment."
RIVN,Rivian Automotive • Robinhood Token,0xb1bf26c1d20ff267a4f93550d1e0d06ac40a114b,https://robinhoodchain.blockscout.com/token/0xb1bf26c1d20ff267a4f93550d1e0d06ac40a114b,18,35736.47,ok,2026-09-06T00:52:24.898783+00:00,RIVN,1447860630,0.0000246822582640429970113905231334317032986800670172238884622479,0.00246822582640429970113905231334317032986800670172238884622479,15.74,22789324800,EQUITY,https://finance.yahoo.com/quote/RIVN/,ok,2026-09-06T01:07:35.435441+00:00,included_equity,"ERC-20 totalSupply (token units) divided by Yahoo Finance shares outstanding, times 100. No currentMultiplier adjustment."
RKLB,Rocket Lab Corporation • Robinhood Token,0x3b14c39e89d60d627b42a1a4ca45b5bb45fc12e2,https://robinhoodchain.blockscout.com/token/0x3b14c39e89d60d627b42a1a4ca45b5bb45fc12e2,18,2342.426,ok,2026-09-06T00:52:25.923479+00:00,RKLB,639410989,0.00000366341217197942151726141197113520362096873502435223239492995,0.000366341217197942151726141197113520362096873502435223239492995,64.26,41088552960,EQUITY,https://finance.yahoo.com/quote/RKLB/,ok,2026-09-06T01:07:37.385309+00:00,included_equity,"ERC-20 totalSupply (token units) divided by Yahoo Finance shares outstanding, times 100. No currentMultiplier adjustment."
RUN,Sunrun • Robinhood Token,0x756bc80af765c82da966a788858d65adf14f3793,https://robinhoodchain.blockscout.com/token/0x756bc80af765c82da966a788858d65adf14f3793,18,11811.387,ok,2026-09-06T00:52:26.875989+00:00,RUN,238549287,0.0000495134030729674744322333690311973139538245612111177678766233,0.00495134030729674744322333690311973139538245612111177678766233,8.89,2120703232,EQUITY,https://finance.yahoo.com/quote/RUN/,ok,2026-09-06T01:07:38.841788+00:00,included_equity,"ERC-20 totalSupply (token units) divided by Yahoo Finance shares outstanding, times 100. No currentMultiplier adjustment."
SATS,EchoStar • Robinhood Token,0x95052ddcd5dc25641657424a8cf04834997e1730,https://robinhoodchain.blockscout.com/token/0x95052ddcd5dc25641657424a8cf04834997e1730,18,0.103,ok,2026-09-06T00:52:27.832848+00:00,SATS,289813488,0.000000000355400988100319195633848483960139218917236867871380782663918,0.0000000355400988100319195633848483960139218917236867871380782663918,,,,https://finance.yahoo.com/quote/SATS/,ok,2026-09-06T01:07:40.303293+00:00,excluded_yahoo_quote_type_not_equity,"ERC-20 totalSupply (token units) divided by Yahoo Finance shares outstanding, times 100. No currentMultiplier adjustment."
SCHD,Schwab US Dividend Equity ETF • Robinhood Token,0xd63abb2c13d7a8421a8017a712802053568e3c1d,https://robinhoodchain.blockscout.com/token/0xd63abb2c13d7a8421a8017a712802053568e3c1d,18,1841.688,ok,2026-09-06T00:52:28.768805+00:00,SCHD,,,,34.8,,ETF,https://finance.yahoo.com/quote/SCHD/,ok,2026-09-06T01:07:43.006220+00:00,excluded_yahoo_quote_type_not_equity,"ERC-20 totalSupply (token units) divided by Yahoo Finance shares outstanding, times 100. No currentMultiplier adjustment."
SGOV,iShares 0-3 Month Treasury Bond • Robinhood Token,0x92fd66527192e3e61d4ddd13322aa222de86f9b5,https://robinhoodchain.blockscout.com/token/0x92fd66527192e3e61d4ddd13322aa222de86f9b5,18,21883.81405394,ok,2026-09-06T00:52:29.708139+00:00,SGOV,,,,100.47,,ETF,https://finance.yahoo.com/quote/SGOV/,ok,2026-09-06T01:07:44.852651+00:00,excluded_yahoo_quote_type_not_equity,"ERC-20 totalSupply (token units) divided by Yahoo Finance shares outstanding, times 100. No currentMultiplier adjustment."
SHOP,Shopify • Robinhood Token,0xf53f66751b1eff985311b693531e3290f600c410,https://robinhoodchain.blockscout.com/token/0xf53f66751b1eff985311b693531e3290f600c410,18,1365.381,ok,2026-09-06T00:52:30.665747+00:00,SHOP,1286643931,0.00000106119569455304103089885868353736477539876570559908854845405,0.000106119569455304103089885868353736477539876570559908854845405,145.09,188276703232,EQUITY,https://finance.yahoo.com/quote/SHOP/,ok,2026-09-06T01:07:46.335422+00:00,included_equity,"ERC-20 totalSupply (token units) divided by Yahoo Finance shares outstanding, times 100. No currentMultiplier adjustment."
SHY,iShares 1-3 Year Treasury Bond ETF • Robinhood Token,0xbe274710bf3d9567e1b290ef6a5f9f90ca016fd8,https://robinhoodchain.blockscout.com/token/0xbe274710bf3d9567e1b290ef6a5f9f90ca016fd8,18,352.046,ok,2026-09-06T00:52:31.688102+00:00,SHY,209300000,0.00000168201624462494027711419015766841853798375537505972288580984,0.000168201624462494027711419015766841853798375537505972288580984,81.69,,ETF,https://finance.yahoo.com/quote/SHY/,ok,2026-09-06T01:07:47.940282+00:00,excluded_yahoo_quote_type_not_equity,"ERC-20 totalSupply (token units) divided by Yahoo Finance shares outstanding, times 100. No currentMultiplier adjustment."
SIMO,Silicon Motion • Robinhood Token,0x77e655e37f4d913fb9540e0d541d824171a60e81,https://robinhoodchain.blockscout.com/token/0x77e655e37f4d913fb9540e0d541d824171a60e81,18,181.339,ok,2026-09-06T00:52:32.733528+00:00,SIMO,33907750,0.00000534801041059934675700982813663542995332925363670547293760276,0.000534801041059934675700982813663542995332925363670547293760276,256.21,8687504384,EQUITY,https://finance.yahoo.com/quote/SIMO/,ok,2026-09-06T01:07:49.481516+00:00,included_equity,"ERC-20 totalSupply (token units) divided by Yahoo Finance shares outstanding, times 100. No currentMultiplier adjustment."
SKHY,SK hynix Inc. American Depositary Shares • Robinhood Token,0x84cab63bc87912e71ad199ff14a0ba45de68fef8,https://robinhoodchain.blockscout.com/token/0x84cab63bc87912e71ad199ff14a0ba45de68fef8,18,4845,ok,2026-09-06T00:52:33.676422+00:00,SKHY,7098548910,0.000000682533861698784857706925343985549857963858137310488715080221,0.0000682533861698784857706925343985549857963858137310488715080221,177.0,1256443084800,EQUITY,https://finance.yahoo.com/quote/SKHY/,ok,2026-09-06T01:07:50.927878+00:00,included_equity,"ERC-20 totalSupply (token units) divided by Yahoo Finance shares outstanding, times 100. No currentMultiplier adjustment."
SLS,SELLAS Life Sciences • Robinhood Token,0x285b231728c7e4333799183df1094d775246a535,https://robinhoodchain.blockscout.com/token/0x285b231728c7e4333799183df1094d775246a535,18,2081,ok,2026-09-06T00:52:34.640221+00:00,SLS,196632574,0.0000105831905551925491246430004013475407182535280243038470319775,0.00105831905551925491246430004013475407182535280243038470319775,13.86,2798967552,EQUITY,https://finance.yahoo.com/quote/SLS/,ok,2026-09-06T01:07:52.901371+00:00,included_equity,"ERC-20 totalSupply (token units) divided by Yahoo Finance shares outstanding, times 100. No currentMultiplier adjustment."
SLV,iShares Silver Trust • Robinhood Token,0x411efb0e7f985935daec3d4c3ebaea0d0ad7d89f,https://robinhoodchain.blockscout.com/token/0x411efb0e7f985935daec3d4c3ebaea0d0ad7d89f,18,23347.075,ok,2026-09-06T00:52:35.585605+00:00,SLV,341449984,0.0000683762662000886197142126678207722510831923190249732154036358,0.00683762662000886197142126678207722510831923190249732154036358,59.82,,ETF,https://finance.yahoo.com/quote/SLV/,ok,2026-09-06T01:07:54.443354+00:00,excluded_yahoo_quote_type_not_equity,"ERC-20 totalSupply (token units) divided by Yahoo Finance shares outstanding, times 100. No currentMultiplier adjustment."
SMCI,Super Micro Computer • Robinhood Token,0xc01aa1fecec0605b13bc84874ff7256c0f5f562a,https://robinhoodchain.blockscout.com/token/0xc01aa1fecec0605b13bc84874ff7256c0f5f562a,18,1650.078,ok,2026-09-06T00:52:36.528352+00:00,SMCI,646873027,0.00000255085299761617669057640271651023717827702839123016950280105,0.000255085299761617669057640271651023717827702839123016950280105,39.59,26009260032,EQUITY,https://finance.yahoo.com/quote/SMCI/,ok,2026-09-06T01:07:56.062108+00:00,included_equity,"ERC-20 totalSupply (token units) divided by Yahoo Finance shares outstanding, times 100. No currentMultiplier adjustment."
SMH,VanEck Semiconductor ETF • Robinhood Token,0x072f979c2cac8e1391b0162a87fee094bf8744a0,https://robinhoodchain.blockscout.com/token/0x072f979c2cac8e1391b0162a87fee094bf8744a0,18,141.108,ok,2026-09-06T00:52:37.479502+00:00,SMH,11670900,0.0000120905842737063979641672878698300902244042875870755468729918,0.00120905842737063979641672878698300902244042875870755468729918,567.01,,ETF,https://finance.yahoo.com/quote/SMH/,ok,2026-09-06T01:07:57.604363+00:00,excluded_yahoo_quote_type_not_equity,"ERC-20 totalSupply (token units) divided by Yahoo Finance shares outstanding, times 100. No currentMultiplier adjustment."
SMR,NuScale Power • Robinhood Token,0x1eebee7f74517e0279dfb09d25b0407beec3fdd6,https://robinhoodchain.blockscout.com/token/0x1eebee7f74517e0279dfb09d25b0407beec3fdd6,18,3971.644,ok,2026-09-06T00:52:38.634269+00:00,SMR,410389522,0.00000967774221097194581883111528368894369578958207417391129201393,0.000967774221097194581883111528368894369578958207417391129201393,9.7,3980778496,EQUITY,https://finance.yahoo.com/quote/SMR/,ok,2026-09-06T01:07:59.040855+00:00,included_equity,"ERC-20 totalSupply (token units) divided by Yahoo Finance shares outstanding, times 100. No currentMultiplier adjustment."
SNAP,Snap • Robinhood Token,0xf6589f11bc40b669e584073f428b05562f568733,https://robinhoodchain.blockscout.com/token/0xf6589f11bc40b669e584073f428b05562f568733,18,293498.777,ok,2026-09-06T00:52:39.587869+00:00,SNAP,1691197712,0.000173544923173358692434181817294227749049840247182169792339454,0.0173544923173358692434181817294227749049840247182169792339454,5.47,9250850816,EQUITY,https://finance.yahoo.com/quote/SNAP/,ok,2026-09-06T01:08:00.494455+00:00,included_equity,"ERC-20 totalSupply (token units) divided by Yahoo Finance shares outstanding, times 100. No currentMultiplier adjustment."
SNDK,Sandisk Corporation • Robinhood Token,0xb90a19ff0af67f7779aff50a882a9cff42446400,https://robinhoodchain.blockscout.com/token/0xb90a19ff0af67f7779aff50a882a9cff42446400,18,999.172,ok,2026-09-06T00:52:40.622571+00:00,SNDK,146419001,0.00000682405967241915548925238193641274741384145900572016605959496,0.000682405967241915548925238193641274741384145900572016605959496,1740.0,254769070080,EQUITY,https://finance.yahoo.com/quote/SNDK/,ok,2026-09-06T01:08:01.935996+00:00,included_equity,"ERC-20 totalSupply (token units) divided by Yahoo Finance shares outstanding, times 100. No currentMultiplier adjustment."
SNOW,Snowflake • Robinhood Token,0xba0cab75495255d0cb58e22b648bfed4ecd1f47e,https://robinhoodchain.blockscout.com/token/0xba0cab75495255d0cb58e22b648bfed4ecd1f47e,18,734.641,ok,2026-09-06T00:52:41.646437+00:00,SNOW,346600000,0.00000211956433929601846508944027697634160415464512406231967686093,0.000211956433929601846508944027697634160415464512406231967686093,337.18,116866588672,EQUITY,https://finance.yahoo.com/quote/SNOW/,ok,2026-09-06T01:08:03.396297+00:00,included_equity,"ERC-20 totalSupply (token units) divided by Yahoo Finance shares outstanding, times 100. No currentMultiplier adjustment."
SOFI,SoFi Technologies • Robinhood Token,0x98e75885157c80992a8d41b696d8c9c6fb30a926,https://robinhoodchain.blockscout.com/token/0x98e75885157c80992a8d41b696d8c9c6fb30a926,18,5474.304,ok,2026-09-06T00:52:42.597337+00:00,SOFI,1291570324,0.00000423848697842952297501068939084729233837676809303958581817028,0.000423848697842952297501068939084729233837676809303958581817028,18.22,23532410880,EQUITY,https://finance.yahoo.com/quote/SOFI/,ok,2026-09-06T01:08:05.300696+00:00,included_equity,"ERC-20 totalSupply (token units) divided by Yahoo Finance shares outstanding, times 100. No currentMultiplier adjustment."
SOUN,SoundHound AI • Robinhood Token,0x6e3dfd9f7e1649baa14d25cac18c94d62db10a54,https://robinhoodchain.blockscout.com/token/0x6e3dfd9f7e1649baa14d25cac18c94d62db10a54,18,16521.11,ok,2026-09-06T00:52:43.546850+00:00,SOUN,444112161,0.0000372003098559600127680358656064813320885396786060987868332658,0.00372003098559600127680358656064813320885396786060987868332658,6.74,2993315840,EQUITY,https://finance.yahoo.com/quote/SOUN/,ok,2026-09-06T01:08:06.902150+00:00,included_equity,"ERC-20 totalSupply (token units) divided by Yahoo Finance shares outstanding, times 100. No currentMultiplier adjustment."
SOXX,iShares Semiconductor ETF • Robinhood Token,0x75742c18bc1f1c5c5f448f4c9d9c6f66dafaaa38,https://robinhoodchain.blockscout.com/token/0x75742c18bc1f1c5c5f448f4c9d9c6f66dafaaa38,18,405.86,ok,2026-09-06T00:52:44.484580+00:00,SOXX,7650000,0.0000530535947712418300653594771241830065359477124183006535947712,0.00530535947712418300653594771241830065359477124183006535947712,519.86,,ETF,https://finance.yahoo.com/quote/SOXX/,ok,2026-09-06T01:08:08.606287+00:00,excluded_yahoo_quote_type_not_equity,"ERC-20 totalSupply (token units) divided by Yahoo Finance shares outstanding, times 100. No currentMultiplier adjustment."
SPCX,Space Exploration Technologies Corp. Class A Common Stock • Robinhood Token,0x4a0e65a3eccec6dbe60ae065f2e7bb85fae35eea,https://robinhoodchain.blockscout.com/token/0x4a0e65a3eccec6dbe60ae065f2e7bb85fae35eea,18,58787.815,ok,2026-09-06T00:52:45.433449+00:00,SPCX,13181779945,0.00000445977821244837963345321192129793212080510118089367027435990,0.000445977821244837963345321192129793212080510118089367027435990,147.95,1950244274176,EQUITY,https://finance.yahoo.com/quote/SPCX/,ok,2026-09-06T01:08:10.164828+00:00,included_equity,"ERC-20 totalSupply (token units) divided by Yahoo Finance shares outstanding, times 100. No currentMultiplier adjustment."
SPMO,Invesco S&P 500 Momentum ETF • Robinhood Token,0xad622320e520de39e72d41ef07438c3fd3354875,https://robinhoodchain.blockscout.com/token/0xad622320e520de39e72d41ef07438c3fd3354875,18,363.882,ok,2026-09-06T00:52:46.385243+00:00,SPMO,,,,149.72,,ETF,https://finance.yahoo.com/quote/SPMO/,ok,2026-09-06T01:08:11.620907+00:00,excluded_yahoo_quote_type_not_equity,"ERC-20 totalSupply (token units) divided by Yahoo Finance shares outstanding, times 100. No currentMultiplier adjustment."
SPY,SPDR S&P 500 ETF Trust • Robinhood Token,0x117cc2133c37b721f49de2a7a74833232b3b4c0c,https://robinhoodchain.blockscout.com/token/0x117cc2133c37b721f49de2a7a74833232b3b4c0c,18,22573.21,ok,2026-09-06T00:52:47.409571+00:00,SPY,917782016,0.0000245953936844192858971862878603191108944109011610879069567648,0.00245953936844192858971862878603191108944109011610879069567648,770.19,,ETF,https://finance.yahoo.com/quote/SPY/,ok,2026-09-06T01:08:13.146536+00:00,excluded_yahoo_quote_type_not_equity,"ERC-20 totalSupply (token units) divided by Yahoo Finance shares outstanding, times 100. No currentMultiplier adjustment."
TE,T1 Energy • Robinhood Token,0xb1969f6604ca1ae7a2cd3f1827876e914594ca2d,https://robinhoodchain.blockscout.com/token/0xb1969f6604ca1ae7a2cd3f1827876e914594ca2d,18,16674.848,ok,2026-09-06T00:52:48.350195+00:00,TE,294476525,0.0000566253897488093490644118406382308403021259504471536398359767,0.00566253897488093490644118406382308403021259504471536398359767,4.6,1354824448,EQUITY,https://finance.yahoo.com/quote/TE/,ok,2026-09-06T01:08:14.645631+00:00,included_equity,"ERC-20 totalSupply (token units) divided by Yahoo Finance shares outstanding, times 100. No currentMultiplier adjustment."
TEAM,Atlassian Corporation • Robinhood Token,0x5b97476b922f3305131b8f0b9d333172e87f4aae,https://robinhoodchain.blockscout.com/token/0x5b97476b922f3305131b8f0b9d333172e87f4aae,18,171.379,ok,2026-09-06T00:52:49.318091+00:00,TEAM,253138815,0.000000677015889483404589691233246864966164908372506997790915628644,0.0000677015889483404589691233246864966164908372506997790915628644,189.58,47990059008,EQUITY,https://finance.yahoo.com/quote/TEAM/,ok,2026-09-06T01:08:16.180259+00:00,included_equity,"ERC-20 totalSupply (token units) divided by Yahoo Finance shares outstanding, times 100. No currentMultiplier adjustment."
TEM,Tempus AI • Robinhood Token,0xb1cc0ec7db69cf43539119814df40071b9d61793,https://robinhoodchain.blockscout.com/token/0xb1cc0ec7db69cf43539119814df40071b9d61793,18,346.651,ok,2026-09-06T00:52:50.268871+00:00,TEM,180434756,0.00000192119859657193761494598080649162736695805989839341152211274,0.000192119859657193761494598080649162736695805989839341152211274,64.62,11659694080,EQUITY,https://finance.yahoo.com/quote/TEM/,ok,2026-09-06T01:08:17.659289+00:00,included_equity,"ERC-20 totalSupply (token units) divided by Yahoo Finance shares outstanding, times 100. No currentMultiplier adjustment."
TER,Teradyne • Robinhood Token,0x2778c5024d5ca2cdb0f8ead671ffc69963adcd9c,https://robinhoodchain.blockscout.com/token/0x2778c5024d5ca2cdb0f8ead671ffc69963adcd9c,18,146.569,ok,2026-09-06T00:52:51.213155+00:00,TER,156340750,0.000000937497101683342314783573700394810693948954447257033115166711,0.0000937497101683342314783573700394810693948954447257033115166711,357.03,55818338304,EQUITY,https://finance.yahoo.com/quote/TER/,ok,2026-09-06T01:08:19.327107+00:00,included_equity,"ERC-20 totalSupply (token units) divided by Yahoo Finance shares outstanding, times 100. No currentMultiplier adjustment."
TSEM,Tower Semiconductor • Robinhood Token,0x89776d4cd68193597a2fc132cfac1fde36ccea8a,https://robinhoodchain.blockscout.com/token/0x89776d4cd68193597a2fc132cfac1fde36ccea8a,18,162.16,ok,2026-09-06T00:52:52.146544+00:00,TSEM,113031240,0.00000143464762485132428875415327656318730998615957853775646449601,0.000143464762485132428875415327656318730998615957853775646449601,222.335,25130801152,EQUITY,https://finance.yahoo.com/quote/TSEM/,ok,2026-09-06T01:08:20.930149+00:00,included_equity,"ERC-20 totalSupply (token units) divided by Yahoo Finance shares outstanding, times 100. No currentMultiplier adjustment."
TSLA,Tesla • Robinhood Token,0x322f0929c4625ed5bad873c95208d54e1c003b2d,https://robinhoodchain.blockscout.com/token/0x322f0929c4625ed5bad873c95208d54e1c003b2d,18,12254.791,ok,2026-09-06T00:52:53.217033+00:00,TSLA,3949547394,0.00000310283426871063899936074548596744855266319662753741853186127,0.000310283426871063899936074548596744855266319662753741853186127,354.08,1398455795712,EQUITY,https://finance.yahoo.com/quote/TSLA/,ok,2026-09-06T01:08:22.377755+00:00,included_equity,"ERC-20 totalSupply (token units) divided by Yahoo Finance shares outstanding, times 100. No currentMultiplier adjustment."
TSM,Taiwan Semiconductor Manufacturing • Robinhood Token,0x58ffe4a942d3885baa22d7520691f611ef09e7aa,https://robinhoodchain.blockscout.com/token/0x58ffe4a942d3885baa22d7520691f611ef09e7aa,18,3449.9167,ok,2026-09-06T00:52:54.223266+00:00,TSM,5186474013,0.000000665175742007520977431339151298664763983654033204928351773465,0.0000665175742007520977431339151298664763983654033204928351773465,428.91,2224530653184,EQUITY,https://finance.yahoo.com/quote/TSM/,ok,2026-09-06T01:08:23.824352+00:00,included_equity,"ERC-20 totalSupply (token units) divided by Yahoo Finance shares outstanding, times 100. No currentMultiplier adjustment."
TTD,Trade Desk • Robinhood Token,0x0b5fb4031cae9163db10b169ee72685f0edc8545,https://robinhoodchain.blockscout.com/token/0x0b5fb4031cae9163db10b169ee72685f0edc8545,18,3639.108,ok,2026-09-06T00:52:55.163293+00:00,TTD,469880194,0.00000774475716675983154974180503551933069985920708971189366623953,0.000774475716675983154974180503551933069985920708971189366623953,14.43,6780371456,EQUITY,https://finance.yahoo.com/quote/TTD/,ok,2026-09-06T01:08:25.371263+00:00,included_equity,"ERC-20 totalSupply (token units) divided by Yahoo Finance shares outstanding, times 100. No currentMultiplier adjustment."
TTWO,Take-Two Interactive Software • Robinhood Token,0x5e81213613b6b86eab4c6c50d718d34359459786,https://robinhoodchain.blockscout.com/token/0x5e81213613b6b86eab4c6c50d718d34359459786,18,8280.128,ok,2026-09-06T00:52:56.134638+00:00,TTWO,186980443,0.0000442833906431594025049988784121128646593269650131270680538499,0.00442833906431594025049988784121128646593269650131270680538499,214.69,40142831616,EQUITY,https://finance.yahoo.com/quote/TTWO/,ok,2026-09-06T01:08:26.835796+00:00,included_equity,"ERC-20 totalSupply (token units) divided by Yahoo Finance shares outstanding, times 100. No currentMultiplier adjustment."
UMC,United Microelectronics • Robinhood Token,0x0e6e67ba88e7b5d9b67636a215c76779b948de79,https://robinhoodchain.blockscout.com/token/0x0e6e67ba88e7b5d9b67636a215c76779b948de79,18,1643.565,ok,2026-09-06T00:52:57.083617+00:00,UMC,2507908580,0.000000655352835867725290050245770920405719095231134780837984134174,0.0000655352835867725290050245770920405719095231134780837984134174,20.77,52089262080,EQUITY,https://finance.yahoo.com/quote/UMC/,ok,2026-09-06T01:08:28.391514+00:00,included_equity,"ERC-20 totalSupply (token units) divided by Yahoo Finance shares outstanding, times 100. No currentMultiplier adjustment."
UNH,UnitedHealth • Robinhood Token,0xcf364ea52787e289de6f32077834056e3e70d6a8,https://robinhoodchain.blockscout.com/token/0xcf364ea52787e289de6f32077834056e3e70d6a8,18,224.878,ok,2026-09-06T00:52:58.021171+00:00,UNH,897594847,0.000000250533969475874230369773947688449686476419800569554740324841,0.0000250533969475874230369773947688449686476419800569554740324841,397.14,356470816768,EQUITY,https://finance.yahoo.com/quote/UNH/,ok,2026-09-06T01:08:29.878267+00:00,included_equity,"ERC-20 totalSupply (token units) divided by Yahoo Finance shares outstanding, times 100. No currentMultiplier adjustment."
UPS,UPS • Robinhood Token,0xf23250dac154d05bb671cb0d0ebef3c635c79ce2,https://robinhoodchain.blockscout.com/token/0xf23250dac154d05bb671cb0d0ebef3c635c79ce2,18,4326.68000383,ok,2026-09-06T00:52:58.973492+00:00,UPS,850781582,0.00000508553557736749406970589544332660459497347228656861074362092,0.000508553557736749406970589544332660459497347228656861074362092,102.29,87026450432,EQUITY,https://finance.yahoo.com/quote/UPS/,ok,2026-09-06T01:08:31.385940+00:00,included_equity,"ERC-20 totalSupply (token units) divided by Yahoo Finance shares outstanding, times 100. No currentMultiplier adjustment."
USAR,USA Rare Earth • Robinhood Token,0xd917b029c761d264c6a312bbbcda868658ef86a6,https://robinhoodchain.blockscout.com/token/0xd917b029c761d264c6a312bbbcda868658ef86a6,18,46347.421,ok,2026-09-06T00:52:59.997188+00:00,USAR,244720099,0.000189389515570602968741035038564609276330833782475709116152327,0.0189389515570602968741035038564609276330833782475709116152327,17.61,4309520896,EQUITY,https://finance.yahoo.com/quote/USAR/,ok,2026-09-06T01:08:32.962238+00:00,included_equity,"ERC-20 totalSupply (token units) divided by Yahoo Finance shares outstanding, times 100. No currentMultiplier adjustment."
USO,United States Oil Fund • Robinhood Token,0xa30fa36db767ad9ed3f7a60fc79526fb4d56d344,https://robinhoodchain.blockscout.com/token/0xa30fa36db767ad9ed3f7a60fc79526fb4d56d344,18,10576.078,ok,2026-09-06T00:53:00.955058+00:00,USO,119100000,0.0000887999832073887489504617968094038623005877413937867338371117,0.00887999832073887489504617968094038623005877413937867338371117,141.96,,ETF,https://finance.yahoo.com/quote/USO/,ok,2026-09-06T01:08:34.431383+00:00,excluded_yahoo_quote_type_not_equity,"ERC-20 totalSupply (token units) divided by Yahoo Finance shares outstanding, times 100. No currentMultiplier adjustment."
VICR,Vicor • Robinhood Token,0x6006ed4b2f94110851ff7509d97d034f0eed9226,https://robinhoodchain.blockscout.com/token/0x6006ed4b2f94110851ff7509d97d034f0eed9226,18,101.742,ok,2026-09-06T00:53:01.901439+00:00,VICR,46106732,0.00000220666257586853043499157563368403555472116306139415823268498,0.000220666257586853043499157563368403555472116306139415823268498,188.55,8693424128,EQUITY,https://finance.yahoo.com/quote/VICR/,ok,2026-09-06T01:08:35.872402+00:00,included_equity,"ERC-20 totalSupply (token units) divided by Yahoo Finance shares outstanding, times 100. No currentMultiplier adjustment."
VRT,Vertiv • Robinhood Token,0xfa78c12e6488814a0262e4e802749a4a737d5fb7,https://robinhoodchain.blockscout.com/token/0xfa78c12e6488814a0262e4e802749a4a737d5fb7,18,174.841,ok,2026-09-06T00:53:02.837359+00:00,VRT,384988173,0.000000454146418674528996505043286095960147845892398362066047156207,0.0000454146418674528996505043286095960147845892398362066047156207,280.53,108000731136,EQUITY,https://finance.yahoo.com/quote/VRT/,ok,2026-09-06T01:08:37.522154+00:00,included_equity,"ERC-20 totalSupply (token units) divided by Yahoo Finance shares outstanding, times 100. No currentMultiplier adjustment."
VSAT,ViaSat • Robinhood Token,0x26dcbfb34fc83cabd6990f449674efdc6097ff85,https://robinhoodchain.blockscout.com/token/0x26dcbfb34fc83cabd6990f449674efdc6097ff85,18,356.629,ok,2026-09-06T00:53:03.789118+00:00,VSAT,137755810,0.00000258884906560383914115854714222216834266373229557432096693417,0.000258884906560383914115854714222216834266373229557432096693417,75.32,10375767040,EQUITY,https://finance.yahoo.com/quote/VSAT/,ok,2026-09-06T01:08:39.004689+00:00,included_equity,"ERC-20 totalSupply (token units) divided by Yahoo Finance shares outstanding, times 100. No currentMultiplier adjustment."
VST,Vistra • Robinhood Token,0x561e2a49212b7ccf47f2744ccb83e200722fadbc,https://robinhoodchain.blockscout.com/token/0x561e2a49212b7ccf47f2744ccb83e200722fadbc,18,244.797,ok,2026-09-06T00:53:04.741377+00:00,VST,335635195,0.000000729354381324640283924932246750821230175220450286806185507453,0.0000729354381324640283924932246750821230175220450286806185507453,149.3,50110337024,EQUITY,https://finance.yahoo.com/quote/VST/,ok,2026-09-06T01:08:40.579019+00:00,included_equity,"ERC-20 totalSupply (token units) divided by Yahoo Finance shares outstanding, times 100. No currentMultiplier adjustment."
VTI,Vanguard Morningstar Total Stock Market ETF • Robinhood Token,0x0594134df3f171a354d9c85ebd65b7a6148f6d09,https://robinhoodchain.blockscout.com/token/0x0594134df3f171a354d9c85ebd65b7a6148f6d09,18,43.892,ok,2026-09-06T00:53:05.761797+00:00,VTI,743262976,0.0000000590531230765892474644129186383689855688439403713820934355272,0.00000590531230765892474644129186383689855688439403713820934355272,379.73,,ETF,https://finance.yahoo.com/quote/VTI/,ok,2026-09-06T01:08:42.047736+00:00,excluded_yahoo_quote_type_not_equity,"ERC-20 totalSupply (token units) divided by Yahoo Finance shares outstanding, times 100. No currentMultiplier adjustment."
WDAY,Workday • Robinhood Token,0x82da4646242e1d962e96e932269dc644c94a9caa,https://robinhoodchain.blockscout.com/token/0x82da4646242e1d962e96e932269dc644c94a9caa,18,637.583,ok,2026-09-06T00:53:06.711494+00:00,WDAY,241000000,0.00000264557261410788381742738589211618257261410788381742738589212,0.000264557261410788381742738589211618257261410788381742738589212,195.79,47185387520,EQUITY,https://finance.yahoo.com/quote/WDAY/,ok,2026-09-06T01:08:43.589175+00:00,included_equity,"ERC-20 totalSupply (token units) divided by Yahoo Finance shares outstanding, times 100. No currentMultiplier adjustment."
WDC,Western Digital • Robinhood Token,0xf52597345a8edf418bc4071b4a35112472277d3e,https://robinhoodchain.blockscout.com/token/0xf52597345a8edf418bc4071b4a35112472277d3e,18,78.735,ok,2026-09-06T00:53:07.669607+00:00,WDC,360540944,0.000000218380190406335653239982641194837499510180458172872593355167,0.0000218380190406335653239982641194837499510180458172872593355167,467.46,168538456064,EQUITY,https://finance.yahoo.com/quote/WDC/,ok,2026-09-06T01:08:45.209232+00:00,included_equity,"ERC-20 totalSupply (token units) divided by Yahoo Finance shares outstanding, times 100. No currentMultiplier adjustment."
WULF,TeraWulf • Robinhood Token,0x348be1a8663f15edde5cdf8a96bb69078f7ab6fd,https://robinhoodchain.blockscout.com/token/0x348be1a8663f15edde5cdf8a96bb69078f7ab6fd,18,3662.193,ok,2026-09-06T00:53:08.600966+00:00,WULF,498968677,0.00000733952484155633681189971770512560651176907443430562275555425,0.000733952484155633681189971770512560651176907443430562275555425,16.51,8237972992,EQUITY,https://finance.yahoo.com/quote/WULF/,ok,2026-09-06T01:08:46.728370+00:00,included_equity,"ERC-20 totalSupply (token units) divided by Yahoo Finance shares outstanding, times 100. No currentMultiplier adjustment."
WYFI,"WhiteFiber, Inc. • Robinhood Token",0x9e7abd3c9139d14e4c86dce0e455aab7a0c2fb3e,https://robinhoodchain.blockscout.com/token/0x9e7abd3c9139d14e4c86dce0e455aab7a0c2fb3e,18,16598,ok,2026-09-06T00:53:09.548533+00:00,WYFI,38848118,0.000427253644565227072261261150411456225498491329747299470208570,0.0427253644565227072261261150411456225498491329747299470208570,19.54,759092288,EQUITY,https://finance.yahoo.com/quote/WYFI/,ok,2026-09-06T01:08:48.199724+00:00,included_equity,"ERC-20 totalSupply (token units) divided by Yahoo Finance shares outstanding, times 100. No currentMultiplier adjustment."
XLK,State Street Technology Select Sector SPDR ETF • Robinhood Token,0x15cd20759ce7f3285c29a319de2d1a2e098c6f43,https://robinhoodchain.blockscout.com/token/0x15cd20759ce7f3285c29a319de2d1a2e098c6f43,18,317.859,ok,2026-09-06T00:53:10.504651+00:00,XLK,272056000,0.00000116835872026347516687740759255447407886611579968829946775664,0.000116835872026347516687740759255447407886611579968829946775664,187.28,,ETF,https://finance.yahoo.com/quote/XLK/,ok,2026-09-06T01:08:49.735534+00:00,excluded_yahoo_quote_type_not_equity,"ERC-20 totalSupply (token units) divided by Yahoo Finance shares outstanding, times 100. No currentMultiplier adjustment."
XNDU,Xanadu Quantum • Robinhood Token,0xa8eb3bccbf2017ee7cbfb652eb51cf2e1b153289,https://robinhoodchain.blockscout.com/token/0xa8eb3bccbf2017ee7cbfb652eb51cf2e1b153289,18,2095,ok,2026-09-06T00:53:11.538050+00:00,XNDU,304393300,0.00000688254307831348456092824644957691250103073885003382137517481,0.000688254307831348456092824644957691250103073885003382137517481,9.72,2958703104,EQUITY,https://finance.yahoo.com/quote/XNDU/,ok,2026-09-06T01:08:51.190004+00:00,included_equity,"ERC-20 totalSupply (token units) divided by Yahoo Finance shares outstanding, times 100. No currentMultiplier adjustment."
XOM,ExxonMobil Holdings Corporation • Robinhood Token,0xf9b46d3d1b22199d4d1025a9cedb540a33f1a2d5,https://robinhoodchain.blockscout.com/token/0xf9b46d3d1b22199d4d1025a9cedb540a33f1a2d5,18,562.777,ok,2026-09-06T00:53:12.493350+00:00,XOM,4111911960,0.000000136865041244706027217567177678580452875260490742608214792614,0.0000136865041244706027217567177678580452875260490742608214792614,159.47,655726608384,EQUITY,https://finance.yahoo.com/quote/XOM/,ok,2026-09-06T01:08:52.637901+00:00,included_equity,"ERC-20 totalSupply (token units) divided by Yahoo Finance shares outstanding, times 100. No currentMultiplier adjustment."
ZM,Zoom • Robinhood Token,0x44c4f142009036cf477ed2d09932051843137cf1,https://robinhoodchain.blockscout.com/token/0x44c4f142009036cf477ed2d09932051843137cf1,18,1261.472,ok,2026-09-06T00:53:13.435948+00:00,ZM,291783711,0.00000432331193429779909818200920749822117383379225031516581129507,0.000432331193429779909818200920749822117383379225031516581129507,101.33,29566443520,EQUITY,https://finance.yahoo.com/quote/ZM/,ok,2026-09-06T01:08:54.094739+00:00,included_equity,"ERC-20 totalSupply (token units) divided by Yahoo Finance shares outstanding, times 100. No currentMultiplier adjustment."
ZS,Zscaler • Robinhood Token,0x7dc013eb55e436f30d7ed1afe4e36d6e45e3c3f7,https://robinhoodchain.blockscout.com/token/0x7dc013eb55e436f30d7ed1afe4e36d6e45e3c3f7,18,171.561,ok,2026-09-06T00:53:14.485298+00:00,ZS,163054698,0.00000105216839566315347749133852003454693467341860950243825541292,0.000105216839566315347749133852003454693467341860950243825541292,169.8,27686688768,EQUITY,https://finance.yahoo.com/quote/ZS/,ok,2026-09-06T01:08:55.680239+00:00,included_equity,"ERC-20 totalSupply (token units) divided by Yahoo Finance shares outstanding, times 100. No currentMultiplier adjustment."
