取得時刻UTC,公式トークン,公式トークン名,公式コントラクト,公式コントラクト確認URL,相手シンボル,相手名称,相手コントラクト,相手コントラクト確認URL,DEX,プールID又はpairAddress,DEX Screener URL,ペア作成時刻UTC,流動性USD（API時点）,24時間出来高USD（API時点）,24時間買い件数（API時点）,24時間売り件数（API時点）,API表示価格USD,labels
2026-09-06T06:18:35.508044+00:00,AMC,AMC Entertainment • Robinhood Token,0x05a3d1cd21d0c88145e82600e62e7e496e0f222b,https://robinhoodchain.blockscout.com/token/0x05a3d1cd21d0c88145e82600e62e7e496e0f222b,MEME,A Meme Coin,0x385f4f8ae47651ce5f58f5265395a669f8281e18,https://robinhoodchain.blockscout.com/token/0x385f4f8ae47651ce5f58f5265395a669f8281e18,uniswap,0x27ccf0a6d1ee74840220715bcca7d3b01e0d33aa30d0259b47ae1585b3f4c071,https://dexscreener.com/robinhood/0x27ccf0a6d1ee74840220715bcca7d3b01e0d33aa30d0259b47ae1585b3f4c071,2026-09-03T20:30:05+00:00,2313464.55,9602542.71,9640,8525,2.57,v4
2026-09-06T06:19:14.541277+00:00,HIMS,Hims & Hers Health • Robinhood Token,0xccee82fe024c36fa15e1005ede3e9e4787e23d09,https://robinhoodchain.blockscout.com/token/0xccee82fe024c36fa15e1005ede3e9e4787e23d09,BONER,Boner Coin,0x98096d17e191b3da1d5f99a6d7b3584351b11e18,https://robinhoodchain.blockscout.com/token/0x98096d17e191b3da1d5f99a6d7b3584351b11e18,uniswap,0x9c89b04303dfa76f3f6fb02c2b77be0e8a00ab8fa00d507119acd54ab3e8640d,https://dexscreener.com/robinhood/0x9c89b04303dfa76f3f6fb02c2b77be0e8a00ab8fa00d507119acd54ab3e8640d,2026-08-20T20:59:46+00:00,1818324.06,1941242.32,2065,2441,0.03081,v4
2026-09-06T06:19:36.142293+00:00,MU,Micron Technology • Robinhood Token,0xff080c8ce2e5feadaca0da81314ae59d232d4afd,https://robinhoodchain.blockscout.com/token/0xff080c8ce2e5feadaca0da81314ae59d232d4afd,MOO,Memory cow Moo,0xd9db30bb0d2b8d2eae3826a1372117e058791e18,https://robinhoodchain.blockscout.com/token/0xd9db30bb0d2b8d2eae3826a1372117e058791e18,uniswap,0xc3cc877a8a7d28efdb5dbec9ae71724652431e6411aa1a9fc8928028da554aa1,https://dexscreener.com/robinhood/0xc3cc877a8a7d28efdb5dbec9ae71724652431e6411aa1a9fc8928028da554aa1,2026-07-20T18:35:02+00:00,1369980.57,3814638.56,1277,2338,0.01819,v4
2026-09-06T06:19:36.142293+00:00,MU,Micron Technology • Robinhood Token,0xff080c8ce2e5feadaca0da81314ae59d232d4afd,https://robinhoodchain.blockscout.com/token/0xff080c8ce2e5feadaca0da81314ae59d232d4afd,SEMI,semivault.xyz,0x5f038759f6de38fd3a85c0440daff1240238bac8,https://robinhoodchain.blockscout.com/token/0x5f038759f6de38fd3a85c0440daff1240238bac8,uniswap,0xe35635d91eccd183aa5925c7a26bdaedef1fa07e312742689cc39afd8f04e121,https://dexscreener.com/robinhood/0xe35635d91eccd183aa5925c7a26bdaedef1fa07e312742689cc39afd8f04e121,2026-08-13T23:07:47+00:00,848465.86,372484.71,249,329,0.01044,v4
2026-09-06T06:19:36.142293+00:00,MU,Micron Technology • Robinhood Token,0xff080c8ce2e5feadaca0da81314ae59d232d4afd,https://robinhoodchain.blockscout.com/token/0xff080c8ce2e5feadaca0da81314ae59d232d4afd,SHROOM,MUSHROOM,0xab093def657f15df31b33922a95e047add645b29,https://robinhoodchain.blockscout.com/token/0xab093def657f15df31b33922a95e047add645b29,uniswap,0xbacecf788d2279f65da62d7bf69f4de28580a88bec56847c8d2ba6fbdd73f6eb,https://dexscreener.com/robinhood/0xbacecf788d2279f65da62d7bf69f4de28580a88bec56847c8d2ba6fbdd73f6eb,2026-09-02T14:47:06+00:00,598366.1,2679356.57,2239,1853,0.04669,v4
2026-09-06T06:20:07.577878+00:00,SNAP,Snap • Robinhood Token,0xf6589f11bc40b669e584073f428b05562f568733,https://robinhoodchain.blockscout.com/token/0xf6589f11bc40b669e584073f428b05562f568733,NUDES,Send Nudes,0xbe98b75361935b18d688409424a869a4c3dc7401,https://robinhoodchain.blockscout.com/token/0xbe98b75361935b18d688409424a869a4c3dc7401,uniswap,0x383957bce2341f59ff97c47eda2ad3b3b839b7050adc8a4747a398abca0ad552,https://dexscreener.com/robinhood/0x383957bce2341f59ff97c47eda2ad3b3b839b7050adc8a4747a398abca0ad552,2026-09-01T19:37:25+00:00,557998.75,2822569.6,2070,1941,0.01907,v4
2026-09-06T06:19:26.891455+00:00,LLY,Eli Lilly • Robinhood Token,0x8005d266423c7ea827372c9c864491e5786600ea,https://robinhoodchain.blockscout.com/token/0x8005d266423c7ea827372c9c864491e5786600ea,FATCOIN,FATCOIN,0x12d5ee7917ca430073c3a638ee1e6f0648a98a01,https://robinhoodchain.blockscout.com/token/0x12d5ee7917ca430073c3a638ee1e6f0648a98a01,uniswap,0x46ba8216b5d05ff33427b976663836ec5b34b3e261f374f9a5e773d776d3af85,https://dexscreener.com/robinhood/0x46ba8216b5d05ff33427b976663836ec5b34b3e261f374f9a5e773d776d3af85,2026-09-01T14:34:31+00:00,544128.73,4550773.38,2583,2764,1148.93,v4
2026-09-06T06:20:24.307365+00:00,WYFI,"WhiteFiber, Inc. • Robinhood Token",0x9e7abd3c9139d14e4c86dce0e455aab7a0c2fb3e,https://robinhoodchain.blockscout.com/token/0x9e7abd3c9139d14e4c86dce0e455aab7a0c2fb3e,WIFI,WIFI,0x7468b3f4198d99d4a476ab3200f6f77b2a35fa2f,https://robinhoodchain.blockscout.com/token/0x7468b3f4198d99d4a476ab3200f6f77b2a35fa2f,uniswap,0x13caa76e1c250357f1df65d9e4c584206b3a0d3fdaca5e5040ce4d5632c5c1a5,https://dexscreener.com/robinhood/0x13caa76e1c250357f1df65d9e4c584206b3a0d3fdaca5e5040ce4d5632c5c1a5,2026-09-05T10:07:07+00:00,522270.69,6280.61,3,3,0.0005222,v4
2026-09-06T06:20:15.476079+00:00,TSM,Taiwan Semiconductor Manufacturing • Robinhood Token,0x58ffe4a942d3885baa22d7520691f611ef09e7aa,https://robinhoodchain.blockscout.com/token/0x58ffe4a942d3885baa22d7520691f611ef09e7aa,AU,AUTSM,0xd4aae326ddd1a2537a92c00e6576e4605e5d1e18,https://robinhoodchain.blockscout.com/token/0xd4aae326ddd1a2537a92c00e6576e4605e5d1e18,uniswap,0xa656346c328c7185f783e78936b68eb5868aa9cf5809260320b279f7e13790fc,https://dexscreener.com/robinhood/0xa656346c328c7185f783e78936b68eb5868aa9cf5809260320b279f7e13790fc,2026-08-28T02:51:30+00:00,482085.79,1030734.42,2479,2624,0.00215,v4
2026-09-06T06:19:35.005904+00:00,MSTR,Strategy Inc. • Robinhood Token,0xec262a75e413fafd0df80480274532c79d42da09,https://robinhoodchain.blockscout.com/token/0xec262a75e413fafd0df80480274532c79d42da09,SAYLORMOON,SAYLORMOON,0xd18528b39da6464b3662c331a52181ecb15b1e18,https://robinhoodchain.blockscout.com/token/0xd18528b39da6464b3662c331a52181ecb15b1e18,uniswap,0xd1c2f6cb178a165a643deae8752098dea08d51b6170cd8e36e196ef03dc74751,https://dexscreener.com/robinhood/0xd1c2f6cb178a165a643deae8752098dea08d51b6170cd8e36e196ef03dc74751,2026-08-29T01:55:57+00:00,477991.03,1019847.34,2662,2612,0.00185,v4
2026-09-06T06:19:35.005904+00:00,MSTR,Strategy Inc. • Robinhood Token,0xec262a75e413fafd0df80480274532c79d42da09,https://robinhoodchain.blockscout.com/token/0xec262a75e413fafd0df80480274532c79d42da09,STRATEGY,Strategy Coin,0x168661c52e5922288dfb2b3f323b6cf90eb21e18,https://robinhoodchain.blockscout.com/token/0x168661c52e5922288dfb2b3f323b6cf90eb21e18,uniswap,0xa6975f4720a95aa9cdfa9b010a065b0e941534c93f9fa708104c08f0ac029ca0,https://dexscreener.com/robinhood/0xa6975f4720a95aa9cdfa9b010a065b0e941534c93f9fa708104c08f0ac029ca0,2026-09-04T13:54:33+00:00,388283.6,1051661.33,4926,5723,0.001668,v4
2026-09-06T06:19:34.442877+00:00,MSFT,Microsoft • Robinhood Token,0xe93237c50d904957cf27e7b1133b510c669c2e74,https://robinhoodchain.blockscout.com/token/0xe93237c50d904957cf27e7b1133b510c669c2e74,CLIPPY,Clippy,0x85856f025bf13b8fd2aae2f6da458318744f1e18,https://robinhoodchain.blockscout.com/token/0x85856f025bf13b8fd2aae2f6da458318744f1e18,uniswap,0xb3e164e6cce432f23a0d553f37091216963010de78c5d3ca80d1d56aadab3e25,https://dexscreener.com/robinhood/0xb3e164e6cce432f23a0d553f37091216963010de78c5d3ca80d1d56aadab3e25,2026-07-17T19:36:30+00:00,308938.53,247535.41,221,394,0.001068,v4
2026-09-06T06:19:52.459864+00:00,PLTR,Palantir Technologies • Robinhood Token,0x894e1ec2d74ffe5aef8dc8a9e84686accb964f2a,https://robinhoodchain.blockscout.com/token/0x894e1ec2d74ffe5aef8dc8a9e84686accb964f2a,MONITOR,The Situation,0x1a911bb954daa9cb38513423075be74450351e18,https://robinhoodchain.blockscout.com/token/0x1a911bb954daa9cb38513423075be74450351e18,uniswap,0xcfa7bb34e23a7022c3de3e1618e1ff29cde8f16a76c341eca19d16f928968a3d,https://dexscreener.com/robinhood/0xcfa7bb34e23a7022c3de3e1618e1ff29cde8f16a76c341eca19d16f928968a3d,2026-09-02T01:38:15+00:00,246737.77,530132.95,1684,1826,0.0008,v4
2026-09-06T06:20:08.149298+00:00,SNDK,Sandisk Corporation • Robinhood Token,0xb90a19ff0af67f7779aff50a882a9cff42446400,https://robinhoodchain.blockscout.com/token/0xb90a19ff0af67f7779aff50a882a9cff42446400,CACHE,Cache Cow,0xafe41f4356c24f716111de1fbbc84e061d291e18,https://robinhoodchain.blockscout.com/token/0xafe41f4356c24f716111de1fbbc84e061d291e18,uniswap,0x23bcbfacd38446f8beaeb3af134e7028a2c385149b2fae415fe83775bb9a404b,https://dexscreener.com/robinhood/0x23bcbfacd38446f8beaeb3af134e7028a2c385149b2fae415fe83775bb9a404b,2026-08-28T01:47:59+00:00,246536.8,600693.33,1438,1505,0.0006095,v4
2026-09-06T06:19:26.891455+00:00,LLY,Eli Lilly • Robinhood Token,0x8005d266423c7ea827372c9c864491e5786600ea,https://robinhoodchain.blockscout.com/token/0x8005d266423c7ea827372c9c864491e5786600ea,PEPTIDES,Peptides,0x52f380a513112428723abf8afed125824e4a1e18,https://robinhoodchain.blockscout.com/token/0x52f380a513112428723abf8afed125824e4a1e18,uniswap,0x6a2423f70a10915bc776300f952e0bebb8361f47b8eedcdae057c7d75a0d0754,https://dexscreener.com/robinhood/0x6a2423f70a10915bc776300f952e0bebb8361f47b8eedcdae057c7d75a0d0754,2026-09-02T08:33:53+00:00,235089.53,416976.89,2603,2395,0.000497,v4
2026-09-06T06:19:39.642014+00:00,NFLX,Netflix • Robinhood Token,0xe0444ef8bf4ed74f74fd73686e2ddf4c1c5591e8,https://robinhoodchain.blockscout.com/token/0xe0444ef8bf4ed74f74fd73686e2ddf4c1c5591e8,THEINVESTOR,"The ""Investor""",0x7c92cffb9862723cdba55a4e34dcbeb164211e18,https://robinhoodchain.blockscout.com/token/0x7c92cffb9862723cdba55a4e34dcbeb164211e18,uniswap,0x6ebc80bb8d786e7f1e5b439d3929dc868f564db4cabc9a89bba386195d9abd2a,https://dexscreener.com/robinhood/0x6ebc80bb8d786e7f1e5b439d3929dc868f564db4cabc9a89bba386195d9abd2a,2026-09-04T17:49:40+00:00,225432.46,1.7,2,1,0.0002253,v4
2026-09-06T06:19:04.693077+00:00,FIG,Figma • Robinhood Token,0x41f4267525a8aff329540ef24fd83d9044758b33,https://robinhoodchain.blockscout.com/token/0x41f4267525a8aff329540ef24fd83d9044758b33,LIGMA,Ligma,0x9f2c82a2b5c40472a3c6aa3d678c5858345ec71e,https://robinhoodchain.blockscout.com/token/0x9f2c82a2b5c40472a3c6aa3d678c5858345ec71e,uniswap,0x444951a2f8a271ca2b381c8dd4ff564deba485e6e8520624fc97d8e2c0399154,https://dexscreener.com/robinhood/0x444951a2f8a271ca2b381c8dd4ff564deba485e6e8520624fc97d8e2c0399154,2026-09-01T16:06:37+00:00,211946.47,569495.43,529,531,0.002849,v4
2026-09-06T06:19:18.914056+00:00,INTC,Intel • Robinhood Token,0xc72b96e0e48ecd4dc75e1e45396e26300bc39681,https://robinhoodchain.blockscout.com/token/0xc72b96e0e48ecd4dc75e1e45396e26300bc39681,INCEL,Incel Inside,0x12d834f0780c367909319c73f42310dc0b201e18,https://robinhoodchain.blockscout.com/token/0x12d834f0780c367909319c73f42310dc0b201e18,uniswap,0x11de7647f85f5772f09a2f81872e12993de0ea4fdb3b9df2302ef4da85e6aef0,https://dexscreener.com/robinhood/0x11de7647f85f5772f09a2f81872e12993de0ea4fdb3b9df2302ef4da85e6aef0,2026-07-22T13:20:04+00:00,187850.44,266179.52,358,628,0.000549,v4
2026-09-06T06:18:45.799965+00:00,BB,Blackberry • Robinhood Token,0x48e39e56acdba37b09020c0b734a613c9a2f100a,https://robinhoodchain.blockscout.com/token/0x48e39e56acdba37b09020c0b734a613c9a2f100a,BLACKMARKET,Black Market,0xf51f40acdad983490f159eaa4193d3e474c69e05,https://robinhoodchain.blockscout.com/token/0xf51f40acdad983490f159eaa4193d3e474c69e05,abyss,0xEeC448EF3A334eF95DD4B3b21F465762d5870E49,https://dexscreener.com/robinhood/0xeec448ef3a334ef95dd4b3b21f465762d5870e49,2026-09-06T02:57:29+00:00,181887.75,24.75,1,0,1.818e-06,
2026-09-06T06:19:13.284882+00:00,GOOGL,Alphabet Class A • Robinhood Token,0x2e0847e8910a9732eb3fb1bb4b70a580adad4fe3,https://robinhoodchain.blockscout.com/token/0x2e0847e8910a9732eb3fb1bb4b70a580adad4fe3,QUBIT,Qubit,0xd1e92ba7c7355c2698addd894919cba198601e18,https://robinhoodchain.blockscout.com/token/0xd1e92ba7c7355c2698addd894919cba198601e18,uniswap,0xfce98dcd43a9c0bdfdb5d5c10c87db298294426faf9b03d47caa5cec0ef16a03,https://dexscreener.com/robinhood/0xfce98dcd43a9c0bdfdb5d5c10c87db298294426faf9b03d47caa5cec0ef16a03,2026-08-28T17:00:20+00:00,179056.07,432200.11,1873,1991,0.0004313,v4
2026-09-06T06:20:15.476079+00:00,TSM,Taiwan Semiconductor Manufacturing • Robinhood Token,0x58ffe4a942d3885baa22d7520691f611ef09e7aa,https://robinhoodchain.blockscout.com/token/0x58ffe4a942d3885baa22d7520691f611ef09e7aa,TAIWAN,Taiwan Coin,0xaa0b48defde440b8445ba45db88cb076cf261e18,https://robinhoodchain.blockscout.com/token/0xaa0b48defde440b8445ba45db88cb076cf261e18,uniswap,0x1b31cea0ab55d9f08db1ba7a9dfedddef48e9b7803a0ed39092fb6cd4756ecc2,https://dexscreener.com/robinhood/0x1b31cea0ab55d9f08db1ba7a9dfedddef48e9b7803a0ed39092fb6cd4756ecc2,2026-08-31T17:46:47+00:00,170766.77,112522.07,397,410,0.0003495,v4
2026-09-06T06:20:01.479682+00:00,RIVN,Rivian Automotive • Robinhood Token,0xb1bf26c1d20ff267a4f93550d1e0d06ac40a114b,https://robinhoodchain.blockscout.com/token/0xb1bf26c1d20ff267a4f93550d1e0d06ac40a114b,DIESEL,Diesel,0xed44a1b434d59b8c4f162d67a43eb198d4c64cb6,https://robinhoodchain.blockscout.com/token/0xed44a1b434d59b8c4f162d67a43eb198d4c64cb6,abyss,0x765861502B282fD5787f66636ac14899eB433EA9,https://dexscreener.com/robinhood/0x765861502b282fd5787f66636ac14899eb433ea9,2026-09-04T23:20:20+00:00,161791.29,179989.54,93,43,0.002079,
2026-09-06T06:20:24.307365+00:00,WYFI,"WhiteFiber, Inc. • Robinhood Token",0x9e7abd3c9139d14e4c86dce0e455aab7a0c2fb3e,https://robinhoodchain.blockscout.com/token/0x9e7abd3c9139d14e4c86dce0e455aab7a0c2fb3e,Rabbit,Quantum White Fiber Rabbit,0x73822cc9f04820d9b846e36cb354567cb08a17af,https://robinhoodchain.blockscout.com/token/0x73822cc9f04820d9b846e36cb354567cb08a17af,uniswap,0xc7c33246e37bb583b264127a40c7c20c4e8fd2748228b7c8970c9ef12d13755f,https://dexscreener.com/robinhood/0xc7c33246e37bb583b264127a40c7c20c4e8fd2748228b7c8970c9ef12d13755f,2026-09-02T03:46:02+00:00,161626.25,7250.79,1,1,9.793e-05,v4
2026-09-06T06:19:52.459864+00:00,PLTR,Palantir Technologies • Robinhood Token,0x894e1ec2d74ffe5aef8dc8a9e84686accb964f2a,https://robinhoodchain.blockscout.com/token/0x894e1ec2d74ffe5aef8dc8a9e84686accb964f2a,GOYBEAM,GOYBEAM,0x1fe2abf68aad1d5b7a0339fbbfdbad8e2b1d1e18,https://robinhoodchain.blockscout.com/token/0x1fe2abf68aad1d5b7a0339fbbfdbad8e2b1d1e18,uniswap,0x069cdb4fbe913170e700159de4d5926d1de145d1c4d0e3acda27e5e94612b2bb,https://dexscreener.com/robinhood/0x069cdb4fbe913170e700159de4d5926d1de145d1c4d0e3acda27e5e94612b2bb,2026-07-20T23:57:21+00:00,159625.43,98226.29,163,294,0.0003181,v4
2026-09-06T06:20:16.854792+00:00,TTWO,Take-Two Interactive Software • Robinhood Token,0x5e81213613b6b86eab4c6c50d718d34359459786,https://robinhoodchain.blockscout.com/token/0x5e81213613b6b86eab4c6c50d718d34359459786,LUCIA,LUCIA,0xae12303bd73442d3c8dba9a58b164070d78a1e18,https://robinhoodchain.blockscout.com/token/0xae12303bd73442d3c8dba9a58b164070d78a1e18,uniswap,0xf8b8b1dfecbe59a8306226b62437e4682519215ccad3343ff651b8f74e5cf0a8,https://dexscreener.com/robinhood/0xf8b8b1dfecbe59a8306226b62437e4682519215ccad3343ff651b8f74e5cf0a8,2026-08-29T05:11:34+00:00,156123.95,352871.63,2113,2297,0.0003289,v4
2026-09-06T06:19:50.313486+00:00,PENG,Penguin Solutions • Robinhood Token,0x9b23573b156b52565012f5ce02cdf60afbaa70be,https://robinhoodchain.blockscout.com/token/0x9b23573b156b52565012f5ce02cdf60afbaa70be,CHANG,CHANG,0xcbb3459375f03241a6201a6f42c2dbf3ce441e18,https://robinhoodchain.blockscout.com/token/0xcbb3459375f03241a6201a6f42c2dbf3ce441e18,uniswap,0xa03e450a11c2f8f8a67243454e42ec216c9f3d1117ab879fbfb3d888a947951e,https://dexscreener.com/robinhood/0xa03e450a11c2f8f8a67243454e42ec216c9f3d1117ab879fbfb3d888a947951e,2026-09-04T00:00:44+00:00,147084.26,280831.86,1705,1547,0.0002829,v4
2026-09-06T06:19:35.005904+00:00,MSTR,Strategy Inc. • Robinhood Token,0xec262a75e413fafd0df80480274532c79d42da09,https://robinhoodchain.blockscout.com/token/0xec262a75e413fafd0df80480274532c79d42da09,SHROOM,MUSHROOM,0xab093def657f15df31b33922a95e047add645b29,https://robinhoodchain.blockscout.com/token/0xab093def657f15df31b33922a95e047add645b29,uniswap,0x52633d55ebe07d302d0baadbaad8cabe1c6c2c31ffa32dd4943033dcdbe91257,https://dexscreener.com/robinhood/0x52633d55ebe07d302d0baadbaad8cabe1c6c2c31ffa32dd4943033dcdbe91257,2026-09-04T05:33:53+00:00,134499.04,50399.28,18,66,154.091,v4
2026-09-06T06:19:51.064239+00:00,PFE,Pfizer • Robinhood Token,0x7066a64c24e4206cd62e83bf198c1e7eb361f51e,https://robinhoodchain.blockscout.com/token/0x7066a64c24e4206cd62e83bf198c1e7eb361f51e,SHROOM,MUSHROOM,0xab093def657f15df31b33922a95e047add645b29,https://robinhoodchain.blockscout.com/token/0xab093def657f15df31b33922a95e047add645b29,uniswap,0x07d0145314a4ae1a68daba53ac1096dc09f15473a96bc165dc85f428ffd11883,https://dexscreener.com/robinhood/0x07d0145314a4ae1a68daba53ac1096dc09f15473a96bc165dc85f428ffd11883,2026-09-04T06:04:41+00:00,132041.01,44497.41,18,61,30.46,v4
2026-09-06T06:19:14.541277+00:00,HIMS,Hims & Hers Health • Robinhood Token,0xccee82fe024c36fa15e1005ede3e9e4787e23d09,https://robinhoodchain.blockscout.com/token/0xccee82fe024c36fa15e1005ede3e9e4787e23d09,SHROOM,MUSHROOM,0xab093def657f15df31b33922a95e047add645b29,https://robinhoodchain.blockscout.com/token/0xab093def657f15df31b33922a95e047add645b29,uniswap,0xc4c874974910f9bd738ebee59127dba52bee1b2c515628717e58a54c6b07e3fe,https://dexscreener.com/robinhood/0xc4c874974910f9bd738ebee59127dba52bee1b2c515628717e58a54c6b07e3fe,2026-09-04T06:00:38+00:00,129426.55,36500.88,51,15,0.04478,v4
2026-09-06T06:18:56.031479+00:00,CRCL,Circle Internet Group • Robinhood Token,0xdf0992e440dd0be65bd8439b609d6d4366bf1cb5,https://robinhoodchain.blockscout.com/token/0xdf0992e440dd0be65bd8439b609d6d4366bf1cb5,SHROOM,MUSHROOM,0xab093def657f15df31b33922a95e047add645b29,https://robinhoodchain.blockscout.com/token/0xab093def657f15df31b33922a95e047add645b29,uniswap,0x9c61aae850281604759181d2809eeb118d93b52dbf441c31526ebca5dad0b336,https://dexscreener.com/robinhood/0x9c61aae850281604759181d2809eeb118d93b52dbf441c31526ebca5dad0b336,2026-09-04T05:39:23+00:00,127027.78,45039.01,9,55,107.9,v4
2026-09-06T06:18:54.926065+00:00,COIN,Coinbase • Robinhood Token,0x6330d8c3178a418788df01a47479c0ce7ccf450b,https://robinhoodchain.blockscout.com/token/0x6330d8c3178a418788df01a47479c0ce7ccf450b,SHROOM,MUSHROOM,0xab093def657f15df31b33922a95e047add645b29,https://robinhoodchain.blockscout.com/token/0xab093def657f15df31b33922a95e047add645b29,uniswap,0x64127ce14f035d85c8902c114eaf264e32caef0778392f41317e2627ff9f57bf,https://dexscreener.com/robinhood/0x64127ce14f035d85c8902c114eaf264e32caef0778392f41317e2627ff9f57bf,2026-09-04T05:54:28+00:00,125164.25,39330.97,43,22,0.04575,v4
2026-09-06T06:19:22.218506+00:00,JNJ,Johnson & Johnson • Robinhood Token,0x03dfbbe0ac4e7bcdafd08ed41a400326b77d8c80,https://robinhoodchain.blockscout.com/token/0x03dfbbe0ac4e7bcdafd08ed41a400326b77d8c80,SHROOM,MUSHROOM,0xab093def657f15df31b33922a95e047add645b29,https://robinhoodchain.blockscout.com/token/0xab093def657f15df31b33922a95e047add645b29,uniswap,0xe4e725108317939c985943920dbd58830e74facd79b0dedaf66ea56363ef9245,https://dexscreener.com/robinhood/0xe4e725108317939c985943920dbd58830e74facd79b0dedaf66ea56363ef9245,2026-09-04T06:02:52+00:00,124415.03,41011.6,8,54,289.52,v4
2026-09-06T06:20:19.332358+00:00,USAR,USA Rare Earth • Robinhood Token,0xd917b029c761d264c6a312bbbcda868658ef86a6,https://robinhoodchain.blockscout.com/token/0xd917b029c761d264c6a312bbbcda868658ef86a6,CUM,Cummingtonite,0x7a6a3b93cb3ffead8b180b5f537e0ce7832d1e18,https://robinhoodchain.blockscout.com/token/0x7a6a3b93cb3ffead8b180b5f537e0ce7832d1e18,uniswap,0x126bc1113f7f521074efe36c47878517628365d1144c9e26dec9347e8040f2e6,https://dexscreener.com/robinhood/0x126bc1113f7f521074efe36c47878517628365d1144c9e26dec9347e8040f2e6,2026-09-01T22:22:15+00:00,123680.31,162976.17,1026,1044,0.0002123,v4
2026-09-06T06:19:59.083087+00:00,RDDT,Reddit • Robinhood Token,0x05b37fb53a299a1b874a619e1c4c404d52c36f4c,https://robinhoodchain.blockscout.com/token/0x05b37fb53a299a1b874a619e1c4c404d52c36f4c,SNOO,Snoo,0x939ca34ce2dc5845f4bff8079fc6ccd6ab641e18,https://robinhoodchain.blockscout.com/token/0x939ca34ce2dc5845f4bff8079fc6ccd6ab641e18,uniswap,0x93bac4d4ba985d13838eb157b8380468ca1a5f14e607531b2ede1a061addbb48,https://dexscreener.com/robinhood/0x93bac4d4ba985d13838eb157b8380468ca1a5f14e607531b2ede1a061addbb48,2026-08-03T06:15:08+00:00,120304.26,42260.5,244,236,0.0002029,v4
2026-09-06T06:18:37.273929+00:00,AMZN,Amazon • Robinhood Token,0x12f190a9f9d7d37a250758b26824b97ce941bf54,https://robinhoodchain.blockscout.com/token/0x12f190a9f9d7d37a250758b26824b97ce941bf54,SENDER,SENDER,0x4d41ccaa0eeb95c6ebc56d53adf637198c901e18,https://robinhoodchain.blockscout.com/token/0x4d41ccaa0eeb95c6ebc56d53adf637198c901e18,uniswap,0x2196d7279117bcb2968392f25009634597d133a3410e7d04aed04891969ce960,https://dexscreener.com/robinhood/0x2196d7279117bcb2968392f25009634597d133a3410e7d04aed04891969ce960,2026-09-01T01:45:59+00:00,120103.67,81724.61,405,342,0.0002141,v4
2026-09-06T06:19:26.891455+00:00,LLY,Eli Lilly • Robinhood Token,0x8005d266423c7ea827372c9c864491e5786600ea,https://robinhoodchain.blockscout.com/token/0x8005d266423c7ea827372c9c864491e5786600ea,SHROOM,MUSHROOM,0xab093def657f15df31b33922a95e047add645b29,https://robinhoodchain.blockscout.com/token/0xab093def657f15df31b33922a95e047add645b29,uniswap,0x4aa620b5ffee1e7c9c57f233b25763ac001c4914cc90810a96d3002dbd60acff,https://dexscreener.com/robinhood/0x4aa620b5ffee1e7c9c57f233b25763ac001c4914cc90810a96d3002dbd60acff,2026-09-04T05:40:40+00:00,118941.91,32972.73,45,14,0.04303,v4
2026-09-06T06:19:33.012710+00:00,MRNA,Moderna • Robinhood Token,0x43b07d15ce533bec5476d70c22a78a1b2b662155,https://robinhoodchain.blockscout.com/token/0x43b07d15ce533bec5476d70c22a78a1b2b662155,SHROOM,MUSHROOM,0xab093def657f15df31b33922a95e047add645b29,https://robinhoodchain.blockscout.com/token/0xab093def657f15df31b33922a95e047add645b29,uniswap,0xbf8dc013ceebdf5f83c236bf332601862085d588e53b5a5e85f99a7eeac93591,https://dexscreener.com/robinhood/0xbf8dc013ceebdf5f83c236bf332601862085d588e53b5a5e85f99a7eeac93591,2026-09-04T05:58:22+00:00,118537.55,31870.37,12,44,148.12,v4
2026-09-06T06:19:38.832169+00:00,NET,"Cloudflare, Inc. Class A common stock • Robinhood Token",0x116f00968269b7bfbad4109ce591d6e74c0601d4,https://robinhoodchain.blockscout.com/token/0x116f00968269b7bfbad4109ce591d6e74c0601d4,GLOW,GLOWJAK,0x60ae426259e60781e9f46419eb5b4457947680ab,https://robinhoodchain.blockscout.com/token/0x60ae426259e60781e9f46419eb5b4457947680ab,uniswap,0x0a1bb593900effd3b3aae0339a6fd4d6d7c0f43206bfe85d22d30cad27b9bb48,https://dexscreener.com/robinhood/0x0a1bb593900effd3b3aae0339a6fd4d6d7c0f43206bfe85d22d30cad27b9bb48,2026-09-06T05:07:05+00:00,117817.61,100846.53,396,519,0.0001199,v4
2026-09-06T06:18:46.378627+00:00,BE,Bloom Energy • Robinhood Token,0x822cc93ffd030293e9842c30bbd678f530701867,https://robinhoodchain.blockscout.com/token/0x822cc93ffd030293e9842c30bbd678f530701867,HARAM,HARAMBE,0x4bd2f56720ad5d5aa077d64e57420a357cb91e18,https://robinhoodchain.blockscout.com/token/0x4bd2f56720ad5d5aa077d64e57420a357cb91e18,uniswap,0x12e4a5c1e99c2d20b3ed9f9b357904aeb4ab25e0ded995a54e3d7f1fe410bb52,https://dexscreener.com/robinhood/0x12e4a5c1e99c2d20b3ed9f9b357904aeb4ab25e0ded995a54e3d7f1fe410bb52,2026-09-03T16:57:57+00:00,116351.02,202532.9,785,817,0.0001825,v4
2026-09-06T06:19:01.128821+00:00,DELL,Dell • Robinhood Token,0x941ae714ec6d8130c7b75d67160ca08f1e7d11dd,https://robinhoodchain.blockscout.com/token/0x941ae714ec6d8130c7b75d67160ca08f1e7d11dd,A,Adell,0x05d73a652529f0b1a6dd2b89de26b449ec9f1e18,https://robinhoodchain.blockscout.com/token/0x05d73a652529f0b1a6dd2b89de26b449ec9f1e18,uniswap,0x208434f6fbe8750428ed401c5b424f2367bcce3f23ded52edd6153a9eb5260b9,https://dexscreener.com/robinhood/0x208434f6fbe8750428ed401c5b424f2367bcce3f23ded52edd6153a9eb5260b9,2026-08-31T23:28:18+00:00,110774.95,66015.21,513,522,0.0001798,v4
2026-09-06T06:20:24.307365+00:00,WYFI,"WhiteFiber, Inc. • Robinhood Token",0x9e7abd3c9139d14e4c86dce0e455aab7a0c2fb3e,https://robinhoodchain.blockscout.com/token/0x9e7abd3c9139d14e4c86dce0e455aab7a0c2fb3e,wyfi,dogwithwyfi,0x31fc9098459792dcfca159ab8a2a7f6840d54601,https://robinhoodchain.blockscout.com/token/0x31fc9098459792dcfca159ab8a2a7f6840d54601,uniswap,0xd0a6a49a32f5a95f095a8abbe04f7ed7eb1542c440a2fc28f0dc10a84bf7fd19,https://dexscreener.com/robinhood/0xd0a6a49a32f5a95f095a8abbe04f7ed7eb1542c440a2fc28f0dc10a84bf7fd19,2026-09-03T11:39:14+00:00,109612.96,3181.06,0,2,0.0001096,v4
2026-09-06T06:19:16.415254+00:00,IBM,IBM • Robinhood Token,0x980dcf6766fa79f5cf0c4aadb3ab477ff15a9619,https://robinhoodchain.blockscout.com/token/0x980dcf6766fa79f5cf0c4aadb3ab477ff15a9619,TUX,Tux,0x4e9d3bfbcb90da72808afd5b8566c228ec861e18,https://robinhoodchain.blockscout.com/token/0x4e9d3bfbcb90da72808afd5b8566c228ec861e18,uniswap,0xa3b88a160e23b593a80bed0e986a3c8e0ae0bbe224f1dd819b26422dec276296,https://dexscreener.com/robinhood/0xa3b88a160e23b593a80bed0e986a3c8e0ae0bbe224f1dd819b26422dec276296,2026-08-27T02:05:56+00:00,108245.02,52547.12,306,291,0.0001832,v4
2026-09-06T06:19:01.634065+00:00,DJT,Trump Media & Technology Group • Robinhood Token,0x1d11f0496982706c5e14a514d4e79f2e6bde4516,https://robinhoodchain.blockscout.com/token/0x1d11f0496982706c5e14a514d4e79f2e6bde4516,Magatard,Magatard,0xb51d57cbe67152fd163f59d1e0f950c6b647fb07,https://robinhoodchain.blockscout.com/token/0xb51d57cbe67152fd163f59d1e0f950c6b647fb07,uniswap,0x357c15c846d9e1cd46e6dfaed64a72d21ab241bda4ecd9e6f03227e02d3fcc00,https://dexscreener.com/robinhood/0x357c15c846d9e1cd46e6dfaed64a72d21ab241bda4ecd9e6f03227e02d3fcc00,2026-09-03T13:10:25+00:00,106778.38,1059274.66,1386,1132,0.001646,v4
2026-09-06T06:19:33.012710+00:00,MRNA,Moderna • Robinhood Token,0x43b07d15ce533bec5476d70c22a78a1b2b662155,https://robinhoodchain.blockscout.com/token/0x43b07d15ce533bec5476d70c22a78a1b2b662155,VACCINU,VACCINU,0xcf1968747bc573294e468fd0cdab0dc61b971e18,https://robinhoodchain.blockscout.com/token/0xcf1968747bc573294e468fd0cdab0dc61b971e18,uniswap,0xe4fcea2c4b8fdbd2adf3317b8253b6967ff9e542bfba310642ea81a8b09ce5e6,https://dexscreener.com/robinhood/0xe4fcea2c4b8fdbd2adf3317b8253b6967ff9e542bfba310642ea81a8b09ce5e6,2026-09-01T22:36:37+00:00,91311.55,82048.8,576,615,0.0001391,v4
2026-09-06T06:20:01.479682+00:00,RIVN,Rivian Automotive • Robinhood Token,0xb1bf26c1d20ff267a4f93550d1e0d06ac40a114b,https://robinhoodchain.blockscout.com/token/0xb1bf26c1d20ff267a4f93550d1e0d06ac40a114b,RIDE,RHIVIAN,0x8b3e3ba1a55b939f93f0a205f94520b9468e17f8,https://robinhoodchain.blockscout.com/token/0x8b3e3ba1a55b939f93f0a205f94520b9468e17f8,uniswap,0x255cce38af51f693038110410f0c3d111698945eb5f9aec414af11ec9b9bcf44,https://dexscreener.com/robinhood/0x255cce38af51f693038110410f0c3d111698945eb5f9aec414af11ec9b9bcf44,2026-09-04T01:22:33+00:00,88691.01,896825.99,5592,3630,0.0008929,v4
2026-09-06T06:18:55.423631+00:00,COST,Costco • Robinhood Token,0x4ea005168d7f09a7a0ba9d1def21a479950e44c2,https://robinhoodchain.blockscout.com/token/0x4ea005168d7f09a7a0ba9d1def21a479950e44c2,HOTDOG,hotdog,0x1c1daef0300551adbfbe403e7d567b6c5aff566f,https://robinhoodchain.blockscout.com/token/0x1c1daef0300551adbfbe403e7d567b6c5aff566f,uniswap,0x6d16129c968395aa5b2b47527bc6ccd78bed27748271891b73baa323fdbca250,https://dexscreener.com/robinhood/0x6d16129c968395aa5b2b47527bc6ccd78bed27748271891b73baa323fdbca250,2026-09-02T20:06:14+00:00,87971.24,969426.3,1878,1617,0.001184,v4
2026-09-06T06:19:59.083087+00:00,RDDT,Reddit • Robinhood Token,0x05b37fb53a299a1b874a619e1c4c404d52c36f4c,https://robinhoodchain.blockscout.com/token/0x05b37fb53a299a1b874a619e1c4c404d52c36f4c,SHROOM,MUSHROOM,0xab093def657f15df31b33922a95e047add645b29,https://robinhoodchain.blockscout.com/token/0xab093def657f15df31b33922a95e047add645b29,uniswap,0x3e0718d094c0154153fd7a9bbaa3f236162c1e0d1c3ee720f7c0edb22911fe06,https://dexscreener.com/robinhood/0x3e0718d094c0154153fd7a9bbaa3f236162c1e0d1c3ee720f7c0edb22911fe06,2026-09-05T03:51:42+00:00,86394.92,190392.07,131,165,156.67,v4
2026-09-06T06:19:57.459118+00:00,QUBT,Quantum Computing • Robinhood Token,0x59818904ab4ce163b3ce4ffb64f2d6ca02c434b4,https://robinhoodchain.blockscout.com/token/0x59818904ab4ce163b3ce4ffb64f2d6ca02c434b4,QBUTT,Quantum Butt,0x78204d97bdac0332785fe6dd99e9a6b4f52d91ee,https://robinhoodchain.blockscout.com/token/0x78204d97bdac0332785fe6dd99e9a6b4f52d91ee,uniswap,0x886429e4fb55c72dec1e6a683d4a4b43b7a47c581da52691ed8edfa16900436b,https://dexscreener.com/robinhood/0x886429e4fb55c72dec1e6a683d4a4b43b7a47c581da52691ed8edfa16900436b,2026-09-03T19:21:46+00:00,85125.11,88574.96,72,203,9.118e-05,v4
2026-09-06T06:18:46.378627+00:00,BE,Bloom Energy • Robinhood Token,0x822cc93ffd030293e9842c30bbd678f530701867,https://robinhoodchain.blockscout.com/token/0x822cc93ffd030293e9842c30bbd678f530701867,RETIRE,RETIRE,0x5bcaee94fd289f09d1b59554239ba06b079d1e18,https://robinhoodchain.blockscout.com/token/0x5bcaee94fd289f09d1b59554239ba06b079d1e18,uniswap,0xf03c37a293d093bf23287907cc50b7eb0b864786f2e06e430a270eb0db93cb84,https://dexscreener.com/robinhood/0xf03c37a293d093bf23287907cc50b7eb0b864786f2e06e430a270eb0db93cb84,2026-09-02T23:20:42+00:00,84369.35,54673.15,474,345,0.0001119,v4
2026-09-06T06:20:16.854792+00:00,TTWO,Take-Two Interactive Software • Robinhood Token,0x5e81213613b6b86eab4c6c50d718d34359459786,https://robinhoodchain.blockscout.com/token/0x5e81213613b6b86eab4c6c50d718d34359459786,BAWSAQ,BAWSAQ Exchange,0x9baf5f0ba48ecdfcb9e30a937708da8c3cca1d0d,https://robinhoodchain.blockscout.com/token/0x9baf5f0ba48ecdfcb9e30a937708da8c3cca1d0d,uniswap,0xa0e29bc6491dbb7f0b642610ea685620a612de2a46c77604021a07178f9411f5,https://dexscreener.com/robinhood/0xa0e29bc6491dbb7f0b642610ea685620a612de2a46c77604021a07178f9411f5,2026-09-02T21:52:00+00:00,84199.87,492570.01,1935,1945,0.001462,v4
2026-09-06T06:19:01.634065+00:00,DJT,Trump Media & Technology Group • Robinhood Token,0x1d11f0496982706c5e14a514d4e79f2e6bde4516,https://robinhoodchain.blockscout.com/token/0x1d11f0496982706c5e14a514d4e79f2e6bde4516,CRIME,Crime,0x37d21fd322de90b946e6b6e4b4fc5ad1b50a1e18,https://robinhoodchain.blockscout.com/token/0x37d21fd322de90b946e6b6e4b4fc5ad1b50a1e18,uniswap,0xac26c41b47d514dca6b95a7962146303dc1614e216fa1a87120a0779c10143fe,https://dexscreener.com/robinhood/0xac26c41b47d514dca6b95a7962146303dc1614e216fa1a87120a0779c10143fe,2026-09-04T14:52:51+00:00,84184.68,193624.35,1198,1130,0.0001228,v4
2026-09-06T06:19:39.642014+00:00,NFLX,Netflix • Robinhood Token,0xe0444ef8bf4ed74f74fd73686e2ddf4c1c5591e8,https://robinhoodchain.blockscout.com/token/0xe0444ef8bf4ed74f74fd73686e2ddf4c1c5591e8,SHROOM,MUSHROOM,0xab093def657f15df31b33922a95e047add645b29,https://robinhoodchain.blockscout.com/token/0xab093def657f15df31b33922a95e047add645b29,uniswap,0x1031b35d5fcbf2959547c14c3c67ef2114c853ca5746b3475c1556e162423f55,https://dexscreener.com/robinhood/0x1031b35d5fcbf2959547c14c3c67ef2114c853ca5746b3475c1556e162423f55,2026-09-05T03:46:44+00:00,83559.65,189962.84,125,210,78.013,v4
2026-09-06T06:18:55.423631+00:00,COST,Costco • Robinhood Token,0x4ea005168d7f09a7a0ba9d1def21a479950e44c2,https://robinhoodchain.blockscout.com/token/0x4ea005168d7f09a7a0ba9d1def21a479950e44c2,CHICKEN,Kirkland Signature Rotisserie Chicken,0xf211a1fede099571e18baac9ed4b9410e7f41e18,https://robinhoodchain.blockscout.com/token/0xf211a1fede099571e18baac9ed4b9410e7f41e18,uniswap,0x26bff4a91d5960f87d88f6152709e213bb58b39c819feaf2c4733602ab251441,https://dexscreener.com/robinhood/0x26bff4a91d5960f87d88f6152709e213bb58b39c819feaf2c4733602ab251441,2026-09-04T22:08:24+00:00,83318.38,499.86,25,29,8.415e-05,v4
2026-09-06T06:19:29.030901+00:00,LULU,Lululemon • Robinhood Token,0x4e62068525ab11fe768e29dfd00ef909b9803016,https://robinhoodchain.blockscout.com/token/0x4e62068525ab11fe768e29dfd00ef909b9803016,SHROOM,MUSHROOM,0xab093def657f15df31b33922a95e047add645b29,https://robinhoodchain.blockscout.com/token/0xab093def657f15df31b33922a95e047add645b29,uniswap,0xf0985dfc9bf5aef5c807eb8c2fd52fc10565c2cafeb2ab4d26631bf1f668dabe,https://dexscreener.com/robinhood/0xf0985dfc9bf5aef5c807eb8c2fd52fc10565c2cafeb2ab4d26631bf1f668dabe,2026-09-05T03:45:34+00:00,83137.28,192060.63,124,187,99.88,v4
2026-09-06T06:18:55.423631+00:00,COST,Costco • Robinhood Token,0x4ea005168d7f09a7a0ba9d1def21a479950e44c2,https://robinhoodchain.blockscout.com/token/0x4ea005168d7f09a7a0ba9d1def21a479950e44c2,SHROOM,MUSHROOM,0xab093def657f15df31b33922a95e047add645b29,https://robinhoodchain.blockscout.com/token/0xab093def657f15df31b33922a95e047add645b29,uniswap,0x2c33db3df1b0abc488c299cd03d565bb0f9450a9d6c7a8aaedd4cf3c6a1d4521,https://dexscreener.com/robinhood/0x2c33db3df1b0abc488c299cd03d565bb0f9450a9d6c7a8aaedd4cf3c6a1d4521,2026-09-05T03:49:53+00:00,82765.83,195323.88,121,183,920.66,v4
2026-09-06T06:19:29.030901+00:00,LULU,Lululemon • Robinhood Token,0x4e62068525ab11fe768e29dfd00ef909b9803016,https://robinhoodchain.blockscout.com/token/0x4e62068525ab11fe768e29dfd00ef909b9803016,ASS,ASS,0x47cb7f9f0b6f4b7bbda69cb95f871a73c1687901,https://robinhoodchain.blockscout.com/token/0x47cb7f9f0b6f4b7bbda69cb95f871a73c1687901,uniswap,0x2b7478d7bc3ac5f92d451b799bc61ebfbde295f3d2f96734e481e9f73fd5f9a5,https://dexscreener.com/robinhood/0x2b7478d7bc3ac5f92d451b799bc61ebfbde295f3d2f96734e481e9f73fd5f9a5,2026-09-02T18:36:50+00:00,80666.34,515601.46,894,794,0.0005056,v4
2026-09-06T06:19:52.459864+00:00,PLTR,Palantir Technologies • Robinhood Token,0x894e1ec2d74ffe5aef8dc8a9e84686accb964f2a,https://robinhoodchain.blockscout.com/token/0x894e1ec2d74ffe5aef8dc8a9e84686accb964f2a,PALANTARD,Palantard,0x0a2329aa1b3eefe403ab3be5f5683d31ebf81e18,https://robinhoodchain.blockscout.com/token/0x0a2329aa1b3eefe403ab3be5f5683d31ebf81e18,uniswap,0x23c73750a43bb363b92e5239cbbedcc774d580e1ba83b16474b35cc56f790a5d,https://dexscreener.com/robinhood/0x23c73750a43bb363b92e5239cbbedcc774d580e1ba83b16474b35cc56f790a5d,2026-09-02T21:15:57+00:00,78167.42,46374.27,312,276,0.0001071,v4
2026-09-06T06:19:58.013138+00:00,RBLX,Roblox • Robinhood Token,0xf0c4bf4c582cb3836e98394b1d4e7b7281101be8,https://robinhoodchain.blockscout.com/token/0xf0c4bf4c582cb3836e98394b1d4e7b7281101be8,OOF,OOF,0xea3b282273e9ab901790694add171c2606d71e18,https://robinhoodchain.blockscout.com/token/0xea3b282273e9ab901790694add171c2606d71e18,uniswap,0x694d0e99cb80f58c41cc77d4da8abf731d8b9c215faab16d12fc46bacaed4592,https://dexscreener.com/robinhood/0x694d0e99cb80f58c41cc77d4da8abf731d8b9c215faab16d12fc46bacaed4592,2026-07-30T00:31:09+00:00,76231.49,58916.66,307,293,0.0001042,v4
2026-09-06T06:19:13.284882+00:00,GOOGL,Alphabet Class A • Robinhood Token,0x2e0847e8910a9732eb3fb1bb4b70a580adad4fe3,https://robinhoodchain.blockscout.com/token/0x2e0847e8910a9732eb3fb1bb4b70a580adad4fe3,TREX,Google T-REX,0xd981ed1e59244105b037334a937a83d695ab1e18,https://robinhoodchain.blockscout.com/token/0xd981ed1e59244105b037334a937a83d695ab1e18,uniswap,0xa53605addbbc279b54b0857036493d3e6405c98c5b7f7b9df78674e5a0e660b4,https://dexscreener.com/robinhood/0xa53605addbbc279b54b0857036493d3e6405c98c5b7f7b9df78674e5a0e660b4,2026-07-22T15:28:37+00:00,72311.06,20783.23,36,90,0.0001073,v4
2026-09-06T06:18:39.560976+00:00,ASML,ASML Holding NV • Robinhood Token,0x47f93d52cbec7c6d2cfc080e154002370a60daea,https://robinhoodchain.blockscout.com/token/0x47f93d52cbec7c6d2cfc080e154002370a60daea,ORG,ORGASML,0xb8b8069eafa5b469531d60a08e6f532d150b1e18,https://robinhoodchain.blockscout.com/token/0xb8b8069eafa5b469531d60a08e6f532d150b1e18,uniswap,0x5d42eecb8d8c2778c51f92ce4392c5d7e37cbc53a4a81ee7d1681e56fd2b9dd5,https://dexscreener.com/robinhood/0x5d42eecb8d8c2778c51f92ce4392c5d7e37cbc53a4a81ee7d1681e56fd2b9dd5,2026-08-30T14:18:30+00:00,71654.27,16352.32,93,72,9.675e-05,v4
2026-09-06T06:19:58.583475+00:00,RCAT,Red Cat • Robinhood Token,0xfde6b5d9bb419b10c23268c74e369abff39c0460,https://robinhoodchain.blockscout.com/token/0xfde6b5d9bb419b10c23268c74e369abff39c0460,REDCAT,RED CAT,0x54b463e9f765c4fcb18a1be1e6b33d0f6abab401,https://robinhoodchain.blockscout.com/token/0x54b463e9f765c4fcb18a1be1e6b33d0f6abab401,uniswap,0x8bb96563ef82215dd7249ca632fb1f0878676da7abff84c94fd8d5e511a68b9c,https://dexscreener.com/robinhood/0x8bb96563ef82215dd7249ca632fb1f0878676da7abff84c94fd8d5e511a68b9c,2026-09-02T02:53:48+00:00,70728.11,353461.08,840,694,0.0003999,v4
2026-09-06T06:18:45.799965+00:00,BB,Blackberry • Robinhood Token,0x48e39e56acdba37b09020c0b734a613c9a2f100a,https://robinhoodchain.blockscout.com/token/0x48e39e56acdba37b09020c0b734a613c9a2f100a,HA,HABIBI,0x9963997508934073bdcb849f72037d5489ac1e18,https://robinhoodchain.blockscout.com/token/0x9963997508934073bdcb849f72037d5489ac1e18,uniswap,0xafbc0fe1fa23d6aa436f6e0d307c29608e8caede28c93ff80094cac5e92177a5,https://dexscreener.com/robinhood/0xafbc0fe1fa23d6aa436f6e0d307c29608e8caede28c93ff80094cac5e92177a5,2026-09-02T23:05:44+00:00,70339.39,126017.54,708,657,9.321e-05,v4
2026-09-06T06:18:55.423631+00:00,COST,Costco • Robinhood Token,0x4ea005168d7f09a7a0ba9d1def21a479950e44c2,https://robinhoodchain.blockscout.com/token/0x4ea005168d7f09a7a0ba9d1def21a479950e44c2,HOTDOG,hotdog,0x45443a4a7b58ab26a4b4d72616cf36d5aae7188c,https://robinhoodchain.blockscout.com/token/0x45443a4a7b58ab26a4b4d72616cf36d5aae7188c,uniswap,0x264ad13Bfc0585208b7d8b1712df51B096a5F55c,https://dexscreener.com/robinhood/0x264ad13bfc0585208b7d8b1712df51b096a5f55c,2026-07-30T01:51:05+00:00,69191.82,4755.64,21,20,0.0004242,v3
2026-09-06T06:19:16.415254+00:00,IBM,IBM • Robinhood Token,0x980dcf6766fa79f5cf0c4aadb3ab477ff15a9619,https://robinhoodchain.blockscout.com/token/0x980dcf6766fa79f5cf0c4aadb3ab477ff15a9619,IBM,I Buy Memes,0x15cf7e4af7a572a0260596db2cb82a52ae7d1e18,https://robinhoodchain.blockscout.com/token/0x15cf7e4af7a572a0260596db2cb82a52ae7d1e18,uniswap,0xbd70979f0ce915783fb220a631bdcda0e22deebb9b7c60e0ab4b46d7b9f1130f,https://dexscreener.com/robinhood/0xbd70979f0ce915783fb220a631bdcda0e22deebb9b7c60e0ab4b46d7b9f1130f,2026-09-01T12:01:27+00:00,68842.86,6609.6,92,55,7.011e-05,v4
2026-09-06T06:19:59.083087+00:00,RDDT,Reddit • Robinhood Token,0x05b37fb53a299a1b874a619e1c4c404d52c36f4c,https://robinhoodchain.blockscout.com/token/0x05b37fb53a299a1b874a619e1c4c404d52c36f4c,CHUD,CHUD,0x52e0502a786d4bf759ddc2ad4f0b4608efc61e18,https://robinhoodchain.blockscout.com/token/0x52e0502a786d4bf759ddc2ad4f0b4608efc61e18,uniswap,0x7fa6b9ef62f1f8f250c2f6f36fcbcaccbbecf44d85ed0331e7e038a7ef29712d,https://dexscreener.com/robinhood/0x7fa6b9ef62f1f8f250c2f6f36fcbcaccbbecf44d85ed0331e7e038a7ef29712d,2026-08-07T17:11:37+00:00,67057.99,63588.33,504,624,9.229e-05,v4
2026-09-06T06:18:36.203214+00:00,AMD,AMD • Robinhood Token,0x86923f96303d656e4aa86d9d42d1e57ad2023fdc,https://robinhoodchain.blockscout.com/token/0x86923f96303d656e4aa86d9d42d1e57ad2023fdc,MEOW,AMD,0x7235cf5ea4674fe09531706954b5f1ad6e0a1e18,https://robinhoodchain.blockscout.com/token/0x7235cf5ea4674fe09531706954b5f1ad6e0a1e18,uniswap,0xc057cb737ac2af99fcbe345af9b856c8cd603f67c1a9216649d898147c7d9132,https://dexscreener.com/robinhood/0xc057cb737ac2af99fcbe345af9b856c8cd603f67c1a9216649d898147c7d9132,2026-09-02T09:19:32+00:00,66192.81,46262.03,369,366,8.459e-05,v4
2026-09-06T06:18:54.926065+00:00,COIN,Coinbase • Robinhood Token,0x6330d8c3178a418788df01a47479c0ce7ccf450b,https://robinhoodchain.blockscout.com/token/0x6330d8c3178a418788df01a47479c0ce7ccf450b,MEME,MEME,0xdfe5f1a87dcec095d5ed7bd378913d1453371e18,https://robinhoodchain.blockscout.com/token/0xdfe5f1a87dcec095d5ed7bd378913d1453371e18,uniswap,0xdcef7624989900604e1021b517f7b7f52707857b84ec09e158adecf7bb83147d,https://dexscreener.com/robinhood/0xdcef7624989900604e1021b517f7b7f52707857b84ec09e158adecf7bb83147d,2026-07-22T16:45:46+00:00,65571.58,4005.33,11,32,8.516e-05,v4
2026-09-06T06:19:57.459118+00:00,QUBT,Quantum Computing • Robinhood Token,0x59818904ab4ce163b3ce4ffb64f2d6ca02c434b4,https://robinhoodchain.blockscout.com/token/0x59818904ab4ce163b3ce4ffb64f2d6ca02c434b4,QI,Quantum Inu,0x518abf0972da8e13b25d1dda06e8092c25577c01,https://robinhoodchain.blockscout.com/token/0x518abf0972da8e13b25d1dda06e8092c25577c01,uniswap,0xc2356af2547f50e87a5d80a8f9b3d6d4095904f1ba022a0fa089340d2672f3ed,https://dexscreener.com/robinhood/0xc2356af2547f50e87a5d80a8f9b3d6d4095904f1ba022a0fa089340d2672f3ed,2026-09-01T06:48:14+00:00,64783.66,153724.42,401,318,0.0002779,v4
2026-09-06T06:18:56.031479+00:00,CRCL,Circle Internet Group • Robinhood Token,0xdf0992e440dd0be65bd8439b609d6d4366bf1cb5,https://robinhoodchain.blockscout.com/token/0xdf0992e440dd0be65bd8439b609d6d4366bf1cb5,USDC,Unstable Coin,0x3ae0689f64b8a7683d06a9e358d7346dc5e71e18,https://robinhoodchain.blockscout.com/token/0x3ae0689f64b8a7683d06a9e358d7346dc5e71e18,uniswap,0x782217c2bea00cb8e8a79aef71bdba5dbf8f17f8b95687a6d13169709b95ae5f,https://dexscreener.com/robinhood/0x782217c2bea00cb8e8a79aef71bdba5dbf8f17f8b95687a6d13169709b95ae5f,2026-07-16T18:16:01+00:00,62743.89,2883.57,12,26,6.889e-05,v4
2026-09-06T06:18:45.799965+00:00,BB,Blackberry • Robinhood Token,0x48e39e56acdba37b09020c0b734a613c9a2f100a,https://robinhoodchain.blockscout.com/token/0x48e39e56acdba37b09020c0b734a613c9a2f100a,BAREBACK,BAREBACK,0x52c5a76d81a1228a30f70a448e7a804a659f1e18,https://robinhoodchain.blockscout.com/token/0x52c5a76d81a1228a30f70a448e7a804a659f1e18,uniswap,0xbb85d33e456975e3c3c3cc87c10fc304bd91ac3a0a721118e75c139079a465d2,https://dexscreener.com/robinhood/0xbb85d33e456975e3c3c3cc87c10fc304bd91ac3a0a721118e75c139079a465d2,2026-09-04T13:31:20+00:00,61853.8,122475.58,842,808,7.839e-05,v4
2026-09-06T06:19:26.891455+00:00,LLY,Eli Lilly • Robinhood Token,0x8005d266423c7ea827372c9c864491e5786600ea,https://robinhoodchain.blockscout.com/token/0x8005d266423c7ea827372c9c864491e5786600ea,ALZHEIMERS,Buy and forget,0x4cf6b98699821ad707b31addfc04f39d86f01e18,https://robinhoodchain.blockscout.com/token/0x4cf6b98699821ad707b31addfc04f39d86f01e18,uniswap,0x8b05f6cb0b24a39d21262ab1d4155fc63cddad1eaa11cce475fd66d75ea0e2e5,https://dexscreener.com/robinhood/0x8b05f6cb0b24a39d21262ab1d4155fc63cddad1eaa11cce475fd66d75ea0e2e5,2026-09-03T16:25:11+00:00,61836.09,21666.06,208,137,7.582e-05,v4
2026-09-06T06:18:56.031479+00:00,CRCL,Circle Internet Group • Robinhood Token,0xdf0992e440dd0be65bd8439b609d6d4366bf1cb5,https://robinhoodchain.blockscout.com/token/0xdf0992e440dd0be65bd8439b609d6d4366bf1cb5,OUROBOROS,Ouroboros,0x87af913718f73168d4566bbf51683792ac2680eb,https://robinhoodchain.blockscout.com/token/0x87af913718f73168d4566bbf51683792ac2680eb,uniswap,0x6e18a4a21cdc8d04fd35afe130e0b37f32db9a2edb1304911b4e5cda91e7590b,https://dexscreener.com/robinhood/0x6e18a4a21cdc8d04fd35afe130e0b37f32db9a2edb1304911b4e5cda91e7590b,2026-09-01T21:52:51+00:00,61085.3,5584555.46,724,586,0.2973,v4
2026-09-06T06:19:39.642014+00:00,NFLX,Netflix • Robinhood Token,0xe0444ef8bf4ed74f74fd73686e2ddf4c1c5591e8,https://robinhoodchain.blockscout.com/token/0xe0444ef8bf4ed74f74fd73686e2ddf4c1c5591e8,CHILL,Netflix n Chill,0x57ffde6eafb5dc2d5d596b6502edebe982ff1e18,https://robinhoodchain.blockscout.com/token/0x57ffde6eafb5dc2d5d596b6502edebe982ff1e18,uniswap,0xa210ffd9d80f975ba5a716583d7ee14da2b059e08038691942ad77497632896e,https://dexscreener.com/robinhood/0xa210ffd9d80f975ba5a716583d7ee14da2b059e08038691942ad77497632896e,2026-07-30T00:46:39+00:00,58714.69,48473.72,337,341,7.105e-05,v4
2026-09-06T06:19:12.135033+00:00,GLXY,Galaxy Digital Inc. • Robinhood Token,0x2d427692e928fa156ec22acfabafa0447c5805b7,https://robinhoodchain.blockscout.com/token/0x2d427692e928fa156ec22acfabafa0447c5805b7,WRESTLER,Wrestler,0xab528169dcc80d68837a33b1e2b866bb7d7ee301,https://robinhoodchain.blockscout.com/token/0xab528169dcc80d68837a33b1e2b866bb7d7ee301,uniswap,0x4baf4bea6775cc7269c6a5cc472f72eb5a0ff505289f376d69a5caeaa2cd4d7a,https://dexscreener.com/robinhood/0x4baf4bea6775cc7269c6a5cc472f72eb5a0ff505289f376d69a5caeaa2cd4d7a,2026-09-03T03:24:21+00:00,58585.22,180759.36,506,335,0.0002188,v4
2026-09-06T06:18:44.582363+00:00,BA,Boeing • Robinhood Token,0x4d21483a44bf67a86b77e3da301411880797d452,https://robinhoodchain.blockscout.com/token/0x4d21483a44bf67a86b77e3da301411880797d452,911,9/11,0x2c26e9d6ec4202f892a0f3603c9c70a1e732c001,https://robinhoodchain.blockscout.com/token/0x2c26e9d6ec4202f892a0f3603c9c70a1e732c001,uniswap,0x30f31e2ae9a6dfb0caf0713758074c5fe05a3bc0706b271fe41df09cf196d930,https://dexscreener.com/robinhood/0x30f31e2ae9a6dfb0caf0713758074c5fe05a3bc0706b271fe41df09cf196d930,2026-09-01T05:32:37+00:00,57408.19,59269.13,232,167,0.000235,v4
2026-09-06T06:19:01.634065+00:00,DJT,Trump Media & Technology Group • Robinhood Token,0x1d11f0496982706c5e14a514d4e79f2e6bde4516,https://robinhoodchain.blockscout.com/token/0x1d11f0496982706c5e14a514d4e79f2e6bde4516,BUSINESS,Business,0xd034ac00e808b51743393941c1f63a8696741e18,https://robinhoodchain.blockscout.com/token/0xd034ac00e808b51743393941c1f63a8696741e18,uniswap,0x028e0f497681d6800618b899e72f9610a49482668b5119fad9b048c3749a5bdb,https://dexscreener.com/robinhood/0x028e0f497681d6800618b899e72f9610a49482668b5119fad9b048c3749a5bdb,2026-09-05T21:14:08+00:00,57110.49,744688.72,6206,6676,7.018e-05,v4
2026-09-06T06:20:24.307365+00:00,WYFI,"WhiteFiber, Inc. • Robinhood Token",0x9e7abd3c9139d14e4c86dce0e455aab7a0c2fb3e,https://robinhoodchain.blockscout.com/token/0x9e7abd3c9139d14e4c86dce0e455aab7a0c2fb3e,Rabbit,Quantum White Fiber Rabbit,0xcd1cca2b3d0a11b295c42fe765ea8f895c2d0901,https://robinhoodchain.blockscout.com/token/0xcd1cca2b3d0a11b295c42fe765ea8f895c2d0901,uniswap,0x1684d2d3fd510dfbf60a3899fa948da695b481ab4796ae28176df2f675a3e269,https://dexscreener.com/robinhood/0x1684d2d3fd510dfbf60a3899fa948da695b481ab4796ae28176df2f675a3e269,2026-08-31T19:32:20+00:00,56910.5,3504980.15,580,446,0.0003214,v4
2026-09-06T06:19:39.642014+00:00,NFLX,Netflix • Robinhood Token,0xe0444ef8bf4ed74f74fd73686e2ddf4c1c5591e8,https://robinhoodchain.blockscout.com/token/0xe0444ef8bf4ed74f74fd73686e2ddf4c1c5591e8,CHILLZ,Chilleez,0x5b6ef408c4ebb166788c0ca4cb644f12ac757777,https://robinhoodchain.blockscout.com/token/0x5b6ef408c4ebb166788c0ca4cb644f12ac757777,uniswap,0x31a03eB2751456eE01B09546Fbb5be2E3b9e7ba9,https://dexscreener.com/robinhood/0x31a03eb2751456ee01b09546fbb5be2e3b9e7ba9,2026-08-31T22:00:05+00:00,55945.02,71038.69,261,278,0.00031,v2
2026-09-06T06:19:59.083087+00:00,RDDT,Reddit • Robinhood Token,0x05b37fb53a299a1b874a619e1c4c404d52c36f4c,https://robinhoodchain.blockscout.com/token/0x05b37fb53a299a1b874a619e1c4c404d52c36f4c,WOJAK,wojak,0x86d916f551b8e05240c1eb14e65f733b6d181e18,https://robinhoodchain.blockscout.com/token/0x86d916f551b8e05240c1eb14e65f733b6d181e18,uniswap,0x85bbed65b8e20c2ccf52cec4dcd6aa42d904bc74868e85fd0700e34670b8ba70,https://dexscreener.com/robinhood/0x85bbed65b8e20c2ccf52cec4dcd6aa42d904bc74868e85fd0700e34670b8ba70,2026-09-02T15:03:30+00:00,55778.02,3222.62,66,51,7.013e-05,v4
2026-09-06T06:18:37.273929+00:00,AMZN,Amazon • Robinhood Token,0x12f190a9f9d7d37a250758b26824b97ce941bf54,https://robinhoodchain.blockscout.com/token/0x12f190a9f9d7d37a250758b26824b97ce941bf54,WADDLES,Waddles,0xbb6ee7aa6d56266ccef3b1c0706bccce2f9a0cdd,https://robinhoodchain.blockscout.com/token/0xbb6ee7aa6d56266ccef3b1c0706bccce2f9a0cdd,uniswap,0x31c56f7170f6c2166ceba2112ec83838e98354c03f0138bf006b62822115fbdc,https://dexscreener.com/robinhood/0x31c56f7170f6c2166ceba2112ec83838e98354c03f0138bf006b62822115fbdc,2026-08-29T13:53:24+00:00,55607.37,144791.62,269,294,0.000497,v4
2026-09-06T06:18:36.203214+00:00,AMD,AMD • Robinhood Token,0x86923f96303d656e4aa86d9d42d1e57ad2023fdc,https://robinhoodchain.blockscout.com/token/0x86923f96303d656e4aa86d9d42d1e57ad2023fdc,MD,A Machine Duck,0x3abb8d686df6e538bb0887917d14f04f705f1e18,https://robinhoodchain.blockscout.com/token/0x3abb8d686df6e538bb0887917d14f04f705f1e18,uniswap,0x197db3e35d66549592bdf1a77172eedbca36a864e185145796412ab8e3cb9655,https://dexscreener.com/robinhood/0x197db3e35d66549592bdf1a77172eedbca36a864e185145796412ab8e3cb9655,2026-08-28T18:37:52+00:00,55059.12,28310.97,213,165,6.451e-05,v4
2026-09-06T06:19:42.060578+00:00,NU,Nu • Robinhood Token,0x408c14038a04f7bd235329e26d2bf569ee20e250,https://robinhoodchain.blockscout.com/token/0x408c14038a04f7bd235329e26d2bf569ee20e250,I,i,0xe9ae0b4ee3afc555cca8c54a974c06f4f0a41e18,https://robinhoodchain.blockscout.com/token/0xe9ae0b4ee3afc555cca8c54a974c06f4f0a41e18,uniswap,0x5d038a9e12e39ad9504bd1044689cc054d2bd029461538670e9544f4d1f1eb6e,https://dexscreener.com/robinhood/0x5d038a9e12e39ad9504bd1044689cc054d2bd029461538670e9544f4d1f1eb6e,2026-09-01T02:36:52+00:00,54895.21,11281.73,127,89,6.488e-05,v4
2026-09-06T06:18:56.031479+00:00,CRCL,Circle Internet Group • Robinhood Token,0xdf0992e440dd0be65bd8439b609d6d4366bf1cb5,https://robinhoodchain.blockscout.com/token/0xdf0992e440dd0be65bd8439b609d6d4366bf1cb5,CRCL,Just a Circle,0x51d1abab4d1e7b50642a25d3f7b2823067ebf9d7,https://robinhoodchain.blockscout.com/token/0x51d1abab4d1e7b50642a25d3f7b2823067ebf9d7,uniswap,0x827f06f59cc8a240d24a096189d8a39b0ce1e9b0be14f3b945d011a5c29444e5,https://dexscreener.com/robinhood/0x827f06f59cc8a240d24a096189d8a39b0ce1e9b0be14f3b945d011a5c29444e5,2026-09-04T01:23:34+00:00,53789.81,490627.5,1289,1189,0.0002835,v4
2026-09-06T06:18:46.378627+00:00,BE,Bloom Energy • Robinhood Token,0x822cc93ffd030293e9842c30bbd678f530701867,https://robinhoodchain.blockscout.com/token/0x822cc93ffd030293e9842c30bbd678f530701867,BIE,Bitch Energy,0x37c9322eae638a7b84850c54a678e873e10c1e18,https://robinhoodchain.blockscout.com/token/0x37c9322eae638a7b84850c54a678e873e10c1e18,uniswap,0x1b85caa9defd1c0431a549a345a4da1ce36a13aa17780323cb806d00a7696799,https://dexscreener.com/robinhood/0x1b85caa9defd1c0431a549a345a4da1ce36a13aa17780323cb806d00a7696799,2026-09-04T08:30:29+00:00,52104.49,14703.24,101,118,6.01e-05,v4
2026-09-06T06:20:19.332358+00:00,USAR,USA Rare Earth • Robinhood Token,0xd917b029c761d264c6a312bbbcda868658ef86a6,https://robinhoodchain.blockscout.com/token/0xd917b029c761d264c6a312bbbcda868658ef86a6,COPPERINU,COPPERINU,0x4720eb2277009bdc57c988fa076dd6d79a821e18,https://robinhoodchain.blockscout.com/token/0x4720eb2277009bdc57c988fa076dd6d79a821e18,uniswap,0x87b66716edb42418b5daeb4a29494a9c58174c2e175daef8bef82344f47fc60b,https://dexscreener.com/robinhood/0x87b66716edb42418b5daeb4a29494a9c58174c2e175daef8bef82344f47fc60b,2026-07-22T06:08:50+00:00,51959.19,4137.8,10,23,6.065e-05,v4
2026-09-06T06:20:08.149298+00:00,SNDK,Sandisk Corporation • Robinhood Token,0xb90a19ff0af67f7779aff50a882a9cff42446400,https://robinhoodchain.blockscout.com/token/0xb90a19ff0af67f7779aff50a882a9cff42446400,HDD,Hard Disk Dog,0xae9b7d708270491ac4d046c1d25df73d62791e18,https://robinhoodchain.blockscout.com/token/0xae9b7d708270491ac4d046c1d25df73d62791e18,uniswap,0x3c84bc177fbf2a5236fcd50b75c5c96fddef6ce1a2ba73432a55b20360773f77,https://dexscreener.com/robinhood/0x3c84bc177fbf2a5236fcd50b75c5c96fddef6ce1a2ba73432a55b20360773f77,2026-08-28T22:03:12+00:00,51875.59,5582.01,64,53,5.724e-05,v4
2026-09-06T06:18:54.926065+00:00,COIN,Coinbase • Robinhood Token,0x6330d8c3178a418788df01a47479c0ce7ccf450b,https://robinhoodchain.blockscout.com/token/0x6330d8c3178a418788df01a47479c0ce7ccf450b,BALD,BALD,0x7ccc7e87ca902ab764cf359edef0fb0386221e18,https://robinhoodchain.blockscout.com/token/0x7ccc7e87ca902ab764cf359edef0fb0386221e18,uniswap,0x28e4c534adb33f49bb3f549b883e0beb5b8a21739c62d81e3ba2e84bd90c30b3,https://dexscreener.com/robinhood/0x28e4c534adb33f49bb3f549b883e0beb5b8a21739c62d81e3ba2e84bd90c30b3,2026-09-01T23:16:30+00:00,51771.09,9289.87,50,31,5.38e-05,v4
2026-09-06T06:18:54.926065+00:00,COIN,Coinbase • Robinhood Token,0x6330d8c3178a418788df01a47479c0ce7ccf450b,https://robinhoodchain.blockscout.com/token/0x6330d8c3178a418788df01a47479c0ce7ccf450b,SHIT,Shit Coin,0xb9b48848bb41e7a0d5e4bcf5b947324405511e18,https://robinhoodchain.blockscout.com/token/0xb9b48848bb41e7a0d5e4bcf5b947324405511e18,uniswap,0xdde7bf234494dfd94cfc7b8a31d31f39794a0ce5f704d90057be22cd61b6cc8c,https://dexscreener.com/robinhood/0xdde7bf234494dfd94cfc7b8a31d31f39794a0ce5f704d90057be22cd61b6cc8c,2026-07-23T14:30:33+00:00,50787.73,4114.65,12,41,5.81e-05,v4
2026-09-06T06:19:58.013138+00:00,RBLX,Roblox • Robinhood Token,0xf0c4bf4c582cb3836e98394b1d4e7b7281101be8,https://robinhoodchain.blockscout.com/token/0xf0c4bf4c582cb3836e98394b1d4e7b7281101be8,ROBLOXIANS,The Robloxians,0xb528a38ea684ed26ea0eee9de5d222da6228c10d,https://robinhoodchain.blockscout.com/token/0xb528a38ea684ed26ea0eee9de5d222da6228c10d,uniswap,0x3280b21b63df584e8d4afb8cabd0e031eca1b4f13d64fb06456867b35fd01e07,https://dexscreener.com/robinhood/0x3280b21b63df584e8d4afb8cabd0e031eca1b4f13d64fb06456867b35fd01e07,2026-09-02T10:03:53+00:00,50696.86,101734.64,291,492,0.0002946,v4
2026-09-06T06:19:58.013138+00:00,RBLX,Roblox • Robinhood Token,0xf0c4bf4c582cb3836e98394b1d4e7b7281101be8,https://robinhoodchain.blockscout.com/token/0xf0c4bf4c582cb3836e98394b1d4e7b7281101be8,ROBUX,Robux,0xe06a2e0b7cd91db2323f976408eca45f37201e18,https://robinhoodchain.blockscout.com/token/0xe06a2e0b7cd91db2323f976408eca45f37201e18,uniswap,0x7451e0490e52f6a3c6072163834d67f25fa8cde222b6f6f30f7244c61596d3b7,https://dexscreener.com/robinhood/0x7451e0490e52f6a3c6072163834d67f25fa8cde222b6f6f30f7244c61596d3b7,2026-08-19T22:25:41+00:00,50433.97,4382.69,66,54,5.759e-05,v4
2026-09-06T06:19:35.005904+00:00,MSTR,Strategy Inc. • Robinhood Token,0xec262a75e413fafd0df80480274532c79d42da09,https://robinhoodchain.blockscout.com/token/0xec262a75e413fafd0df80480274532c79d42da09,MINR,MINER,0x0f6eb7e87ff40506491260f28ecfd100aab4cba3,https://robinhoodchain.blockscout.com/token/0x0f6eb7e87ff40506491260f28ecfd100aab4cba3,uniswap,0xa36f46fc6896ccf65131578a97766e5f2aa7f8e79ab40adead940ad5755411a9,https://dexscreener.com/robinhood/0xa36f46fc6896ccf65131578a97766e5f2aa7f8e79ab40adead940ad5755411a9,2026-08-20T15:02:56+00:00,50133.88,2681.95,36,53,6.449e-07,v4
2026-09-06T06:19:34.442877+00:00,MSFT,Microsoft • Robinhood Token,0xe93237c50d904957cf27e7b1133b510c669c2e74,https://robinhoodchain.blockscout.com/token/0xe93237c50d904957cf27e7b1133b510c669c2e74,CLICK,Never Stop Clicking,0x8d3b5246be12824dd61ccde7af974c3c1e867a34,https://robinhoodchain.blockscout.com/token/0x8d3b5246be12824dd61ccde7af974c3c1e867a34,uniswap,0x588b85edf6ae2f6de7ddbf4018e081eac374ed2b9b77f849623c0b27ebde582a,https://dexscreener.com/robinhood/0x588b85edf6ae2f6de7ddbf4018e081eac374ed2b9b77f849623c0b27ebde582a,2026-09-03T17:40:05+00:00,49255.59,18403.66,39,30,0.0003666,v4
2026-09-06T06:19:58.583475+00:00,RCAT,Red Cat • Robinhood Token,0xfde6b5d9bb419b10c23268c74e369abff39c0460,https://robinhoodchain.blockscout.com/token/0xfde6b5d9bb419b10c23268c74e369abff39c0460,MOASS,Mother of all Squeezes,0x213538b7d5b4420c8d87effd58b39314096b1cf4,https://robinhoodchain.blockscout.com/token/0x213538b7d5b4420c8d87effd58b39314096b1cf4,uniswap,0x0417dc2ca8945ff7655cc413159bc50b370f1b66095309d349ab339a768061ac,https://dexscreener.com/robinhood/0x0417dc2ca8945ff7655cc413159bc50b370f1b66095309d349ab339a768061ac,2026-09-03T21:16:05+00:00,49120.86,235.67,0,1,4.912e-05,v4
2026-09-06T06:19:13.284882+00:00,GOOGL,Alphabet Class A • Robinhood Token,0x2e0847e8910a9732eb3fb1bb4b70a580adad4fe3,https://robinhoodchain.blockscout.com/token/0x2e0847e8910a9732eb3fb1bb4b70a580adad4fe3,DINO,Chrome Dino,0x000b2164a76560323163343431db8be550f164b8,https://robinhoodchain.blockscout.com/token/0x000b2164a76560323163343431db8be550f164b8,uniswap,0x5e2cf3ad5d8e7ad0f40d469f74e1216d99ac4e80073ae3719d26ba44a6f0c93d,https://dexscreener.com/robinhood/0x5e2cf3ad5d8e7ad0f40d469f74e1216d99ac4e80073ae3719d26ba44a6f0c93d,2026-09-02T07:37:36+00:00,49094.62,371562.15,1044,1173,0.0003562,v4
2026-09-06T06:19:26.891455+00:00,LLY,Eli Lilly • Robinhood Token,0x8005d266423c7ea827372c9c864491e5786600ea,https://robinhoodchain.blockscout.com/token/0x8005d266423c7ea827372c9c864491e5786600ea,PEPTI,PEPTIDES,0xf0f34be7db8ac358050c1b077dc67fc9d4ebd0ea,https://robinhoodchain.blockscout.com/token/0xf0f34be7db8ac358050c1b077dc67fc9d4ebd0ea,uniswap,0x38d23b6bfd1bc1e72b52c2379cd0a414567c200ee56bead162277828e3d32770,https://dexscreener.com/robinhood/0x38d23b6bfd1bc1e72b52c2379cd0a414567c200ee56bead162277828e3d32770,2026-09-04T21:52:54+00:00,48766.9,222868.69,466,536,0.0002905,v4
2026-09-06T06:19:52.459864+00:00,PLTR,Palantir Technologies • Robinhood Token,0x894e1ec2d74ffe5aef8dc8a9e84686accb964f2a,https://robinhoodchain.blockscout.com/token/0x894e1ec2d74ffe5aef8dc8a9e84686accb964f2a,WARCAT,WARCAT,0x23dd4caa26b1522b397274c12ca8cd49628e1e18,https://robinhoodchain.blockscout.com/token/0x23dd4caa26b1522b397274c12ca8cd49628e1e18,uniswap,0x646241b00ea25b77d9da1460a7d87cfaf74edfeba6c27fdd99786f0df47e3a6a,https://dexscreener.com/robinhood/0x646241b00ea25b77d9da1460a7d87cfaf74edfeba6c27fdd99786f0df47e3a6a,2026-09-05T20:16:18+00:00,48627.38,1176059.91,10526,9985,5.479e-05,v4
2026-09-06T06:19:33.012710+00:00,MRNA,Moderna • Robinhood Token,0x43b07d15ce533bec5476d70c22a78a1b2b662155,https://robinhoodchain.blockscout.com/token/0x43b07d15ce533bec5476d70c22a78a1b2b662155,NUBTC,Unvaxxed Sperm,0xb6263a8d8d418af67f8bbfa6d86888d5b91b1e18,https://robinhoodchain.blockscout.com/token/0xb6263a8d8d418af67f8bbfa6d86888d5b91b1e18,uniswap,0x762191f5f2f58888ab69407f8d3c180b3e65fdaf3278d2fa419e6401903a222c,https://dexscreener.com/robinhood/0x762191f5f2f58888ab69407f8d3c180b3e65fdaf3278d2fa419e6401903a222c,2026-08-31T03:46:42+00:00,47528.27,7810.06,38,34,4.974e-05,v4
2026-09-06T06:20:04.904459+00:00,SKHY,SK hynix Inc. American Depositary Shares • Robinhood Token,0x84cab63bc87912e71ad199ff14a0ba45de68fef8,https://robinhoodchain.blockscout.com/token/0x84cab63bc87912e71ad199ff14a0ba45de68fef8,WIFE,Wife Change,0x602203b5e30781180dc2a4512799372247891e18,https://robinhoodchain.blockscout.com/token/0x602203b5e30781180dc2a4512799372247891e18,uniswap,0x181d2526329c2b618720cc0059fad2c2963f1dd4ff885a486dd27f2117c6e3d2,https://dexscreener.com/robinhood/0x181d2526329c2b618720cc0059fad2c2963f1dd4ff885a486dd27f2117c6e3d2,2026-09-01T05:36:21+00:00,46911.28,2896.19,62,40,5.076e-05,v4
2026-09-06T06:18:58.568651+00:00,CRWV,CoreWeave • Robinhood Token,0x5f10a1c971b69e47e059e1dc91901b59b3fb49c3,https://robinhoodchain.blockscout.com/token/0x5f10a1c971b69e47e059e1dc91901b59b3fb49c3,LEFT,LEFTCURVE,0xcd1dcc26488393f97ff0723cba1592dd2fc21e18,https://robinhoodchain.blockscout.com/token/0xcd1dcc26488393f97ff0723cba1592dd2fc21e18,uniswap,0xcfb7678730d952a7fe608f598b6346fce84accd8b1270526be49fdd0419f892b,https://dexscreener.com/robinhood/0xcfb7678730d952a7fe608f598b6346fce84accd8b1270526be49fdd0419f892b,2026-09-02T09:39:29+00:00,46580.51,6738.25,95,85,5.159e-05,v4
2026-09-06T06:19:01.128821+00:00,DELL,Dell • Robinhood Token,0x941ae714ec6d8130c7b75d67160ca08f1e7d11dd,https://robinhoodchain.blockscout.com/token/0x941ae714ec6d8130c7b75d67160ca08f1e7d11dd,HO,HODL,0x80cb7be694ab16f274d582a96343bf8dde9e1e18,https://robinhoodchain.blockscout.com/token/0x80cb7be694ab16f274d582a96343bf8dde9e1e18,uniswap,0x844a2ee9875ff8d2b61c1e04d11cc84cb42f3bcf10583dfa13fb6641defd625f,https://dexscreener.com/robinhood/0x844a2ee9875ff8d2b61c1e04d11cc84cb42f3bcf10583dfa13fb6641defd625f,2026-09-02T13:21:44+00:00,46441.11,22615.98,142,167,5.217e-05,v4
2026-09-06T06:18:56.031479+00:00,CRCL,Circle Internet Group • Robinhood Token,0xdf0992e440dd0be65bd8439b609d6d4366bf1cb5,https://robinhoodchain.blockscout.com/token/0xdf0992e440dd0be65bd8439b609d6d4366bf1cb5,FATCATBATRATWIF,FatCatBatRatWif,0xa1caf490e7540b9902de20e7f0dc89649f681e18,https://robinhoodchain.blockscout.com/token/0xa1caf490e7540b9902de20e7f0dc89649f681e18,uniswap,0x46bbd332d6c78714eb6ff136ac6bc76e8973a6d5ce689b732c89ff6e53c7217d,https://dexscreener.com/robinhood/0x46bbd332d6c78714eb6ff136ac6bc76e8973a6d5ce689b732c89ff6e53c7217d,2026-07-16T22:05:11+00:00,45907.27,83.4,0,1,4.698e-05,v4
2026-09-06T06:18:37.273929+00:00,AMZN,Amazon • Robinhood Token,0x12f190a9f9d7d37a250758b26824b97ce941bf54,https://robinhoodchain.blockscout.com/token/0x12f190a9f9d7d37a250758b26824b97ce941bf54,PECCY,Peccy,0xda2cb743a44c360561187eef805b343e79081e18,https://robinhoodchain.blockscout.com/token/0xda2cb743a44c360561187eef805b343e79081e18,uniswap,0xbf6e30b3a8df71bf8b79bdaab6423d6cdc032006b68a455b208b4889b3490386,https://dexscreener.com/robinhood/0xbf6e30b3a8df71bf8b79bdaab6423d6cdc032006b68a455b208b4889b3490386,2026-07-17T22:22:15+00:00,45706.86,10749.6,25,55,5.289e-05,v4
2026-09-06T06:19:01.634065+00:00,DJT,Trump Media & Technology Group • Robinhood Token,0x1d11f0496982706c5e14a514d4e79f2e6bde4516,https://robinhoodchain.blockscout.com/token/0x1d11f0496982706c5e14a514d4e79f2e6bde4516,BIGLY,BIGLY,0x73114abd7dcf37000d90d8de9fd1de3957b17c04,https://robinhoodchain.blockscout.com/token/0x73114abd7dcf37000d90d8de9fd1de3957b17c04,uniswap,0x331ae7478e52c0450b149d7531dc2a51b8d1bdb20910d2bbbe24426484a1047d,https://dexscreener.com/robinhood/0x331ae7478e52c0450b149d7531dc2a51b8d1bdb20910d2bbbe24426484a1047d,2026-08-15T13:58:20+00:00,45682.99,120091.75,242,395,0.0003013,v4
2026-09-06T06:18:46.378627+00:00,BE,Bloom Energy • Robinhood Token,0x822cc93ffd030293e9842c30bbd678f530701867,https://robinhoodchain.blockscout.com/token/0x822cc93ffd030293e9842c30bbd678f530701867,BE,BLOOMSAT,0x49424a263ee6384d3dec40e5582dedb09faf1e18,https://robinhoodchain.blockscout.com/token/0x49424a263ee6384d3dec40e5582dedb09faf1e18,uniswap,0x7d6b395da9f06e342075239752a7411ac294e62ee7ad9cbaa1a19aa7eea4835c,https://dexscreener.com/robinhood/0x7d6b395da9f06e342075239752a7411ac294e62ee7ad9cbaa1a19aa7eea4835c,2026-09-03T03:02:26+00:00,45678.63,3486.98,28,20,4.882e-05,v4
2026-09-06T06:18:45.799965+00:00,BB,Blackberry • Robinhood Token,0x48e39e56acdba37b09020c0b734a613c9a2f100a,https://robinhoodchain.blockscout.com/token/0x48e39e56acdba37b09020c0b734a613c9a2f100a,RING,BANG MY LINE,0xce5afd3d1509cdeb73b9aa631f8152bdf76a1e18,https://robinhoodchain.blockscout.com/token/0xce5afd3d1509cdeb73b9aa631f8152bdf76a1e18,uniswap,0x4ee519d119802b29c7b8cc1ba2920b703a83627b2243a4395b994ba7d0534201,https://dexscreener.com/robinhood/0x4ee519d119802b29c7b8cc1ba2920b703a83627b2243a4395b994ba7d0534201,2026-09-01T19:37:58+00:00,44839.57,1867.42,21,18,5.101e-05,v4
2026-09-06T06:19:01.634065+00:00,DJT,Trump Media & Technology Group • Robinhood Token,0x1d11f0496982706c5e14a514d4e79f2e6bde4516,https://robinhoodchain.blockscout.com/token/0x1d11f0496982706c5e14a514d4e79f2e6bde4516,$1,Trump $1 Coin,0xdce5c6317222c5b6e5d963eeac010dfc4da9e6da,https://robinhoodchain.blockscout.com/token/0xdce5c6317222c5b6e5d963eeac010dfc4da9e6da,uniswap,0xe7daa50bae196f9476df483a9cd0051896980c4939d06664eec99d1b69386758,https://dexscreener.com/robinhood/0xe7daa50bae196f9476df483a9cd0051896980c4939d06664eec99d1b69386758,2026-09-02T11:01:17+00:00,44486.9,220832.69,821,802,0.0002857,v4
2026-09-06T06:19:36.142293+00:00,MU,Micron Technology • Robinhood Token,0xff080c8ce2e5feadaca0da81314ae59d232d4afd,https://robinhoodchain.blockscout.com/token/0xff080c8ce2e5feadaca0da81314ae59d232d4afd,DATAINU,Data Inu,0x0cb61dc5b8f468ca5f2a568491317a71c51b1e18,https://robinhoodchain.blockscout.com/token/0x0cb61dc5b8f468ca5f2a568491317a71c51b1e18,uniswap,0xbf7b4163b6769822fee5e39b1feb55f46cf1f6a4a3792c4cfd909a34378bc895,https://dexscreener.com/robinhood/0xbf7b4163b6769822fee5e39b1feb55f46cf1f6a4a3792c4cfd909a34378bc895,2026-09-01T00:38:07+00:00,44325.94,15206.68,176,130,4.666e-05,v4
2026-09-06T06:20:08.648016+00:00,SNOW,Snowflake • Robinhood Token,0xba0cab75495255d0cb58e22b648bfed4ecd1f47e,https://robinhoodchain.blockscout.com/token/0xba0cab75495255d0cb58e22b648bfed4ecd1f47e,COCAINE,COCAINE,0x67265602261fc9269b811f5f57c4d6261eeb1e18,https://robinhoodchain.blockscout.com/token/0x67265602261fc9269b811f5f57c4d6261eeb1e18,uniswap,0x3767085ffb8ae8a0ab7694089f27d7f165725a09d8f4db685d83dc1218b32106,https://dexscreener.com/robinhood/0x3767085ffb8ae8a0ab7694089f27d7f165725a09d8f4db685d83dc1218b32106,2026-09-05T20:55:23+00:00,44046.89,784938.65,2661,5060,4.987e-05,v4
2026-09-06T06:20:04.904459+00:00,SKHY,SK hynix Inc. American Depositary Shares • Robinhood Token,0x84cab63bc87912e71ad199ff14a0ba45de68fef8,https://robinhoodchain.blockscout.com/token/0x84cab63bc87912e71ad199ff14a0ba45de68fef8,SKHYNET,SKHYNET,0x41bd9d2973d1ef515f5dce51da9a6faa5ddd1e18,https://robinhoodchain.blockscout.com/token/0x41bd9d2973d1ef515f5dce51da9a6faa5ddd1e18,uniswap,0x61436dc8e4bf20136d94d37374ef165b55c144918d73a49cd6da53c47b90d1cf,https://dexscreener.com/robinhood/0x61436dc8e4bf20136d94d37374ef165b55c144918d73a49cd6da53c47b90d1cf,2026-08-28T04:52:45+00:00,44002.69,4839.55,43,23,4.726e-05,v4
2026-09-06T06:19:01.634065+00:00,DJT,Trump Media & Technology Group • Robinhood Token,0x1d11f0496982706c5e14a514d4e79f2e6bde4516,https://robinhoodchain.blockscout.com/token/0x1d11f0496982706c5e14a514d4e79f2e6bde4516,KIRKIVERSARY,Kirkiversary,0xf9dd68611c409799ae2bd002ba523e7e069ba4be,https://robinhoodchain.blockscout.com/token/0xf9dd68611c409799ae2bd002ba523e7e069ba4be,uniswap,0x0296eec6c1aa63e76ec6b03a7077763bcca8e81bb4364daa33f0c5c43ffdf531,https://dexscreener.com/robinhood/0x0296eec6c1aa63e76ec6b03a7077763bcca8e81bb4364daa33f0c5c43ffdf531,2026-09-03T14:50:22+00:00,43167.65,119426.69,1362,641,0.000269,v4
2026-09-06T06:19:52.459864+00:00,PLTR,Palantir Technologies • Robinhood Token,0x894e1ec2d74ffe5aef8dc8a9e84686accb964f2a,https://robinhoodchain.blockscout.com/token/0x894e1ec2d74ffe5aef8dc8a9e84686accb964f2a,BOMBA,Bombardilo,0x525f24bf41f178174788c3297af9c0af1ba01e18,https://robinhoodchain.blockscout.com/token/0x525f24bf41f178174788c3297af9c0af1ba01e18,uniswap,0xa1bb85096e15d26cca05bda378052dd4dccf24527286cf76d9dc51332eba1e79,https://dexscreener.com/robinhood/0xa1bb85096e15d26cca05bda378052dd4dccf24527286cf76d9dc51332eba1e79,2026-08-31T18:30:19+00:00,43068.63,14582.27,150,135,4.591e-05,v4
2026-09-06T06:20:04.904459+00:00,SKHY,SK hynix Inc. American Depositary Shares • Robinhood Token,0x84cab63bc87912e71ad199ff14a0ba45de68fef8,https://robinhoodchain.blockscout.com/token/0x84cab63bc87912e71ad199ff14a0ba45de68fef8,KOSPI,KOSPI,0x15b07c4dcddd0d4657559b4444b8408908b01e18,https://robinhoodchain.blockscout.com/token/0x15b07c4dcddd0d4657559b4444b8408908b01e18,uniswap,0x17d3de73be4af493f64934652a60028f14d6a509d4d4c63f95b083f1cf4aa176,https://dexscreener.com/robinhood/0x17d3de73be4af493f64934652a60028f14d6a509d4d4c63f95b083f1cf4aa176,2026-09-01T22:08:45+00:00,42306.18,4090.12,53,34,4.492e-05,v4
2026-09-06T06:18:37.273929+00:00,AMZN,Amazon • Robinhood Token,0x12f190a9f9d7d37a250758b26824b97ce941bf54,https://robinhoodchain.blockscout.com/token/0x12f190a9f9d7d37a250758b26824b97ce941bf54,BEEFZOS,Jeff Beefzos,0x21d3462d3f0a5f661ed46d033a8cf05595c11e18,https://robinhoodchain.blockscout.com/token/0x21d3462d3f0a5f661ed46d033a8cf05595c11e18,uniswap,0x234d6fd95269d352da17d8e9b7cd08c06522e699aa879b0d49e93ecdefc743ac,https://dexscreener.com/robinhood/0x234d6fd95269d352da17d8e9b7cd08c06522e699aa879b0d49e93ecdefc743ac,2026-09-02T20:42:41+00:00,42295.05,48061.58,432,408,4.646e-05,v4
2026-09-06T06:20:18.514194+00:00,UPS,UPS • Robinhood Token,0xf23250dac154d05bb671cb0d0ebef3c635c79ce2,https://robinhoodchain.blockscout.com/token/0xf23250dac154d05bb671cb0d0ebef3c635c79ce2,DELIVERY,Delivery Guy,0x9a881d5cc0a1ff529aef0f0a79d6beeff6e90989,https://robinhoodchain.blockscout.com/token/0x9a881d5cc0a1ff529aef0f0a79d6beeff6e90989,uniswap,0x21c17bf5ad43fd9e47c40f4a2f8eb1300c77def7f69e43c56c0559cb4f2de2c1,https://dexscreener.com/robinhood/0x21c17bf5ad43fd9e47c40f4a2f8eb1300c77def7f69e43c56c0559cb4f2de2c1,2026-09-05T22:39:19+00:00,41790.23,621071.32,1521,1398,0.0002,v4
2026-09-06T06:19:29.030901+00:00,LULU,Lululemon • Robinhood Token,0x4e62068525ab11fe768e29dfd00ef909b9803016,https://robinhoodchain.blockscout.com/token/0x4e62068525ab11fe768e29dfd00ef909b9803016,CAMELTOE,Cameltoe,0xc32b91fe216af1b834db02f33326e983ad8cf201,https://robinhoodchain.blockscout.com/token/0xc32b91fe216af1b834db02f33326e983ad8cf201,uniswap,0x1e75aa57c6f96fd805296b4fa4969741060407f62c94a7f88c3fdfccc6cc2d35,https://dexscreener.com/robinhood/0x1e75aa57c6f96fd805296b4fa4969741060407f62c94a7f88c3fdfccc6cc2d35,2026-09-02T03:19:05+00:00,40761.18,174521.42,434,369,0.0001422,v4
2026-09-06T06:19:35.005904+00:00,MSTR,Strategy Inc. • Robinhood Token,0xec262a75e413fafd0df80480274532c79d42da09,https://robinhoodchain.blockscout.com/token/0xec262a75e413fafd0df80480274532c79d42da09,BATE,MSTRBATE,0x161ce4c426b0583ba1fcd94617cddea79dc88ba3,https://robinhoodchain.blockscout.com/token/0x161ce4c426b0583ba1fcd94617cddea79dc88ba3,uniswap,0x821d4a08365d16931960f366ce9e900d730a9003a3ea3791fd787c50de4c2500,https://dexscreener.com/robinhood/0x821d4a08365d16931960f366ce9e900d730a9003a3ea3791fd787c50de4c2500,2026-09-05T15:42:09+00:00,40003.56,956887.69,5205,8046,4.304e-07,v4
2026-09-06T06:19:13.284882+00:00,GOOGL,Alphabet Class A • Robinhood Token,0x2e0847e8910a9732eb3fb1bb4b70a580adad4fe3,https://robinhoodchain.blockscout.com/token/0x2e0847e8910a9732eb3fb1bb4b70a580adad4fe3,ABCDEFG,The Alphabet,0xa9b0cf881c0c9a29d92801cb7f85e39af99f1e18,https://robinhoodchain.blockscout.com/token/0xa9b0cf881c0c9a29d92801cb7f85e39af99f1e18,uniswap,0xa7cf9c9db0793778a2b8e94f1f4cd2c423cc96835a7cd8bf9a9b840dd34e4859,https://dexscreener.com/robinhood/0xa7cf9c9db0793778a2b8e94f1f4cd2c423cc96835a7cd8bf9a9b840dd34e4859,2026-07-22T15:10:45+00:00,39986.2,3240.59,2,9,4.527e-05,v4
2026-09-06T06:19:38.832169+00:00,NET,"Cloudflare, Inc. Class A common stock • Robinhood Token",0x116f00968269b7bfbad4109ce591d6e74c0601d4,https://robinhoodchain.blockscout.com/token/0x116f00968269b7bfbad4109ce591d6e74c0601d4,CLOUD,CLOUD,0x4ad6f2f349b8031dc09145f2d2c4bbd1852a1e18,https://robinhoodchain.blockscout.com/token/0x4ad6f2f349b8031dc09145f2d2c4bbd1852a1e18,uniswap,0x35a327e91085bd85cc5f2b368facd7c0af103da25b7733a0aba2e5050103de50,https://dexscreener.com/robinhood/0x35a327e91085bd85cc5f2b368facd7c0af103da25b7733a0aba2e5050103de50,2026-09-01T13:33:41+00:00,39754.32,8878.82,90,78,4.477e-05,v4
2026-09-06T06:19:04.693077+00:00,FIG,Figma • Robinhood Token,0x41f4267525a8aff329540ef24fd83d9044758b33,https://robinhoodchain.blockscout.com/token/0x41f4267525a8aff329540ef24fd83d9044758b33,FLIPPY,FLIPPY,0x8ddafc5add5330ba340b68386dc849132ae11e18,https://robinhoodchain.blockscout.com/token/0x8ddafc5add5330ba340b68386dc849132ae11e18,uniswap,0x86728bc332ed8ed0fab1209277e0aed711eeb24f01d621bfec1f2e50e4077096,https://dexscreener.com/robinhood/0x86728bc332ed8ed0fab1209277e0aed711eeb24f01d621bfec1f2e50e4077096,2026-09-02T02:22:49+00:00,38854.83,678.97,16,14,4.358e-05,v4
2026-09-06T06:19:29.030901+00:00,LULU,Lululemon • Robinhood Token,0x4e62068525ab11fe768e29dfd00ef909b9803016,https://robinhoodchain.blockscout.com/token/0x4e62068525ab11fe768e29dfd00ef909b9803016,LLM,Large Legging Model,0x427b230500420b86a322d53d7e1170b0d1881e18,https://robinhoodchain.blockscout.com/token/0x427b230500420b86a322d53d7e1170b0d1881e18,uniswap,0xa4486becda66ed7da8ece5fc7065aecaf70c97fc26aa2c5e29d90117154a95a6,https://dexscreener.com/robinhood/0xa4486becda66ed7da8ece5fc7065aecaf70c97fc26aa2c5e29d90117154a95a6,2026-09-04T05:44:12+00:00,38574.6,29911.47,449,337,4.024e-05,v4
2026-09-06T06:20:07.577878+00:00,SNAP,Snap • Robinhood Token,0xf6589f11bc40b669e584073f428b05562f568733,https://robinhoodchain.blockscout.com/token/0xf6589f11bc40b669e584073f428b05562f568733,EBT,Foodstamps,0x3cb804b628184d320617671b695c9c48ca4c1e18,https://robinhoodchain.blockscout.com/token/0x3cb804b628184d320617671b695c9c48ca4c1e18,uniswap,0x5f87a75ecf17a8b50288f6db0066e45b0a1ac0dc876e99137c69779a03e2a9bb,https://dexscreener.com/robinhood/0x5f87a75ecf17a8b50288f6db0066e45b0a1ac0dc876e99137c69779a03e2a9bb,2026-09-02T13:30:35+00:00,38398.36,12347.6,107,100,4.111e-05,v4
2026-09-06T06:20:16.854792+00:00,TTWO,Take-Two Interactive Software • Robinhood Token,0x5e81213613b6b86eab4c6c50d718d34359459786,https://robinhoodchain.blockscout.com/token/0x5e81213613b6b86eab4c6c50d718d34359459786,SHARK,SHARK CARDS,0xe8c5037dfb9675d9da36af8945a35b0c04d81e18,https://robinhoodchain.blockscout.com/token/0xe8c5037dfb9675d9da36af8945a35b0c04d81e18,uniswap,0x3fa9147e5d38452f95e425b0c0106603541022aaae65c832991c2330fab6705b,https://dexscreener.com/robinhood/0x3fa9147e5d38452f95e425b0c0106603541022aaae65c832991c2330fab6705b,2026-08-31T12:13:59+00:00,38228.49,3207.4,13,8,4.203e-05,v4
2026-09-06T06:19:01.128821+00:00,DELL,Dell • Robinhood Token,0x941ae714ec6d8130c7b75d67160ca08f1e7d11dd,https://robinhoodchain.blockscout.com/token/0x941ae714ec6d8130c7b75d67160ca08f1e7d11dd,DELLICOPTER,Dellicopter,0x6b88080d5f0d41de30b9fb76214318b22b031e18,https://robinhoodchain.blockscout.com/token/0x6b88080d5f0d41de30b9fb76214318b22b031e18,uniswap,0x77f622ad597e5199347740ff0bdca12288ba4b3ba44bfe0f81915f5b3738613b,https://dexscreener.com/robinhood/0x77f622ad597e5199347740ff0bdca12288ba4b3ba44bfe0f81915f5b3738613b,2026-09-01T22:42:34+00:00,38223.37,5615.28,45,33,3.944e-05,v4
2026-09-06T06:20:16.854792+00:00,TTWO,Take-Two Interactive Software • Robinhood Token,0x5e81213613b6b86eab4c6c50d718d34359459786,https://robinhoodchain.blockscout.com/token/0x5e81213613b6b86eab4c6c50d718d34359459786,CJ,Carl Johnson,0x6417f8b4b337bbaad14ef3520919f5a696cf1e18,https://robinhoodchain.blockscout.com/token/0x6417f8b4b337bbaad14ef3520919f5a696cf1e18,uniswap,0x1f1b09d5c1c531fdfbc2befd445bb1eadc21e4ff6e7cce77ec3ed74301ea86c6,https://dexscreener.com/robinhood/0x1f1b09d5c1c531fdfbc2befd445bb1eadc21e4ff6e7cce77ec3ed74301ea86c6,2026-08-20T21:34:35+00:00,38137.13,2346.71,10,8,4.098e-05,v4
2026-09-06T06:20:17.976175+00:00,UNH,UnitedHealth • Robinhood Token,0xcf364ea52787e289de6f32077834056e3e70d6a8,https://robinhoodchain.blockscout.com/token/0xcf364ea52787e289de6f32077834056e3e70d6a8,LUIGIMANGIONE,LUIGIMANGIONE,0xc3eece6fd180ee61d8f0203b58bf3de654c21e18,https://robinhoodchain.blockscout.com/token/0xc3eece6fd180ee61d8f0203b58bf3de654c21e18,uniswap,0xa496d5479667633cddcf6804fcdfb0b381c289f37aa60aefbdcc53155e2b38e3,https://dexscreener.com/robinhood/0xa496d5479667633cddcf6804fcdfb0b381c289f37aa60aefbdcc53155e2b38e3,2026-09-03T21:46:55+00:00,38103.66,150.4,6,3,3.836e-05,v4
2026-09-06T06:18:55.423631+00:00,COST,Costco • Robinhood Token,0x4ea005168d7f09a7a0ba9d1def21a479950e44c2,https://robinhoodchain.blockscout.com/token/0x4ea005168d7f09a7a0ba9d1def21a479950e44c2,HOTDOG,Costco Hotdog,0x9c05cbec6c6f8ce87926fec6a491314030d4215c,https://robinhoodchain.blockscout.com/token/0x9c05cbec6c6f8ce87926fec6a491314030d4215c,uniswap,0xb116ae2b09dc74519a8c83e3e0f3141ce9b3fb2a67469f56f48b31b043a37b7a,https://dexscreener.com/robinhood/0xb116ae2b09dc74519a8c83e3e0f3141ce9b3fb2a67469f56f48b31b043a37b7a,2026-08-30T00:13:05+00:00,37461.55,53618.71,240,188,0.0002078,v4
2026-09-06T06:20:19.332358+00:00,USAR,USA Rare Earth • Robinhood Token,0xd917b029c761d264c6a312bbbcda868658ef86a6,https://robinhoodchain.blockscout.com/token/0xd917b029c761d264c6a312bbbcda868658ef86a6,GEM,GEM,0x5cc8c219c916fe53ab012983a6093529b5071e18,https://robinhoodchain.blockscout.com/token/0x5cc8c219c916fe53ab012983a6093529b5071e18,uniswap,0x908ca73983e435940743dcdbd926bca37f8c47b9cd425cfe50e415a54d8a3be2,https://dexscreener.com/robinhood/0x908ca73983e435940743dcdbd926bca37f8c47b9cd425cfe50e415a54d8a3be2,2026-09-01T21:57:36+00:00,37364.4,1798.5,51,42,3.802e-05,v4
2026-09-06T06:20:19.332358+00:00,USAR,USA Rare Earth • Robinhood Token,0xd917b029c761d264c6a312bbbcda868658ef86a6,https://robinhoodchain.blockscout.com/token/0xd917b029c761d264c6a312bbbcda868658ef86a6,HOLD,Diamond Hands,0x27def0eee4bf4678d6abf912d2acc04a8b921e18,https://robinhoodchain.blockscout.com/token/0x27def0eee4bf4678d6abf912d2acc04a8b921e18,uniswap,0x3b9dd76fc3f4dc7e0db7d81f293227609ade5551f21d1c50cb952d062b6c0e15,https://dexscreener.com/robinhood/0x3b9dd76fc3f4dc7e0db7d81f293227609ade5551f21d1c50cb952d062b6c0e15,2026-09-05T04:00:51+00:00,37115.42,23581.78,314,307,3.901e-05,v4
2026-09-06T06:19:26.891455+00:00,LLY,Eli Lilly • Robinhood Token,0x8005d266423c7ea827372c9c864491e5786600ea,https://robinhoodchain.blockscout.com/token/0x8005d266423c7ea827372c9c864491e5786600ea,BE,BELLY,0x7981992155389b44c17e08422749d77023be2ba3,https://robinhoodchain.blockscout.com/token/0x7981992155389b44c17e08422749d77023be2ba3,uniswap,0xc7a30f705b43ae6750e0a61d4da03d99e5574e05396c1fbb427e38df860faf77,https://dexscreener.com/robinhood/0xc7a30f705b43ae6750e0a61d4da03d99e5574e05396c1fbb427e38df860faf77,2026-09-03T18:03:45+00:00,35638.46,6875.98,75,105,3.688e-07,v4
2026-09-06T06:18:36.203214+00:00,AMD,AMD • Robinhood Token,0x86923f96303d656e4aa86d9d42d1e57ad2023fdc,https://robinhoodchain.blockscout.com/token/0x86923f96303d656e4aa86d9d42d1e57ad2023fdc,RYZEN,AstMelonDivas,0x46176edc76e3788ce8bc31a0b131626a46cc1e18,https://robinhoodchain.blockscout.com/token/0x46176edc76e3788ce8bc31a0b131626a46cc1e18,uniswap,0x3e5ba261ef27ae8104f195ce4a3f5a3c4d6b7e1a9fbff7b2030ec541b174c439,https://dexscreener.com/robinhood/0x3e5ba261ef27ae8104f195ce4a3f5a3c4d6b7e1a9fbff7b2030ec541b174c439,2026-09-05T18:17:15+00:00,35617.36,87230.49,691,872,3.796e-05,v4
2026-09-06T06:20:08.149298+00:00,SNDK,Sandisk Corporation • Robinhood Token,0xb90a19ff0af67f7779aff50a882a9cff42446400,https://robinhoodchain.blockscout.com/token/0xb90a19ff0af67f7779aff50a882a9cff42446400,SANDICK,SanDick,0x37a027a719cac2d42d3ef1adbe7865a705e01e18,https://robinhoodchain.blockscout.com/token/0x37a027a719cac2d42d3ef1adbe7865a705e01e18,uniswap,0x1b8c76ee0f0d7de0edde8bf1efb3bf3adaac900163f8193c848e9d0ec9363042,https://dexscreener.com/robinhood/0x1b8c76ee0f0d7de0edde8bf1efb3bf3adaac900163f8193c848e9d0ec9363042,2026-07-19T19:02:32+00:00,35561.38,9501.99,14,29,3.648e-05,v4
2026-09-06T06:19:30.962397+00:00,META,Meta Platforms • Robinhood Token,0xc0d6457c16cc70d6790dd43521c899c87ce02f35,https://robinhoodchain.blockscout.com/token/0xc0d6457c16cc70d6790dd43521c899c87ce02f35,PERV,Meta Perv,0x9b51c3a7bc18f084a6b89506f5ca1de653e71e18,https://robinhoodchain.blockscout.com/token/0x9b51c3a7bc18f084a6b89506f5ca1de653e71e18,uniswap,0x9bf3e1202c2f189e1d32da09429c073ddccdcd2ed42511bacb8b04ccd66b87c3,https://dexscreener.com/robinhood/0x9bf3e1202c2f189e1d32da09429c073ddccdcd2ed42511bacb8b04ccd66b87c3,2026-09-03T02:54:28+00:00,35364.23,9474.09,67,53,3.692e-05,v4
2026-09-06T06:20:01.479682+00:00,RIVN,Rivian Automotive • Robinhood Token,0xb1bf26c1d20ff267a4f93550d1e0d06ac40a114b,https://robinhoodchain.blockscout.com/token/0xb1bf26c1d20ff267a4f93550d1e0d06ac40a114b,GGGARY,Gearguard Gary,0xc1a0a3d3e369a0d58e215d9ffaa6964e96197a11,https://robinhoodchain.blockscout.com/token/0xc1a0a3d3e369a0d58e215d9ffaa6964e96197a11,uniswap,0x9DE7F231EE85187573690B54c2b60D3Ca0Fe13CA,https://dexscreener.com/robinhood/0x9de7f231ee85187573690b54c2b60d3ca0fe13ca,2026-09-02T18:21:35+00:00,35110.69,850.22,0,3,0.0003524,v3
2026-09-06T06:19:34.442877+00:00,MSFT,Microsoft • Robinhood Token,0xe93237c50d904957cf27e7b1133b510c669c2e74,https://robinhoodchain.blockscout.com/token/0xe93237c50d904957cf27e7b1133b510c669c2e74,ROVER,ROVER,0xd140f8ff4e3946d7e2ee53bd3d07cbc20a241e18,https://robinhoodchain.blockscout.com/token/0xd140f8ff4e3946d7e2ee53bd3d07cbc20a241e18,uniswap,0x54f371fe827f61b77f076c748abe2acaaf3144c9bd2e39d06de2f283c421d4f5,https://dexscreener.com/robinhood/0x54f371fe827f61b77f076c748abe2acaaf3144c9bd2e39d06de2f283c421d4f5,2026-07-21T16:50:39+00:00,34929.61,4795.08,11,16,3.583e-05,v4
2026-09-06T06:19:34.442877+00:00,MSFT,Microsoft • Robinhood Token,0xe93237c50d904957cf27e7b1133b510c669c2e74,https://robinhoodchain.blockscout.com/token/0xe93237c50d904957cf27e7b1133b510c669c2e74,VERITY,Verity,0x16a49c0896b889b31d00ac1edf51ad1ffcdf7bc6,https://robinhoodchain.blockscout.com/token/0x16a49c0896b889b31d00ac1edf51ad1ffcdf7bc6,uniswap,0x4711ddd41dcc198823fed7e52eb8bc1a270134f0fa129c77f35965216ab3b49b,https://dexscreener.com/robinhood/0x4711ddd41dcc198823fed7e52eb8bc1a270134f0fa129c77f35965216ab3b49b,2026-09-02T23:34:22+00:00,34859.79,400109.33,732,777,0.0001829,v4
2026-09-06T06:19:13.284882+00:00,GOOGL,Alphabet Class A • Robinhood Token,0x2e0847e8910a9732eb3fb1bb4b70a580adad4fe3,https://robinhoodchain.blockscout.com/token/0x2e0847e8910a9732eb3fb1bb4b70a580adad4fe3,ANDROID,Android,0x5d2b017b30ff9adc2aafd159b82fdcf044ec1e18,https://robinhoodchain.blockscout.com/token/0x5d2b017b30ff9adc2aafd159b82fdcf044ec1e18,uniswap,0xcb18df49bbc06098179e20bff48e4a08d3a6b2019c41fa710eb919d85a2ad586,https://dexscreener.com/robinhood/0xcb18df49bbc06098179e20bff48e4a08d3a6b2019c41fa710eb919d85a2ad586,2026-07-21T16:53:05+00:00,34597.45,146.17,0,4,3.746e-05,v4
2026-09-06T06:20:04.904459+00:00,SKHY,SK hynix Inc. American Depositary Shares • Robinhood Token,0x84cab63bc87912e71ad199ff14a0ba45de68fef8,https://robinhoodchain.blockscout.com/token/0x84cab63bc87912e71ad199ff14a0ba45de68fef8,SAMSUNG,SAMSUNG,0x3030dd5db21d723b5b63ca90b98210720e5d1e18,https://robinhoodchain.blockscout.com/token/0x3030dd5db21d723b5b63ca90b98210720e5d1e18,uniswap,0x5dd9d936ea514e606510df49faa019768fd92766b6cebc8867338d03660527fc,https://dexscreener.com/robinhood/0x5dd9d936ea514e606510df49faa019768fd92766b6cebc8867338d03660527fc,2026-09-04T12:33:31+00:00,34497.71,6073.22,240,147,3.37e-05,v4
2026-09-06T06:20:25.478945+00:00,XOM,ExxonMobil Holdings Corporation • Robinhood Token,0xf9b46d3d1b22199d4d1025a9cedb540a33f1a2d5,https://robinhoodchain.blockscout.com/token/0xf9b46d3d1b22199d4d1025a9cedb540a33f1a2d5,BlackGold,Black Gold,0x74d75486390789dae1fda168859cec7dd4cdaba3,https://robinhoodchain.blockscout.com/token/0x74d75486390789dae1fda168859cec7dd4cdaba3,uniswap,0x1c95a59b9f0d8ae0545b1d9f47f0046d22c6e37c6b61665f377858bc3ae66796,https://dexscreener.com/robinhood/0x1c95a59b9f0d8ae0545b1d9f47f0046d22c6e37c6b61665f377858bc3ae66796,2026-09-05T01:03:36+00:00,34457.5,9240.59,87,145,4.551e-07,v4
2026-09-06T06:20:09.765906+00:00,SOUN,SoundHound AI • Robinhood Token,0x6e3dfd9f7e1649baa14d25cac18c94d62db10a54,https://robinhoodchain.blockscout.com/token/0x6e3dfd9f7e1649baa14d25cac18c94d62db10a54,LOUDR,LOUDR,0xfe9d6a1e492f4abe4f8c2041b283b5a4394a1e18,https://robinhoodchain.blockscout.com/token/0xfe9d6a1e492f4abe4f8c2041b283b5a4394a1e18,uniswap,0x64811b68e7c8c07744526f67661cc9d7ed072dcd73f901e9b9f5725702b9988f,https://dexscreener.com/robinhood/0x64811b68e7c8c07744526f67661cc9d7ed072dcd73f901e9b9f5725702b9988f,2026-09-05T03:12:30+00:00,34361.47,12781.48,135,192,3.771e-05,v4
2026-09-06T06:18:48.492583+00:00,CCL,Carnival Corporation • Robinhood Token,0x9651342cea770ae9a2969ba2a52611523146aef9,https://robinhoodchain.blockscout.com/token/0x9651342cea770ae9a2969ba2a52611523146aef9,TOMCRUISE,TOMCRUISE,0x2b1f56bd4b7258a75d4405639c2235f32bd31e18,https://robinhoodchain.blockscout.com/token/0x2b1f56bd4b7258a75d4405639c2235f32bd31e18,uniswap,0x7ece438a1bac789730ecbe6c2078f613d2a818ef5afc8896c0e96f008742bb25,https://dexscreener.com/robinhood/0x7ece438a1bac789730ecbe6c2078f613d2a818ef5afc8896c0e96f008742bb25,2026-09-01T21:51:19+00:00,34267.09,3143.62,37,23,3.611e-05,v4
2026-09-06T06:19:16.415254+00:00,IBM,IBM • Robinhood Token,0x980dcf6766fa79f5cf0c4aadb3ab477ff15a9619,https://robinhoodchain.blockscout.com/token/0x980dcf6766fa79f5cf0c4aadb3ab477ff15a9619,IBM,I BUY MEMES,0xade76ad1f5249e7d90a04837568ebf386f0ac201,https://robinhoodchain.blockscout.com/token/0xade76ad1f5249e7d90a04837568ebf386f0ac201,uniswap,0x9255db3b7a91b412448e14e136e2eddea785980e63d8194216028624393c4e83,https://dexscreener.com/robinhood/0x9255db3b7a91b412448e14e136e2eddea785980e63d8194216028624393c4e83,2026-09-04T08:00:45+00:00,34228.04,222887.03,806,679,8.975e-05,v4
2026-09-06T06:18:55.423631+00:00,COST,Costco • Robinhood Token,0x4ea005168d7f09a7a0ba9d1def21a479950e44c2,https://robinhoodchain.blockscout.com/token/0x4ea005168d7f09a7a0ba9d1def21a479950e44c2,HOTDOG,Hot Dog,0x804fbd73bf190cc7ef09ca13b2eb35df1eb31e18,https://robinhoodchain.blockscout.com/token/0x804fbd73bf190cc7ef09ca13b2eb35df1eb31e18,uniswap,0xef3a5c95b79b39be19fa57fa0e2d6e46b366b4a8eaa2892ccc3b1545a234053f,https://dexscreener.com/robinhood/0xef3a5c95b79b39be19fa57fa0e2d6e46b366b4a8eaa2892ccc3b1545a234053f,2026-08-31T09:09:29+00:00,34026.99,1002.76,14,7,3.58e-05,v4
2026-09-06T06:19:36.142293+00:00,MU,Micron Technology • Robinhood Token,0xff080c8ce2e5feadaca0da81314ae59d232d4afd,https://robinhoodchain.blockscout.com/token/0xff080c8ce2e5feadaca0da81314ae59d232d4afd,PONS,Pons,0x39dbed3a2bd333467115de45665cc57f813c4571,https://robinhoodchain.blockscout.com/token/0x39dbed3a2bd333467115de45665cc57f813c4571,uniswap,0x033b1f3229207cce6dc252d998fc8294c60455d026ca2616c8d287200fc72485,https://dexscreener.com/robinhood/0x033b1f3229207cce6dc252d998fc8294c60455d026ca2616c8d287200fc72485,2026-09-05T09:56:04+00:00,33945.11,147.38,3,0,1000.8,v4
2026-09-06T06:19:46.455443+00:00,ORCL,Oracle • Robinhood Token,0xb0992820e760d836549ba69bc7598b4af75dee03,https://robinhoodchain.blockscout.com/token/0xb0992820e760d836549ba69bc7598b4af75dee03,DUKE,Duke,0x5ed10bbe6b09b6558d4c2284a6c50df91e2f1e18,https://robinhoodchain.blockscout.com/token/0x5ed10bbe6b09b6558d4c2284a6c50df91e2f1e18,uniswap,0x5bfb28e97bac5667e8f560b251caf56ccf92f885b555d7bc3d0fa892d16be0d8,https://dexscreener.com/robinhood/0x5bfb28e97bac5667e8f560b251caf56ccf92f885b555d7bc3d0fa892d16be0d8,2026-07-21T20:04:53+00:00,33898.84,2814.75,1,14,3.446e-05,v4
2026-09-06T06:20:19.332358+00:00,USAR,USA Rare Earth • Robinhood Token,0xd917b029c761d264c6a312bbbcda868658ef86a6,https://robinhoodchain.blockscout.com/token/0xd917b029c761d264c6a312bbbcda868658ef86a6,MAGNET,MAGNET,0x23f48ab4f77fb8a4aae597652633b14be2ac1e18,https://robinhoodchain.blockscout.com/token/0x23f48ab4f77fb8a4aae597652633b14be2ac1e18,uniswap,0xe2e10fca5a0a3a06553fa53d518589c42e33c7c0f70274326aca3fe0d49bcb16,https://dexscreener.com/robinhood/0xe2e10fca5a0a3a06553fa53d518589c42e33c7c0f70274326aca3fe0d49bcb16,2026-09-05T23:16:49+00:00,33640.92,351121.12,3095,3349,3.461e-05,v4
2026-09-06T06:20:18.514194+00:00,UPS,UPS • Robinhood Token,0xf23250dac154d05bb671cb0d0ebef3c635c79ce2,https://robinhoodchain.blockscout.com/token/0xf23250dac154d05bb671cb0d0ebef3c635c79ce2,ONLY,ONLYUPS,0x93184019a6d051bcb81f0a69387aa9146ad81e18,https://robinhoodchain.blockscout.com/token/0x93184019a6d051bcb81f0a69387aa9146ad81e18,uniswap,0xc5943e30394f24327434adf72c4015c5255ee78197f2772c2d9d21ce675a26f2,https://dexscreener.com/robinhood/0xc5943e30394f24327434adf72c4015c5255ee78197f2772c2d9d21ce675a26f2,2026-09-01T23:09:53+00:00,33602.69,677.24,7,5,3.533e-05,v4
2026-09-06T06:19:58.013138+00:00,RBLX,Roblox • Robinhood Token,0xf0c4bf4c582cb3836e98394b1d4e7b7281101be8,https://robinhoodchain.blockscout.com/token/0xf0c4bf4c582cb3836e98394b1d4e7b7281101be8,gubby,gubby,0xec6e5194610de2246aa248a459db910511901e18,https://robinhoodchain.blockscout.com/token/0xec6e5194610de2246aa248a459db910511901e18,uniswap,0xf86e7513fd172b725b724832ba504916bb6504b2d8953c24728df342f0023ddb,https://dexscreener.com/robinhood/0xf86e7513fd172b725b724832ba504916bb6504b2d8953c24728df342f0023ddb,2026-09-01T16:04:54+00:00,33068.53,5770.55,6,21,3.479e-05,v4
2026-09-06T06:18:37.273929+00:00,AMZN,Amazon • Robinhood Token,0x12f190a9f9d7d37a250758b26824b97ce941bf54,https://robinhoodchain.blockscout.com/token/0x12f190a9f9d7d37a250758b26824b97ce941bf54,RUFUS,RUFUS,0x218d84bdd20982bd7c3cdbf2e6d8bb7fd6fe1e18,https://robinhoodchain.blockscout.com/token/0x218d84bdd20982bd7c3cdbf2e6d8bb7fd6fe1e18,uniswap,0x0f5a0c5b0a1c665757433fc734c4c8f047ee606af3d8ec0efdb9b09c8b884cb1,https://dexscreener.com/robinhood/0x0f5a0c5b0a1c665757433fc734c4c8f047ee606af3d8ec0efdb9b09c8b884cb1,2026-08-30T22:43:53+00:00,33056.12,4477.61,32,37,3.463e-05,v4
2026-09-06T06:18:45.221065+00:00,BABA,Alibaba • Robinhood Token,0xad25ac6c84d497db898fa1e8387bf6af3532a1c4,https://robinhoodchain.blockscout.com/token/0xad25ac6c84d497db898fa1e8387bf6af3532a1c4,OPENSESAME,Open Sesame,0xc3ef6563f82686f11cef87c74a5d8c50be321e18,https://robinhoodchain.blockscout.com/token/0xc3ef6563f82686f11cef87c74a5d8c50be321e18,uniswap,0x61201c018878581047f4a70326ec579e1940328c7f79f3ad8402cf220f5f133e,https://dexscreener.com/robinhood/0x61201c018878581047f4a70326ec579e1940328c7f79f3ad8402cf220f5f133e,2026-09-01T02:44:11+00:00,32833.02,1196.49,9,6,3.371e-05,v4
2026-09-06T06:20:15.476079+00:00,TSM,Taiwan Semiconductor Manufacturing • Robinhood Token,0x58ffe4a942d3885baa22d7520691f611ef09e7aa,https://robinhoodchain.blockscout.com/token/0x58ffe4a942d3885baa22d7520691f611ef09e7aa,GEEG,Geeg,0xcfdabd5618a4606cae27a8d27b051553d7191e18,https://robinhoodchain.blockscout.com/token/0xcfdabd5618a4606cae27a8d27b051553d7191e18,uniswap,0xa0ff5023e310863f0ce32b4ff8725dc597423aecdabfed1bfee23ce56414297e,https://dexscreener.com/robinhood/0xa0ff5023e310863f0ce32b4ff8725dc597423aecdabfed1bfee23ce56414297e,2026-09-04T02:29:13+00:00,32723.65,8432.99,70,53,3.396e-05,v4
2026-09-06T06:19:57.459118+00:00,QUBT,Quantum Computing • Robinhood Token,0x59818904ab4ce163b3ce4ffb64f2d6ca02c434b4,https://robinhoodchain.blockscout.com/token/0x59818904ab4ce163b3ce4ffb64f2d6ca02c434b4,QBERT,Quantum Bert,0x5e322c422d38121eec265d8af136c51fe9ca1e18,https://robinhoodchain.blockscout.com/token/0x5e322c422d38121eec265d8af136c51fe9ca1e18,uniswap,0xef74b38b1f6a5e9c98ceb5a023f3c2e1327d2e515ff848902e746f78eb168c1f,https://dexscreener.com/robinhood/0xef74b38b1f6a5e9c98ceb5a023f3c2e1327d2e515ff848902e746f78eb168c1f,2026-09-04T00:59:32+00:00,32650.33,36789.58,254,187,3.399e-05,v4
2026-09-06T06:18:46.378627+00:00,BE,Bloom Energy • Robinhood Token,0x822cc93ffd030293e9842c30bbd678f530701867,https://robinhoodchain.blockscout.com/token/0x822cc93ffd030293e9842c30bbd678f530701867,BEANS,Beans on $BE,0x43fc985359aab8b3244914658e4055361d8d1e18,https://robinhoodchain.blockscout.com/token/0x43fc985359aab8b3244914658e4055361d8d1e18,uniswap,0xed671db61c255e1a7540264b97d79ae434f98c802c2caf813f9e145f0a195e94,https://dexscreener.com/robinhood/0xed671db61c255e1a7540264b97d79ae434f98c802c2caf813f9e145f0a195e94,2026-09-04T14:47:04+00:00,32633.93,10440.48,93,78,3.294e-05,v4
2026-09-06T06:19:50.313486+00:00,PENG,Penguin Solutions • Robinhood Token,0x9b23573b156b52565012f5ce02cdf60afbaa70be,https://robinhoodchain.blockscout.com/token/0x9b23573b156b52565012f5ce02cdf60afbaa70be,NOOT,Noot Noot,0x29ccd555138059abf9bf1c88b57ceba5a7a91e18,https://robinhoodchain.blockscout.com/token/0x29ccd555138059abf9bf1c88b57ceba5a7a91e18,uniswap,0x864f2752e512d839a27e58d5e0482dd127ab9bc987069714197b74820cc57e7e,https://dexscreener.com/robinhood/0x864f2752e512d839a27e58d5e0482dd127ab9bc987069714197b74820cc57e7e,2026-09-01T17:28:51+00:00,32587.78,133.13,8,7,3.281e-05,v4
2026-09-06T06:20:07.577878+00:00,SNAP,Snap • Robinhood Token,0xf6589f11bc40b669e584073f428b05562f568733,https://robinhoodchain.blockscout.com/token/0xf6589f11bc40b669e584073f428b05562f568733,SELFIE,selfie dog,0xde3468d1d52f550ed2de940831629e0c5fde1e18,https://robinhoodchain.blockscout.com/token/0xde3468d1d52f550ed2de940831629e0c5fde1e18,uniswap,0x50d9037d2cf12d5f9ef53d19f0a54166a4f18369e7fef9cee2ea2ebaddfa30f4,https://dexscreener.com/robinhood/0x50d9037d2cf12d5f9ef53d19f0a54166a4f18369e7fef9cee2ea2ebaddfa30f4,2026-09-04T10:44:16+00:00,32575.4,4419.9,145,110,3.342e-05,v4
2026-09-06T06:19:40.473117+00:00,NNE,Nano Nuclear Energy • Robinhood Token,0xbef75684c43c4ea7bd18dd532a2244674ee8b926,https://robinhoodchain.blockscout.com/token/0xbef75684c43c4ea7bd18dd532a2244674ee8b926,URANINU,Uranium Inu,0xdba17c9d2bd0b9ff0d23021f25f4ef20c292ad99,https://robinhoodchain.blockscout.com/token/0xdba17c9d2bd0b9ff0d23021f25f4ef20c292ad99,uniswap,0xc5857b08149030ec00401c7e71805336d5e6d73c858a46513d839f0042b1ed98,https://dexscreener.com/robinhood/0xc5857b08149030ec00401c7e71805336d5e6d73c858a46513d839f0042b1ed98,2026-09-03T20:19:13+00:00,32555.47,204.15,8,4,3.234e-05,v4
2026-09-06T06:19:57.459118+00:00,QUBT,Quantum Computing • Robinhood Token,0x59818904ab4ce163b3ce4ffb64f2d6ca02c434b4,https://robinhoodchain.blockscout.com/token/0x59818904ab4ce163b3ce4ffb64f2d6ca02c434b4,QC,Quantum Capy,0xa802332f6c9daf2146a61c51876d180b1a4a9901,https://robinhoodchain.blockscout.com/token/0xa802332f6c9daf2146a61c51876d180b1a4a9901,uniswap,0x970ceb08eda92910f49d90af995407d132e1add411aca498b525e3d86449b254,https://dexscreener.com/robinhood/0x970ceb08eda92910f49d90af995407d132e1add411aca498b525e3d86449b254,2026-08-30T18:23:06+00:00,32531.62,115030.46,328,235,7.898e-05,v4
2026-09-06T06:19:52.945422+00:00,POET,POET Technologies • Robinhood Token,0xcf6b2d875361be807eafa57458c80f28521f9333,https://robinhoodchain.blockscout.com/token/0xcf6b2d875361be807eafa57458c80f28521f9333,POETRY,Pure Poetry,0xc68e5662a656e9088fffabaabad01583b42f1e18,https://robinhoodchain.blockscout.com/token/0xc68e5662a656e9088fffabaabad01583b42f1e18,uniswap,0xdcc9b9a26a0e04dd29c9926a0c2ba2c526464990eacb1e2fd66b19123f795e3b,https://dexscreener.com/robinhood/0xdcc9b9a26a0e04dd29c9926a0c2ba2c526464990eacb1e2fd66b19123f795e3b,2026-09-05T11:41:01+00:00,32281.56,125902.3,1863,1911,3.299e-05,v4
2026-09-06T06:18:56.031479+00:00,CRCL,Circle Internet Group • Robinhood Token,0xdf0992e440dd0be65bd8439b609d6d4366bf1cb5,https://robinhoodchain.blockscout.com/token/0xdf0992e440dd0be65bd8439b609d6d4366bf1cb5,CRCL,Just a Circle,0x37144e56f481e23a5a1ebf2c4ff0a82408441e18,https://robinhoodchain.blockscout.com/token/0x37144e56f481e23a5a1ebf2c4ff0a82408441e18,uniswap,0x52a7752ebc504fef74d4060738fc336efa6832ccf962277f9eeb0f1e58863f65,https://dexscreener.com/robinhood/0x52a7752ebc504fef74d4060738fc336efa6832ccf962277f9eeb0f1e58863f65,2026-09-04T01:24:24+00:00,32260.09,41879.11,391,332,4.032e-05,v4
2026-09-06T06:20:09.190024+00:00,SOFI,SoFi Technologies • Robinhood Token,0x98e75885157c80992a8d41b696d8c9c6fb30a926,https://robinhoodchain.blockscout.com/token/0x98e75885157c80992a8d41b696d8c9c6fb30a926,CHAMATH,TURTLENECK,0x0a478b0f299b9aea2a8d98ea2f60385ecf101e18,https://robinhoodchain.blockscout.com/token/0x0a478b0f299b9aea2a8d98ea2f60385ecf101e18,uniswap,0xc4afa9744b799de6fc0e4abbdec7317a3414906d4f0449334c0b61a0b3192fb9,https://dexscreener.com/robinhood/0xc4afa9744b799de6fc0e4abbdec7317a3414906d4f0449334c0b61a0b3192fb9,2026-08-14T16:09:55+00:00,32248.28,899.13,8,4,3.35e-05,v4
2026-09-06T06:20:18.514194+00:00,UPS,UPS • Robinhood Token,0xf23250dac154d05bb671cb0d0ebef3c635c79ce2,https://robinhoodchain.blockscout.com/token/0xf23250dac154d05bb671cb0d0ebef3c635c79ce2,PUPS,UPS PUPS,0x0c107fe1f22395b0ae206af6ca9d7075f12502c2,https://robinhoodchain.blockscout.com/token/0x0c107fe1f22395b0ae206af6ca9d7075f12502c2,uniswap,0xf232598d7610352e5e9da88ff9b9b4a8fef16bd0b273bac05b1da520a86ddd30,https://dexscreener.com/robinhood/0xf232598d7610352e5e9da88ff9b9b4a8fef16bd0b273bac05b1da520a86ddd30,2026-09-04T17:55:06+00:00,32102.19,344646.67,880,806,0.000118,v4
2026-09-06T06:20:18.514194+00:00,UPS,UPS • Robinhood Token,0xf23250dac154d05bb671cb0d0ebef3c635c79ce2,https://robinhoodchain.blockscout.com/token/0xf23250dac154d05bb671cb0d0ebef3c635c79ce2,DOWNS,Downs,0x85d46f19b05cdecc9eee61762af6a1a850941e18,https://robinhoodchain.blockscout.com/token/0x85d46f19b05cdecc9eee61762af6a1a850941e18,uniswap,0x9d80ca25b796d3a31b6b81eb17ecd6d3aa33df39787331f383c20407d681ecf1,https://dexscreener.com/robinhood/0x9d80ca25b796d3a31b6b81eb17ecd6d3aa33df39787331f383c20407d681ecf1,2026-09-02T01:56:58+00:00,32057.29,2304.4,37,23,3.203e-05,v4
2026-09-06T06:18:46.378627+00:00,BE,Bloom Energy • Robinhood Token,0x822cc93ffd030293e9842c30bbd678f530701867,https://robinhoodchain.blockscout.com/token/0x822cc93ffd030293e9842c30bbd678f530701867,PLUM,PLUMBER,0x0ae634d26e9d56ca1ddaccc97de49b8768521e18,https://robinhoodchain.blockscout.com/token/0x0ae634d26e9d56ca1ddaccc97de49b8768521e18,uniswap,0xfbcc73f4cc420e3f35224d1c8546997e17ed388e67e29b0a0c628f6e9a8a8520,https://dexscreener.com/robinhood/0xfbcc73f4cc420e3f35224d1c8546997e17ed388e67e29b0a0c628f6e9a8a8520,2026-09-02T12:58:13+00:00,32022.76,10525.56,15,15,3.199e-05,v4
2026-09-06T06:18:54.926065+00:00,COIN,Coinbase • Robinhood Token,0x6330d8c3178a418788df01a47479c0ce7ccf450b,https://robinhoodchain.blockscout.com/token/0x6330d8c3178a418788df01a47479c0ce7ccf450b,CPER,CPERINU,0x804337ee25d8637492ba1f6d1b9b347126d31e18,https://robinhoodchain.blockscout.com/token/0x804337ee25d8637492ba1f6d1b9b347126d31e18,uniswap,0x5046b8eb69a4e63da7cf2ae07b1fe7038b58d81597dd557dedc7ee23e5808365,https://dexscreener.com/robinhood/0x5046b8eb69a4e63da7cf2ae07b1fe7038b58d81597dd557dedc7ee23e5808365,2026-09-02T00:57:33+00:00,31682.17,22.68,0,2,3.168e-05,v4
2026-09-06T06:18:46.378627+00:00,BE,Bloom Energy • Robinhood Token,0x822cc93ffd030293e9842c30bbd678f530701867,https://robinhoodchain.blockscout.com/token/0x822cc93ffd030293e9842c30bbd678f530701867,MAY,MAYBE,0x19ca78416fbff1726603a23441edd5f5c6d71e18,https://robinhoodchain.blockscout.com/token/0x19ca78416fbff1726603a23441edd5f5c6d71e18,uniswap,0xfba77dc143b9ac0beca42ad05efe15f25471e97c4ec48fe2bbd4f19eace07c47,https://dexscreener.com/robinhood/0xfba77dc143b9ac0beca42ad05efe15f25471e97c4ec48fe2bbd4f19eace07c47,2026-09-02T02:49:53+00:00,31648.76,2466.57,9,6,3.138e-05,v4
2026-09-06T06:19:26.891455+00:00,LLY,Eli Lilly • Robinhood Token,0x8005d266423c7ea827372c9c864491e5786600ea,https://robinhoodchain.blockscout.com/token/0x8005d266423c7ea827372c9c864491e5786600ea,MOONJARO,Moonjaro,0x450f5d6a0a9a715a2bd6452901932636eef31e18,https://robinhoodchain.blockscout.com/token/0x450f5d6a0a9a715a2bd6452901932636eef31e18,uniswap,0x593bc474f2b5851157bcfcf5a18c9507e0e6ae57e3886076c558540d967cf4c2,https://dexscreener.com/robinhood/0x593bc474f2b5851157bcfcf5a18c9507e0e6ae57e3886076c558540d967cf4c2,2026-09-03T23:04:55+00:00,31573.41,5855.09,21,33,3.305e-05,v4
2026-09-06T06:19:01.634065+00:00,DJT,Trump Media & Technology Group • Robinhood Token,0x1d11f0496982706c5e14a514d4e79f2e6bde4516,https://robinhoodchain.blockscout.com/token/0x1d11f0496982706c5e14a514d4e79f2e6bde4516,ARCADE,Arcade.gov,0xa2b0a8f53b7114d12c568d547b496a9ff3541e18,https://robinhoodchain.blockscout.com/token/0xa2b0a8f53b7114d12c568d547b496a9ff3541e18,uniswap,0x59e3b2a76e46cac612832d49c7ccb232944efc40f652d91fe095973ded034990,https://dexscreener.com/robinhood/0x59e3b2a76e46cac612832d49c7ccb232944efc40f652d91fe095973ded034990,2026-09-03T21:04:39+00:00,31534.21,14360.95,24,88,3.339e-05,v4
2026-09-06T06:19:18.914056+00:00,INTC,Intel • Robinhood Token,0xc72b96e0e48ecd4dc75e1e45396e26300bc39681,https://robinhoodchain.blockscout.com/token/0xc72b96e0e48ecd4dc75e1e45396e26300bc39681,BLUECHIP,Bluechip,0x85bdf25122c1536ff2a05597c6e273ffcba01e18,https://robinhoodchain.blockscout.com/token/0x85bdf25122c1536ff2a05597c6e273ffcba01e18,uniswap,0x74fe82835a75c18cc364210ed7086d1544b642d46a71579bf924184e4bcab29a,https://dexscreener.com/robinhood/0x74fe82835a75c18cc364210ed7086d1544b642d46a71579bf924184e4bcab29a,2026-07-22T13:44:23+00:00,30872.47,2142.26,5,15,3.281e-05,v4
2026-09-06T06:18:45.221065+00:00,BABA,Alibaba • Robinhood Token,0xad25ac6c84d497db898fa1e8387bf6af3532a1c4,https://robinhoodchain.blockscout.com/token/0xad25ac6c84d497db898fa1e8387bf6af3532a1c4,SKYCAT,SKYCAT,0xf28ae88e2f8fb5bd3bc620ba0be7c7fcea481e18,https://robinhoodchain.blockscout.com/token/0xf28ae88e2f8fb5bd3bc620ba0be7c7fcea481e18,uniswap,0x54077d3c695f948192fa689d0bed77b3016b327e866d9ff480766e1a4f64e2dd,https://dexscreener.com/robinhood/0x54077d3c695f948192fa689d0bed77b3016b327e866d9ff480766e1a4f64e2dd,2026-09-04T18:18:36+00:00,30795.04,5333.3,153,135,3.153e-05,v4
2026-09-06T06:19:05.786691+00:00,FIX,Comfort Systems • Robinhood Token,0x93dbb1d2dc5d63f4abacff30485273f538df68ac,https://robinhoodchain.blockscout.com/token/0x93dbb1d2dc5d63f4abacff30485273f538df68ac,PLUMBER,plumber,0xbd32d90ed5c794a25402a6384b19713dfd371e18,https://robinhoodchain.blockscout.com/token/0xbd32d90ed5c794a25402a6384b19713dfd371e18,uniswap,0xa8bd709700ef280f0fb432fff78792b950f14f1319b9360bed293434ec5a93d8,https://dexscreener.com/robinhood/0xa8bd709700ef280f0fb432fff78792b950f14f1319b9360bed293434ec5a93d8,2026-09-03T22:58:19+00:00,30747.34,7920.27,106,101,3.16e-05,v4
2026-09-06T06:19:33.012710+00:00,MRNA,Moderna • Robinhood Token,0x43b07d15ce533bec5476d70c22a78a1b2b662155,https://robinhoodchain.blockscout.com/token/0x43b07d15ce533bec5476d70c22a78a1b2b662155,INTISMERAN,intismeran,0xd53707b807ea62c96872e36c7fb573eee04a1e18,https://robinhoodchain.blockscout.com/token/0xd53707b807ea62c96872e36c7fb573eee04a1e18,uniswap,0xe60761407f8555f5d3349ebbd5046108b85a1cb986a92995547bf31da5bc63fa,https://dexscreener.com/robinhood/0xe60761407f8555f5d3349ebbd5046108b85a1cb986a92995547bf31da5bc63fa,2026-08-20T21:05:29+00:00,30498.46,304.31,4,2,3.115e-05,v4
2026-09-06T06:19:52.459864+00:00,PLTR,Palantir Technologies • Robinhood Token,0x894e1ec2d74ffe5aef8dc8a9e84686accb964f2a,https://robinhoodchain.blockscout.com/token/0x894e1ec2d74ffe5aef8dc8a9e84686accb964f2a,HOODWARS,Hood Wars,0x06e0284edfd5cedc77e2589fdcdeed3e57f21e18,https://robinhoodchain.blockscout.com/token/0x06e0284edfd5cedc77e2589fdcdeed3e57f21e18,uniswap,0x39c0399ad95ae953aac6c291603419864e1e7ca9767c43d1b85994501efb775d,https://dexscreener.com/robinhood/0x39c0399ad95ae953aac6c291603419864e1e7ca9767c43d1b85994501efb775d,2026-09-03T14:55:21+00:00,30327.4,54.43,6,3,3.161e-05,v4
2026-09-06T06:20:19.332358+00:00,USAR,USA Rare Earth • Robinhood Token,0xd917b029c761d264c6a312bbbcda868658ef86a6,https://robinhoodchain.blockscout.com/token/0xd917b029c761d264c6a312bbbcda868658ef86a6,PEAT,PEAT,0x32f2fc2767aa3040c6ed738369c279b3de401e18,https://robinhoodchain.blockscout.com/token/0x32f2fc2767aa3040c6ed738369c279b3de401e18,uniswap,0x969241ff086ecb6a16475088b70f4ce1afa49675d309d065b6e91de9afed59b7,https://dexscreener.com/robinhood/0x969241ff086ecb6a16475088b70f4ce1afa49675d309d065b6e91de9afed59b7,2026-08-02T16:09:03+00:00,30325.2,2.91,2,1,2.968e-05,v4
2026-09-06T06:19:51.064239+00:00,PFE,Pfizer • Robinhood Token,0x7066a64c24e4206cd62e83bf198c1e7eb361f51e,https://robinhoodchain.blockscout.com/token/0x7066a64c24e4206cd62e83bf198c1e7eb361f51e,VIAGRA,buy and up only,0x4a07cf39769db8aec8f3d1d91b18baa9d0e01e18,https://robinhoodchain.blockscout.com/token/0x4a07cf39769db8aec8f3d1d91b18baa9d0e01e18,uniswap,0x397f98454b64c769d22655a520208829a3af8a4b4985d2b7143152625579b986,https://dexscreener.com/robinhood/0x397f98454b64c769d22655a520208829a3af8a4b4985d2b7143152625579b986,2026-09-03T16:31:18+00:00,30141.56,1010.8,28,14,2.995e-05,v4
2026-09-06T06:18:45.799965+00:00,BB,Blackberry • Robinhood Token,0x48e39e56acdba37b09020c0b734a613c9a2f100a,https://robinhoodchain.blockscout.com/token/0x48e39e56acdba37b09020c0b734a613c9a2f100a,BBM,BBM,0x0b6140e1cda59a5db081cba5c74794b19ea48d86,https://robinhoodchain.blockscout.com/token/0x0b6140e1cda59a5db081cba5c74794b19ea48d86,uniswap,0xf9799d0ca2862739d315afa3f4a4845993695677693053ffd3544df5e75ec7c6,https://dexscreener.com/robinhood/0xf9799d0ca2862739d315afa3f4a4845993695677693053ffd3544df5e75ec7c6,2026-09-03T01:48:09+00:00,30024.42,89077.7,252,241,0.0001112,v4
2026-09-06T06:19:35.005904+00:00,MSTR,Strategy Inc. • Robinhood Token,0xec262a75e413fafd0df80480274532c79d42da09,https://robinhoodchain.blockscout.com/token/0xec262a75e413fafd0df80480274532c79d42da09,MIKEY,MikeyCoin,0xbbb3d4baf906e95218147b33fbc686417e2e1e18,https://robinhoodchain.blockscout.com/token/0xbbb3d4baf906e95218147b33fbc686417e2e1e18,uniswap,0x5580886785dadce4b2c274a930efe2ff81364c467946bcea234ce70831e1abda,https://dexscreener.com/robinhood/0x5580886785dadce4b2c274a930efe2ff81364c467946bcea234ce70831e1abda,2026-09-01T03:37:28+00:00,29584.96,1046.26,6,3,2.953e-05,v4
2026-09-06T06:19:33.012710+00:00,MRNA,Moderna • Robinhood Token,0x43b07d15ce533bec5476d70c22a78a1b2b662155,https://robinhoodchain.blockscout.com/token/0x43b07d15ce533bec5476d70c22a78a1b2b662155,VACCINE,FAUCI,0xff83ca75ddc95f82717fe11e60c4c26df8481e18,https://robinhoodchain.blockscout.com/token/0xff83ca75ddc95f82717fe11e60c4c26df8481e18,uniswap,0x1daae1b4d301d13009b4c31f4f84e5861b4e33d7bd18d13eb1d99a0485c44351,https://dexscreener.com/robinhood/0x1daae1b4d301d13009b4c31f4f84e5861b4e33d7bd18d13eb1d99a0485c44351,2026-09-01T22:13:28+00:00,29580.85,2860.32,12,18,3.054e-05,v4
2026-09-06T06:20:04.904459+00:00,SKHY,SK hynix Inc. American Depositary Shares • Robinhood Token,0x84cab63bc87912e71ad199ff14a0ba45de68fef8,https://robinhoodchain.blockscout.com/token/0x84cab63bc87912e71ad199ff14a0ba45de68fef8,KWAK,Kwak,0x790ea09bfbed81b0542db97257f2d4adc6571e18,https://robinhoodchain.blockscout.com/token/0x790ea09bfbed81b0542db97257f2d4adc6571e18,uniswap,0x86cb3144b4659672b2e6e3d1344a5797f96e0530ec2eaa7f50eb87c5bd507968,https://dexscreener.com/robinhood/0x86cb3144b4659672b2e6e3d1344a5797f96e0530ec2eaa7f50eb87c5bd507968,2026-08-31T13:31:41+00:00,29280.06,51.22,3,3,2.953e-05,v4
2026-09-06T06:20:19.332358+00:00,USAR,USA Rare Earth • Robinhood Token,0xd917b029c761d264c6a312bbbcda868658ef86a6,https://robinhoodchain.blockscout.com/token/0xd917b029c761d264c6a312bbbcda868658ef86a6,DIG,Never Give Up,0xcef3ec136ab05aa8f187c1fdc632cb1048fb1e18,https://robinhoodchain.blockscout.com/token/0xcef3ec136ab05aa8f187c1fdc632cb1048fb1e18,uniswap,0x8a97a7e55abd2bdbe1ab23628b65aa665fe411db3d6f54866dc315b94f85aa12,https://dexscreener.com/robinhood/0x8a97a7e55abd2bdbe1ab23628b65aa665fe411db3d6f54866dc315b94f85aa12,2026-07-21T17:33:01+00:00,29240.1,10892.58,15,50,2.96e-05,v4
2026-09-06T06:19:39.642014+00:00,NFLX,Netflix • Robinhood Token,0xe0444ef8bf4ed74f74fd73686e2ddf4c1c5591e8,https://robinhoodchain.blockscout.com/token/0xe0444ef8bf4ed74f74fd73686e2ddf4c1c5591e8,RATRACE,Rat Race,0x12966f9c6046484e52f3eaef28c109c83bc81e18,https://robinhoodchain.blockscout.com/token/0x12966f9c6046484e52f3eaef28c109c83bc81e18,uniswap,0x75fb7dd29c659d758f1ab7c5ec804ec6443ef3025a018e7c8feb1301769f0ca9,https://dexscreener.com/robinhood/0x75fb7dd29c659d758f1ab7c5ec804ec6443ef3025a018e7c8feb1301769f0ca9,2026-08-29T21:13:53+00:00,29210.6,872.57,12,9,2.875e-05,v4
2026-09-06T06:19:04.693077+00:00,FIG,Figma • Robinhood Token,0x41f4267525a8aff329540ef24fd83d9044758b33,https://robinhoodchain.blockscout.com/token/0x41f4267525a8aff329540ef24fd83d9044758b33,NINE,NINE FIGS,0xa7cc1fb87c7b92c01ed84f5b6d83018057f81e18,https://robinhoodchain.blockscout.com/token/0xa7cc1fb87c7b92c01ed84f5b6d83018057f81e18,uniswap,0x69dcf98c26e086d7b8bb92c89ae9ab4d035778745700dfdd28452b38c162016c,https://dexscreener.com/robinhood/0x69dcf98c26e086d7b8bb92c89ae9ab4d035778745700dfdd28452b38c162016c,2026-09-04T10:57:23+00:00,28967.41,2716.66,51,30,2.931e-05,v4
2026-09-06T06:20:26.113208+00:00,ZM,Zoom • Robinhood Token,0x44c4f142009036cf477ed2d09932051843137cf1,https://robinhoodchain.blockscout.com/token/0x44c4f142009036cf477ed2d09932051843137cf1,ORGA,Orgazm,0x192ebd106c780b5663164eeb3da44052d5e61e18,https://robinhoodchain.blockscout.com/token/0x192ebd106c780b5663164eeb3da44052d5e61e18,uniswap,0x1edbe755f60518ce72f0ab4eb53637da59f236b6bd0031e5d56805205b2bde42,https://dexscreener.com/robinhood/0x1edbe755f60518ce72f0ab4eb53637da59f236b6bd0031e5d56805205b2bde42,2026-09-03T23:05:19+00:00,28931.1,536.19,6,3,2.99e-05,v4
2026-09-06T06:19:18.914056+00:00,INTC,Intel • Robinhood Token,0xc72b96e0e48ecd4dc75e1e45396e26300bc39681,https://robinhoodchain.blockscout.com/token/0xc72b96e0e48ecd4dc75e1e45396e26300bc39681,GRANNY,INTEL GRANNY,0x1a838d48f67387377618b13ba438e6af15441e18,https://robinhoodchain.blockscout.com/token/0x1a838d48f67387377618b13ba438e6af15441e18,uniswap,0xb2fa797c3f4d7a692a8f6891d224caec383724b079a24cc8c605e61997b836c6,https://dexscreener.com/robinhood/0xb2fa797c3f4d7a692a8f6891d224caec383724b079a24cc8c605e61997b836c6,2026-07-27T17:56:34+00:00,28849.04,224.58,6,3,2.704e-05,v4
2026-09-06T06:20:16.854792+00:00,TTWO,Take-Two Interactive Software • Robinhood Token,0x5e81213613b6b86eab4c6c50d718d34359459786,https://robinhoodchain.blockscout.com/token/0x5e81213613b6b86eab4c6c50d718d34359459786,WASTED,WASTED,0x2bbd69fc69dc9922f9f76142251d2827fd46188c,https://robinhoodchain.blockscout.com/token/0x2bbd69fc69dc9922f9f76142251d2827fd46188c,uniswap,0x5aff4f54e37d7ce24799447034f65d452e06945c2b15ed5e7a37bae132e0930f,https://dexscreener.com/robinhood/0x5aff4f54e37d7ce24799447034f65d452e06945c2b15ed5e7a37bae132e0930f,2026-09-05T13:40:36+00:00,28793.05,381682.66,2229,1697,0.0001709,v4
2026-09-06T06:20:16.854792+00:00,TTWO,Take-Two Interactive Software • Robinhood Token,0x5e81213613b6b86eab4c6c50d718d34359459786,https://robinhoodchain.blockscout.com/token/0x5e81213613b6b86eab4c6c50d718d34359459786,BAWSAQ,BAWSAQ,0x756a626544d90585ff9e5e6edef5406a69b45c9c,https://robinhoodchain.blockscout.com/token/0x756a626544d90585ff9e5e6edef5406a69b45c9c,uniswap,0x1a760d39c2cc70f6121daac7200ddd92c6049b57528447e5dbe20554f52042a6,https://dexscreener.com/robinhood/0x1a760d39c2cc70f6121daac7200ddd92c6049b57528447e5dbe20554f52042a6,2026-09-01T13:12:13+00:00,28779.37,128538.96,378,271,0.0001708,v4
2026-09-06T06:20:08.648016+00:00,SNOW,Snowflake • Robinhood Token,0xba0cab75495255d0cb58e22b648bfed4ecd1f47e,https://robinhoodchain.blockscout.com/token/0xba0cab75495255d0cb58e22b648bfed4ecd1f47e,SNOWBALL,snowball,0x3d73740495d11712bb2e7a296cff8bd439111e18,https://robinhoodchain.blockscout.com/token/0x3d73740495d11712bb2e7a296cff8bd439111e18,uniswap,0x7193103095d956bf0921efe18e292810dd436f5ccdad656ae55907a8e4fd4543,https://dexscreener.com/robinhood/0x7193103095d956bf0921efe18e292810dd436f5ccdad656ae55907a8e4fd4543,2026-09-05T20:57:56+00:00,28590.41,68892.06,712,776,2.848e-05,v4
2026-09-06T06:20:08.149298+00:00,SNDK,Sandisk Corporation • Robinhood Token,0xb90a19ff0af67f7779aff50a882a9cff42446400,https://robinhoodchain.blockscout.com/token/0xb90a19ff0af67f7779aff50a882a9cff42446400,OP,Sandisk Optimus,0xf25ccb1036c41e953f84ec9f3cc72f8d73953214,https://robinhoodchain.blockscout.com/token/0xf25ccb1036c41e953f84ec9f3cc72f8d73953214,uniswap,0x62e9d888f0a5ac01ceb645b548b0eb18e0ee921784649fe365ce8baec5ebdc67,https://dexscreener.com/robinhood/0x62e9d888f0a5ac01ceb645b548b0eb18e0ee921784649fe365ce8baec5ebdc67,2026-08-31T21:02:46+00:00,28550.31,83901.71,294,229,8.653e-05,v4
2026-09-06T06:18:31.678557+00:00,ADBE,Adobe • Robinhood Token,0x232b8ed6377be97813853b0ac104c4cda8378d1b,https://robinhoodchain.blockscout.com/token/0x232b8ed6377be97813853b0ac104c4cda8378d1b,PDF,PDF Coin,0x05fd7edef8d4199666aa26f7c70354a290281e18,https://robinhoodchain.blockscout.com/token/0x05fd7edef8d4199666aa26f7c70354a290281e18,uniswap,0xf825b34365020b1190259fa01b984607498c4afdd8d8752704f3584ea1359c35,https://dexscreener.com/robinhood/0xf825b34365020b1190259fa01b984607498c4afdd8d8752704f3584ea1359c35,2026-09-03T21:30:45+00:00,28388.68,3039.42,65,40,2.891e-05,v4
2026-09-06T06:18:47.213404+00:00,BULL,Webull • Robinhood Token,0xcef9027c7d6985b85f0ba431125073529a947a68,https://robinhoodchain.blockscout.com/token/0xcef9027c7d6985b85f0ba431125073529a947a68,GOLDEN,Golden Bull,0x4aa54a0553e1c2fdc7004e11c279fc15f13c1e18,https://robinhoodchain.blockscout.com/token/0x4aa54a0553e1c2fdc7004e11c279fc15f13c1e18,uniswap,0x355fa924455701c6d476f47f02d59fea03fbec758140afd7ea2db452d867944a,https://dexscreener.com/robinhood/0x355fa924455701c6d476f47f02d59fea03fbec758140afd7ea2db452d867944a,2026-09-04T14:26:16+00:00,28242.62,5857.47,154,143,2.838e-05,v4
2026-09-06T06:20:03.825738+00:00,SHOP,Shopify • Robinhood Token,0xf53f66751b1eff985311b693531e3290f600c410,https://robinhoodchain.blockscout.com/token/0xf53f66751b1eff985311b693531e3290f600c410,COURSE,BUY MY COURSE,0x6b45f073f06eaaee2bc635c1fccd87edb17d1e18,https://robinhoodchain.blockscout.com/token/0x6b45f073f06eaaee2bc635c1fccd87edb17d1e18,uniswap,0x5767290a744d8191fd563cce593304d1f290665488003b0a7567b526dad98830,https://dexscreener.com/robinhood/0x5767290a744d8191fd563cce593304d1f290665488003b0a7567b526dad98830,2026-09-03T17:27:01+00:00,28096.4,2035.99,6,12,2.855e-05,v4
2026-09-06T06:19:57.459118+00:00,QUBT,Quantum Computing • Robinhood Token,0x59818904ab4ce163b3ce4ffb64f2d6ca02c434b4,https://robinhoodchain.blockscout.com/token/0x59818904ab4ce163b3ce4ffb64f2d6ca02c434b4,QUANTUMCAT,Quantum Cat,0x5edf59a6a6f207aaaf0fc60b0c972c6d044e1e18,https://robinhoodchain.blockscout.com/token/0x5edf59a6a6f207aaaf0fc60b0c972c6d044e1e18,uniswap,0xcb6b8dd8f631bf7cdf69fe7109c5acfe84f7a805ec1178064fb109b79f3282d0,https://dexscreener.com/robinhood/0xcb6b8dd8f631bf7cdf69fe7109c5acfe84f7a805ec1178064fb109b79f3282d0,2026-09-02T00:39:37+00:00,28061.89,2595.65,31,23,2.66e-05,v4
2026-09-06T06:20:19.332358+00:00,USAR,USA Rare Earth • Robinhood Token,0xd917b029c761d264c6a312bbbcda868658ef86a6,https://robinhoodchain.blockscout.com/token/0xd917b029c761d264c6a312bbbcda868658ef86a6,SHAFT,Shaft Coin,0xcbffac12a32ebd391b008ae04f356066f2231e18,https://robinhoodchain.blockscout.com/token/0xcbffac12a32ebd391b008ae04f356066f2231e18,uniswap,0x0b623c34b64c2e588c3e08a31d9bcf11a255836e8ad6da261ee533f78cfa410f,https://dexscreener.com/robinhood/0x0b623c34b64c2e588c3e08a31d9bcf11a255836e8ad6da261ee533f78cfa410f,2026-08-31T17:30:10+00:00,27913.3,302.36,4,2,2.834e-05,v4
2026-09-06T06:18:54.926065+00:00,COIN,Coinbase • Robinhood Token,0x6330d8c3178a418788df01a47479c0ce7ccf450b,https://robinhoodchain.blockscout.com/token/0x6330d8c3178a418788df01a47479c0ce7ccf450b,COH,CoinbaseOnHood,0xefe604b98a6c62cf578de5705c97671cf6ef1e18,https://robinhoodchain.blockscout.com/token/0xefe604b98a6c62cf578de5705c97671cf6ef1e18,uniswap,0x90a701cfc688ed6ce8ad01f2432d647846edfa200a84d5f609a8f8059c671fd3,https://dexscreener.com/robinhood/0x90a701cfc688ed6ce8ad01f2432d647846edfa200a84d5f609a8f8059c671fd3,2026-07-24T01:06:42+00:00,27784.27,25.77,0,1,2.791e-05,v4
2026-09-06T06:19:30.962397+00:00,META,Meta Platforms • Robinhood Token,0xc0d6457c16cc70d6790dd43521c899c87ce02f35,https://robinhoodchain.blockscout.com/token/0xc0d6457c16cc70d6790dd43521c899c87ce02f35,FACEMASH,FACEMASH,0xa57ce17437e67c045af5d36ce2f8ac1b0a691e18,https://robinhoodchain.blockscout.com/token/0xa57ce17437e67c045af5d36ce2f8ac1b0a691e18,uniswap,0x64c4a11936dbfb04220dc2cb6f9dad58d84a0db75a4bdd2ca1f71cf7df7806d3,https://dexscreener.com/robinhood/0x64c4a11936dbfb04220dc2cb6f9dad58d84a0db75a4bdd2ca1f71cf7df7806d3,2026-09-04T15:24:35+00:00,27773.09,13064.3,260,178,2.749e-05,v4
2026-09-06T06:20:04.904459+00:00,SKHY,SK hynix Inc. American Depositary Shares • Robinhood Token,0x84cab63bc87912e71ad199ff14a0ba45de68fef8,https://robinhoodchain.blockscout.com/token/0x84cab63bc87912e71ad199ff14a0ba45de68fef8,HARU,하루,0x0e2b137f65875d6fea105b697319ce4970071e18,https://robinhoodchain.blockscout.com/token/0x0e2b137f65875d6fea105b697319ce4970071e18,uniswap,0xd0dc2cb848d7799e83d5234fd79c6cbd41f1cdfce5119c2541e8b1e82b8ee9d3,https://dexscreener.com/robinhood/0xd0dc2cb848d7799e83d5234fd79c6cbd41f1cdfce5119c2541e8b1e82b8ee9d3,2026-08-28T05:03:46+00:00,27366.91,284.77,5,4,2.711e-05,v4
2026-09-06T06:19:50.313486+00:00,PENG,Penguin Solutions • Robinhood Token,0x9b23573b156b52565012f5ce02cdf60afbaa70be,https://robinhoodchain.blockscout.com/token/0x9b23573b156b52565012f5ce02cdf60afbaa70be,PENGUIN,Penguin Solutions,0x46ee45c486a18e6e2fd153972ed37e2bd519fbc4,https://robinhoodchain.blockscout.com/token/0x46ee45c486a18e6e2fd153972ed37e2bd519fbc4,uniswap,0xbce5d61cd64ae7b604a551c58c57800f770db9530dbcb94055d8499a62461af2,https://dexscreener.com/robinhood/0xbce5d61cd64ae7b604a551c58c57800f770db9530dbcb94055d8499a62461af2,2026-09-01T17:23:44+00:00,27313.01,52.52,4,2,2.705e-05,v4
2026-09-06T06:18:44.582363+00:00,BA,Boeing • Robinhood Token,0x4d21483a44bf67a86b77e3da301411880797d452,https://robinhoodchain.blockscout.com/token/0x4d21483a44bf67a86b77e3da301411880797d452,BLEUCHIP,BLEUCHIP,0xe6fd123955eaf470526e7b6e9116728d9e041e18,https://robinhoodchain.blockscout.com/token/0xe6fd123955eaf470526e7b6e9116728d9e041e18,uniswap,0xc30015d60404125123e6599326c1f4ee3988bfe0aa4a38f57fa5acd03cec67ce,https://dexscreener.com/robinhood/0xc30015d60404125123e6599326c1f4ee3988bfe0aa4a38f57fa5acd03cec67ce,2026-09-04T15:32:25+00:00,27251.08,6958.78,93,63,2.683e-05,v4
2026-09-06T06:19:39.642014+00:00,NFLX,Netflix • Robinhood Token,0xe0444ef8bf4ed74f74fd73686e2ddf4c1c5591e8,https://robinhoodchain.blockscout.com/token/0xe0444ef8bf4ed74f74fd73686e2ddf4c1c5591e8,THEINVESTOR,The Investor,0xac292fda653018e459d69db1c88f11565e551e18,https://robinhoodchain.blockscout.com/token/0xac292fda653018e459d69db1c88f11565e551e18,uniswap,0x2af62f296d7a2370426062576e8c2656423d818fa986a86350b054171753b752,https://dexscreener.com/robinhood/0x2af62f296d7a2370426062576e8c2656423d818fa986a86350b054171753b752,2026-09-02T05:37:00+00:00,27153.42,6.96,2,1,2.757e-05,v4
2026-09-06T06:20:09.190024+00:00,SOFI,SoFi Technologies • Robinhood Token,0x98e75885157c80992a8d41b696d8c9c6fb30a926,https://robinhoodchain.blockscout.com/token/0x98e75885157c80992a8d41b696d8c9c6fb30a926,KIMCHI,Nasdaq dog,0x50142d76f2aea6f1d9fb35f7778e46bd2e1e1e18,https://robinhoodchain.blockscout.com/token/0x50142d76f2aea6f1d9fb35f7778e46bd2e1e1e18,uniswap,0x22c20955255d371aa6660a882fc7297d6c337dc30264e7290786110ee2ff390a,https://dexscreener.com/robinhood/0x22c20955255d371aa6660a882fc7297d6c337dc30264e7290786110ee2ff390a,2026-09-01T22:19:02+00:00,27150.09,1165.44,13,14,2.699e-05,v4
2026-09-06T06:18:44.582363+00:00,BA,Boeing • Robinhood Token,0x4d21483a44bf67a86b77e3da301411880797d452,https://robinhoodchain.blockscout.com/token/0x4d21483a44bf67a86b77e3da301411880797d452,SISYPHUS,Airlines,0xa9bc113329c0265a63d5b72d82f3f90733bd1e18,https://robinhoodchain.blockscout.com/token/0xa9bc113329c0265a63d5b72d82f3f90733bd1e18,uniswap,0xf23dfa5dcdc3f0cf85c0fa9952bd389c20274cfd31ae1a56ea580c7af0286500,https://dexscreener.com/robinhood/0xf23dfa5dcdc3f0cf85c0fa9952bd389c20274cfd31ae1a56ea580c7af0286500,2026-09-03T17:53:12+00:00,26901.4,2563.92,59,37,2.638e-05,v4
2026-09-06T06:20:04.904459+00:00,SKHY,SK hynix Inc. American Depositary Shares • Robinhood Token,0x84cab63bc87912e71ad199ff14a0ba45de68fef8,https://robinhoodchain.blockscout.com/token/0x84cab63bc87912e71ad199ff14a0ba45de68fef8,NKHY,NKHYNIX,0x554ce5ef228de0f2ce0378c814cd5ccb97241e18,https://robinhoodchain.blockscout.com/token/0x554ce5ef228de0f2ce0378c814cd5ccb97241e18,uniswap,0x0e0836e6046591edf207c32ba5a7d2e8d4434e1adf1a10d2824ab9dcf10baa78,https://dexscreener.com/robinhood/0x0e0836e6046591edf207c32ba5a7d2e8d4434e1adf1a10d2824ab9dcf10baa78,2026-09-04T13:19:53+00:00,26846.83,755.89,12,9,2.713e-05,v4
2026-09-06T06:19:34.442877+00:00,MSFT,Microsoft • Robinhood Token,0xe93237c50d904957cf27e7b1133b510c669c2e74,https://robinhoodchain.blockscout.com/token/0xe93237c50d904957cf27e7b1133b510c669c2e74,DEVS,Developers,0x80db362eab104ec378e19d0a3dcd5e84bafd4ba3,https://robinhoodchain.blockscout.com/token/0x80db362eab104ec378e19d0a3dcd5e84bafd4ba3,uniswap,0x130caf8b43343e182a79a4046932bd5623a87e9309e7c53e2d1efb4ec6b8e2a0,https://dexscreener.com/robinhood/0x130caf8b43343e182a79a4046932bd5623a87e9309e7c53e2d1efb4ec6b8e2a0,2026-08-29T02:48:43+00:00,26782.59,166.44,9,11,3.093e-07,v4
2026-09-06T06:18:39.560976+00:00,ASML,ASML Holding NV • Robinhood Token,0x47f93d52cbec7c6d2cfc080e154002370a60daea,https://robinhoodchain.blockscout.com/token/0x47f93d52cbec7c6d2cfc080e154002370a60daea,ASMR,ASMR,0x80759ab3bc6b370a76d425f2217c6993eb891e18,https://robinhoodchain.blockscout.com/token/0x80759ab3bc6b370a76d425f2217c6993eb891e18,uniswap,0xbe81ab30a477b1022d7188ea8b581530d6e696f8b7c2ca0c96780306da9a9fe6,https://dexscreener.com/robinhood/0xbe81ab30a477b1022d7188ea8b581530d6e696f8b7c2ca0c96780306da9a9fe6,2026-09-02T13:58:30+00:00,26743.51,299.32,17,10,2.673e-05,v4
2026-09-06T06:18:44.582363+00:00,BA,Boeing • Robinhood Token,0x4d21483a44bf67a86b77e3da301411880797d452,https://robinhoodchain.blockscout.com/token/0x4d21483a44bf67a86b77e3da301411880797d452,JOEING,JOEING,0xf6943ef79df0bf06ed9aefdadcc4f3f7038f1e18,https://robinhoodchain.blockscout.com/token/0xf6943ef79df0bf06ed9aefdadcc4f3f7038f1e18,uniswap,0x8e5f783a2be7dcf47f4133673dd427945fdf725220506035188a9b6ade607e24,https://dexscreener.com/robinhood/0x8e5f783a2be7dcf47f4133673dd427945fdf725220506035188a9b6ade607e24,2026-09-02T00:49:21+00:00,26563.19,553.51,10,5,2.65e-05,v4
2026-09-06T06:19:50.313486+00:00,PENG,Penguin Solutions • Robinhood Token,0x9b23573b156b52565012f5ce02cdf60afbaa70be,https://robinhoodchain.blockscout.com/token/0x9b23573b156b52565012f5ce02cdf60afbaa70be,PENG,Penguin Solutions,0x10c202d0e0e6529a9c3e39f548d6852886cd1e18,https://robinhoodchain.blockscout.com/token/0x10c202d0e0e6529a9c3e39f548d6852886cd1e18,uniswap,0x0aec5c7b8d20b60281f50c97a01b5b1691cba39240fb78a60539bb0d64cce457,https://dexscreener.com/robinhood/0x0aec5c7b8d20b60281f50c97a01b5b1691cba39240fb78a60539bb0d64cce457,2026-09-01T17:24:50+00:00,26547.91,12.38,0,3,2.654e-05,v4
2026-09-06T06:19:15.083504+00:00,HPE,HP Enterprise • Robinhood Token,0x59dd09d4900c2e4b5f75b7c0d4e6796fcc234cb1,https://robinhoodchain.blockscout.com/token/0x59dd09d4900c2e4b5f75b7c0d4e6796fcc234cb1,COMS,3com,0x192baf67e094d1e0af5862a3ff6da0a3faa7d501,https://robinhoodchain.blockscout.com/token/0x192baf67e094d1e0af5862a3ff6da0a3faa7d501,uniswap,0xd6cffae122e075e1e013c1fd5fe79186a6f726e3a4f6b69499cbd35ef78d0caf,https://dexscreener.com/robinhood/0xd6cffae122e075e1e013c1fd5fe79186a6f726e3a4f6b69499cbd35ef78d0caf,2026-09-02T03:20:15+00:00,26531.02,38760.94,163,127,6.249e-05,v4
2026-09-06T06:19:33.012710+00:00,MRNA,Moderna • Robinhood Token,0x43b07d15ce533bec5476d70c22a78a1b2b662155,https://robinhoodchain.blockscout.com/token/0x43b07d15ce533bec5476d70c22a78a1b2b662155,BIOACC,Bio/Acc,0x4402e44666a48396a7860358fbc4da62714a1e18,https://robinhoodchain.blockscout.com/token/0x4402e44666a48396a7860358fbc4da62714a1e18,uniswap,0xd272015665744a232d7c0f801f58b820e4dce6c07e204a91ae38d6b741d6c653,https://dexscreener.com/robinhood/0xd272015665744a232d7c0f801f58b820e4dce6c07e204a91ae38d6b741d6c653,2026-08-20T21:02:32+00:00,26384.64,540.73,4,2,2.609e-05,v4
2026-09-06T06:20:19.332358+00:00,USAR,USA Rare Earth • Robinhood Token,0xd917b029c761d264c6a312bbbcda868658ef86a6,https://robinhoodchain.blockscout.com/token/0xd917b029c761d264c6a312bbbcda868658ef86a6,MAGNET,money magnet,0xba74a7be3501ecaac4cf4c0867554914fc361e18,https://robinhoodchain.blockscout.com/token/0xba74a7be3501ecaac4cf4c0867554914fc361e18,uniswap,0x1f69f35fc4357d4eec1f913ec3dc618c7b8534176ec335909b70457e72c09286,https://dexscreener.com/robinhood/0x1f69f35fc4357d4eec1f913ec3dc618c7b8534176ec335909b70457e72c09286,2026-07-24T19:35:15+00:00,26213.4,12.17,0,1,2.621e-05,v4
2026-09-06T06:19:16.415254+00:00,IBM,IBM • Robinhood Token,0x980dcf6766fa79f5cf0c4aadb3ab477ff15a9619,https://robinhoodchain.blockscout.com/token/0x980dcf6766fa79f5cf0c4aadb3ab477ff15a9619,IBM,I Buy Memes,0x3f493f118f43a330ed7d07584fe6785a93b51e18,https://robinhoodchain.blockscout.com/token/0x3f493f118f43a330ed7d07584fe6785a93b51e18,uniswap,0x087da99528fde0698727d36d3a23e2941d3a858a5495f41c67b065d13a0558e6,https://dexscreener.com/robinhood/0x087da99528fde0698727d36d3a23e2941d3a858a5495f41c67b065d13a0558e6,2026-08-28T03:50:58+00:00,26116.1,981.89,6,9,2.662e-05,v4
2026-09-06T06:19:26.891455+00:00,LLY,Eli Lilly • Robinhood Token,0x8005d266423c7ea827372c9c864491e5786600ea,https://robinhoodchain.blockscout.com/token/0x8005d266423c7ea827372c9c864491e5786600ea,biohacking,BioLLM,0x67c61bfb169ce68a61ef28e4ce9d7f53efbd1e18,https://robinhoodchain.blockscout.com/token/0x67c61bfb169ce68a61ef28e4ce9d7f53efbd1e18,uniswap,0x36c4b30bdeabdf9fb08c0f4be745e59910f8b03a343fb640c62470bda997917f,https://dexscreener.com/robinhood/0x36c4b30bdeabdf9fb08c0f4be745e59910f8b03a343fb640c62470bda997917f,2026-09-03T16:33:22+00:00,25813.7,1391.86,29,16,2.551e-05,v4
2026-09-06T06:20:16.854792+00:00,TTWO,Take-Two Interactive Software • Robinhood Token,0x5e81213613b6b86eab4c6c50d718d34359459786,https://robinhoodchain.blockscout.com/token/0x5e81213613b6b86eab4c6c50d718d34359459786,GTAVI,Grand Theft Auto VI,0x680450bf9fda741310ec57ebe7182ed414ca6d01,https://robinhoodchain.blockscout.com/token/0x680450bf9fda741310ec57ebe7182ed414ca6d01,uniswap,0x02444f32c581ba1b4dd2c0df918c9ddf76b82cde909cadd849ff77a737565ffe,https://dexscreener.com/robinhood/0x02444f32c581ba1b4dd2c0df918c9ddf76b82cde909cadd849ff77a737565ffe,2026-08-13T12:07:37+00:00,25752.24,17869.35,50,54,5.845e-05,v4
2026-09-06T06:20:18.514194+00:00,UPS,UPS • Robinhood Token,0xf23250dac154d05bb671cb0d0ebef3c635c79ce2,https://robinhoodchain.blockscout.com/token/0xf23250dac154d05bb671cb0d0ebef3c635c79ce2,PUPS,PUPS,0xaf6ebed5af20efb816e6dcdad653de6269431e18,https://robinhoodchain.blockscout.com/token/0xaf6ebed5af20efb816e6dcdad653de6269431e18,uniswap,0xc0c3eec5c6aefe2a7bbd191fc09252923d980222960570ca864d9dd56e1e3c50,https://dexscreener.com/robinhood/0xc0c3eec5c6aefe2a7bbd191fc09252923d980222960570ca864d9dd56e1e3c50,2026-09-03T04:23:49+00:00,25743.59,797.79,16,8,2.573e-05,v4
2026-09-06T06:18:46.378627+00:00,BE,Bloom Energy • Robinhood Token,0x822cc93ffd030293e9842c30bbd678f530701867,https://robinhoodchain.blockscout.com/token/0x822cc93ffd030293e9842c30bbd678f530701867,ELFBLOOM,Bloom x Bloom,0x5c6b671e0a4e84feda85978586725e754bb41e18,https://robinhoodchain.blockscout.com/token/0x5c6b671e0a4e84feda85978586725e754bb41e18,uniswap,0x18ed81a833831361709a9759d80ce55c9eedabd366d4191665a0ac3be4c606e6,https://dexscreener.com/robinhood/0x18ed81a833831361709a9759d80ce55c9eedabd366d4191665a0ac3be4c606e6,2026-09-02T22:13:54+00:00,25735.43,32.41,52,26,2.572e-05,v4
2026-09-06T06:19:33.012710+00:00,MRNA,Moderna • Robinhood Token,0x43b07d15ce533bec5476d70c22a78a1b2b662155,https://robinhoodchain.blockscout.com/token/0x43b07d15ce533bec5476d70c22a78a1b2b662155,PHARMA,Big Pharma,0x64d040f3f58fb44bc194997c24edc13527621e18,https://robinhoodchain.blockscout.com/token/0x64d040f3f58fb44bc194997c24edc13527621e18,uniswap,0xa553204e30ca784938763cf73b1f6c88cfe58d02c43aac9b67f56110448aef4b,https://dexscreener.com/robinhood/0xa553204e30ca784938763cf73b1f6c88cfe58d02c43aac9b67f56110448aef4b,2026-08-29T04:05:16+00:00,25731.47,1.27,2,1,2.559e-05,v4
2026-09-06T06:18:46.378627+00:00,BE,Bloom Energy • Robinhood Token,0x822cc93ffd030293e9842c30bbd678f530701867,https://robinhoodchain.blockscout.com/token/0x822cc93ffd030293e9842c30bbd678f530701867,HARAM,HARAMBE,0x5a0dce4930b1a696e8d029fca5f136754e4f1e18,https://robinhoodchain.blockscout.com/token/0x5a0dce4930b1a696e8d029fca5f136754e4f1e18,uniswap,0xd0c56ae27429cbcca4889de096f0c583651b8b73466aa71adf6ae0e40adc40a5,https://dexscreener.com/robinhood/0xd0c56ae27429cbcca4889de096f0c583651b8b73466aa71adf6ae0e40adc40a5,2026-09-02T07:43:34+00:00,25722.75,6.24,2,1,2.567e-05,v4
2026-09-06T06:20:08.149298+00:00,SNDK,Sandisk Corporation • Robinhood Token,0xb90a19ff0af67f7779aff50a882a9cff42446400,https://robinhoodchain.blockscout.com/token/0xb90a19ff0af67f7779aff50a882a9cff42446400,FLOCK,FLock.io,0x5ab3d4c385b400f3abb49e80de2faf6a88a7b691,https://robinhoodchain.blockscout.com/token/0x5ab3d4c385b400f3abb49e80de2faf6a88a7b691,uniswap,0xa3edc4b42b290aca1bc103c6dcaaed2a0213c7e2d44e7a76557f82f52b42a87f,https://dexscreener.com/robinhood/0xa3edc4b42b290aca1bc103c6dcaaed2a0213c7e2d44e7a76557f82f52b42a87f,2026-09-02T12:48:15+00:00,25574.92,17867.91,56,29,0.07113,v4
2026-09-06T06:19:38.832169+00:00,NET,"Cloudflare, Inc. Class A common stock • Robinhood Token",0x116f00968269b7bfbad4109ce591d6e74c0601d4,https://robinhoodchain.blockscout.com/token/0x116f00968269b7bfbad4109ce591d6e74c0601d4,NETUSD,NET Dollar,0xffbf6a65d9e53911e0003c358e225f1d9c4a1e18,https://robinhoodchain.blockscout.com/token/0xffbf6a65d9e53911e0003c358e225f1d9c4a1e18,uniswap,0xe8aae9c8a0a1a49473c03b9cc790f938c3f8066562c52313bca5738b0264580b,https://dexscreener.com/robinhood/0xe8aae9c8a0a1a49473c03b9cc790f938c3f8066562c52313bca5738b0264580b,2026-09-04T18:35:13+00:00,25467.51,1054.92,84,51,2.492e-05,v4
2026-09-06T06:19:52.459864+00:00,PLTR,Palantir Technologies • Robinhood Token,0x894e1ec2d74ffe5aef8dc8a9e84686accb964f2a,https://robinhoodchain.blockscout.com/token/0x894e1ec2d74ffe5aef8dc8a9e84686accb964f2a,PLTITS,Palantits,0x5c9f9a42310541a24dc5cee4cc96345feaea1e18,https://robinhoodchain.blockscout.com/token/0x5c9f9a42310541a24dc5cee4cc96345feaea1e18,uniswap,0x9734b611c4fd6a9f4a760589c105e3d3813677bee387efdec6aa129f8b541bd1,https://dexscreener.com/robinhood/0x9734b611c4fd6a9f4a760589c105e3d3813677bee387efdec6aa129f8b541bd1,2026-09-02T07:21:16+00:00,25330.05,275.93,20,10,2.479e-05,v4
2026-09-06T06:19:51.064239+00:00,PFE,Pfizer • Robinhood Token,0x7066a64c24e4206cd62e83bf198c1e7eb361f51e,https://robinhoodchain.blockscout.com/token/0x7066a64c24e4206cd62e83bf198c1e7eb361f51e,COPIUM,Copium,0x7f3f648f4e81e6a00ec32b1990a328e09b441e18,https://robinhoodchain.blockscout.com/token/0x7f3f648f4e81e6a00ec32b1990a328e09b441e18,uniswap,0x7df6288b94a0c0b16c890da387816f20238cd8a1f33f6800bc870531bab380c5,https://dexscreener.com/robinhood/0x7df6288b94a0c0b16c890da387816f20238cd8a1f33f6800bc870531bab380c5,2026-09-05T21:04:25+00:00,25324.17,247341.41,2148,2205,2.505e-05,v4
2026-09-06T06:20:18.514194+00:00,UPS,UPS • Robinhood Token,0xf23250dac154d05bb671cb0d0ebef3c635c79ce2,https://robinhoodchain.blockscout.com/token/0xf23250dac154d05bb671cb0d0ebef3c635c79ce2,PUPS,Delivery Dog,0xbb7f043a2239a1a3cc507a38ffbb54ec1d1d1e18,https://robinhoodchain.blockscout.com/token/0xbb7f043a2239a1a3cc507a38ffbb54ec1d1d1e18,uniswap,0xefa97809c919694c7ec04a1c4b4c4234c878220e62320faaebf0722820383cf5,https://dexscreener.com/robinhood/0xefa97809c919694c7ec04a1c4b4c4234c878220e62320faaebf0722820383cf5,2026-09-05T21:47:34+00:00,25233.72,25081.51,215,256,2.538e-05,v4
2026-09-06T06:19:16.415254+00:00,IBM,IBM • Robinhood Token,0x980dcf6766fa79f5cf0c4aadb3ab477ff15a9619,https://robinhoodchain.blockscout.com/token/0x980dcf6766fa79f5cf0c4aadb3ab477ff15a9619,QCAT,Quantum Cat,0x6748d28c97df9d9042eac6e711ca6d51ca971e18,https://robinhoodchain.blockscout.com/token/0x6748d28c97df9d9042eac6e711ca6d51ca971e18,uniswap,0x582fe594926df2ad4b8032579daf4319cfed0d2a644b5ca01d079facbad04336,https://dexscreener.com/robinhood/0x582fe594926df2ad4b8032579daf4319cfed0d2a644b5ca01d079facbad04336,2026-08-31T17:03:12+00:00,25230.7,71.09,4,2,2.485e-05,v4
2026-09-06T06:18:36.203214+00:00,AMD,AMD • Robinhood Token,0x86923f96303d656e4aa86d9d42d1e57ad2023fdc,https://robinhoodchain.blockscout.com/token/0x86923f96303d656e4aa86d9d42d1e57ad2023fdc,AMD,AMD,0x68f8f61897d17abd10ebc4eaf483e4c189f51e18,https://robinhoodchain.blockscout.com/token/0x68f8f61897d17abd10ebc4eaf483e4c189f51e18,uniswap,0x01ce94a2b9c4cfb5133b75b80bd91e63e158bc208870bd75c345ec48e88e4ece,https://dexscreener.com/robinhood/0x01ce94a2b9c4cfb5133b75b80bd91e63e158bc208870bd75c345ec48e88e4ece,2026-09-04T01:20:45+00:00,25143.3,1280.74,28,17,2.506e-05,v4
2026-09-06T06:19:33.012710+00:00,MRNA,Moderna • Robinhood Token,0x43b07d15ce533bec5476d70c22a78a1b2b662155,https://robinhoodchain.blockscout.com/token/0x43b07d15ce533bec5476d70c22a78a1b2b662155,BAND,BANDEMIC,0xc315fbf5cc5435d386bbe1518131af7514f11e18,https://robinhoodchain.blockscout.com/token/0xc315fbf5cc5435d386bbe1518131af7514f11e18,uniswap,0x64ef73e9373004db40ae7e8cde37d64f79f6fcf0b8ee215c80c5bb48a70e7872,https://dexscreener.com/robinhood/0x64ef73e9373004db40ae7e8cde37d64f79f6fcf0b8ee215c80c5bb48a70e7872,2026-09-01T03:41:13+00:00,25045.87,940.31,9,12,2.494e-05,v4
2026-09-06T06:18:55.423631+00:00,COST,Costco • Robinhood Token,0x4ea005168d7f09a7a0ba9d1def21a479950e44c2,https://robinhoodchain.blockscout.com/token/0x4ea005168d7f09a7a0ba9d1def21a479950e44c2,KIRKLAND,Kirkland,0xaac0eaf0b8a17fb428903d274413a1fca36aeb03,https://robinhoodchain.blockscout.com/token/0xaac0eaf0b8a17fb428903d274413a1fca36aeb03,uniswap,0x135fc32f487fbbc8306d21df09a8c8b470bd716e9ab06e6c0875626f257d8d5d,https://dexscreener.com/robinhood/0x135fc32f487fbbc8306d21df09a8c8b470bd716e9ab06e6c0875626f257d8d5d,2026-09-02T23:36:04+00:00,24871.84,65621.35,231,194,9.467e-05,v4
2026-09-06T06:19:58.583475+00:00,RCAT,Red Cat • Robinhood Token,0xfde6b5d9bb419b10c23268c74e369abff39c0460,https://robinhoodchain.blockscout.com/token/0xfde6b5d9bb419b10c23268c74e369abff39c0460,DRONE,RCAT,0x475b0c4973f145bc9c835b59aa9ad1b1e1b838c5,https://robinhoodchain.blockscout.com/token/0x475b0c4973f145bc9c835b59aa9ad1b1e1b838c5,uniswap,0xc65768b1121988f0c2b48ab80330afc54bd702b7a91cea84bf37fe8b4d803d39,https://dexscreener.com/robinhood/0xc65768b1121988f0c2b48ab80330afc54bd702b7a91cea84bf37fe8b4d803d39,2026-08-31T23:46:18+00:00,24824.5,67857.71,469,268,5.987e-05,v4
2026-09-06T06:19:57.459118+00:00,QUBT,Quantum Computing • Robinhood Token,0x59818904ab4ce163b3ce4ffb64f2d6ca02c434b4,https://robinhoodchain.blockscout.com/token/0x59818904ab4ce163b3ce4ffb64f2d6ca02c434b4,QTARD,Q Tardigrade,0x8bd040602bcf669344be51ff5ed2bc4ba3f51e18,https://robinhoodchain.blockscout.com/token/0x8bd040602bcf669344be51ff5ed2bc4ba3f51e18,uniswap,0x0606e0f7bca426063e14f20e41200c9abb6cc3ccc51b2741ce16f46e68900c03,https://dexscreener.com/robinhood/0x0606e0f7bca426063e14f20e41200c9abb6cc3ccc51b2741ce16f46e68900c03,2026-09-02T00:47:46+00:00,24749.27,974.94,6,3,2.448e-05,v4
2026-09-06T06:19:46.455443+00:00,ORCL,Oracle • Robinhood Token,0xb0992820e760d836549ba69bc7598b4af75dee03,https://robinhoodchain.blockscout.com/token/0xb0992820e760d836549ba69bc7598b4af75dee03,TAKO,Tiktok Tako,0x4b4b5e8e17c1c2b99d784bb1ce1becf3ec471e18,https://robinhoodchain.blockscout.com/token/0x4b4b5e8e17c1c2b99d784bb1ce1becf3ec471e18,uniswap,0x5cb2ceab4df4de667f03d0ce3394fdf5387d53ed5c4783ee3271006e1461d7fc,https://dexscreener.com/robinhood/0x5cb2ceab4df4de667f03d0ce3394fdf5387d53ed5c4783ee3271006e1461d7fc,2026-08-30T00:18:20+00:00,24730.26,501.87,8,7,2.465e-05,v4
2026-09-06T06:18:39.560976+00:00,ASML,ASML Holding NV • Robinhood Token,0x47f93d52cbec7c6d2cfc080e154002370a60daea,https://robinhoodchain.blockscout.com/token/0x47f93d52cbec7c6d2cfc080e154002370a60daea,AICHIP,AICHIP,0xb7733da97202985ec84bf7e96e835a7466f81e18,https://robinhoodchain.blockscout.com/token/0xb7733da97202985ec84bf7e96e835a7466f81e18,uniswap,0x1c033268f40e691b10872123f2e4325a8196628d51bae2f74f8e952e27b79b4f,https://dexscreener.com/robinhood/0x1c033268f40e691b10872123f2e4325a8196628d51bae2f74f8e952e27b79b4f,2026-09-01T21:10:00+00:00,24698.48,9223.79,86,46,2.462e-05,v4
2026-09-06T06:18:31.678557+00:00,ADBE,Adobe • Robinhood Token,0x232b8ed6377be97813853b0ac104c4cda8378d1b,https://robinhoodchain.blockscout.com/token/0x232b8ed6377be97813853b0ac104c4cda8378d1b,ACROBAT,ACROBAT,0x138b2dd53cb5e838e6fad03f4c482e5dec041e18,https://robinhoodchain.blockscout.com/token/0x138b2dd53cb5e838e6fad03f4c482e5dec041e18,uniswap,0xe600c9b9ca06d976ae879c47fe63de78c00608fe4be39c76559df509d50fa7af,https://dexscreener.com/robinhood/0xe600c9b9ca06d976ae879c47fe63de78c00608fe4be39c76559df509d50fa7af,2026-09-03T21:07:40+00:00,24599.24,76.92,2,1,2.462e-05,v4
2026-09-06T06:19:22.218506+00:00,JNJ,Johnson & Johnson • Robinhood Token,0x03dfbbe0ac4e7bcdafd08ed41a400326b77d8c80,https://robinhoodchain.blockscout.com/token/0x03dfbbe0ac4e7bcdafd08ed41a400326b77d8c80,DIDDY,Baby Oil,0x1409f68d7a63f2222741e632f78100887043f001,https://robinhoodchain.blockscout.com/token/0x1409f68d7a63f2222741e632f78100887043f001,uniswap,0x9ed805960412f705164bdfa95abb0b8b93da19392ab4413c74d82eb7d1adbf4d,https://dexscreener.com/robinhood/0x9ed805960412f705164bdfa95abb0b8b93da19392ab4413c74d82eb7d1adbf4d,2026-08-31T20:08:08+00:00,24511.19,48733.23,167,146,4.947e-05,v4
2026-09-06T06:18:54.926065+00:00,COIN,Coinbase • Robinhood Token,0x6330d8c3178a418788df01a47479c0ce7ccf450b,https://robinhoodchain.blockscout.com/token/0x6330d8c3178a418788df01a47479c0ce7ccf450b,COPY,COPY,0x63ee90921eac3c3f87961c17556bb3ebdf2490a9,https://robinhoodchain.blockscout.com/token/0x63ee90921eac3c3f87961c17556bb3ebdf2490a9,uniswap,0xd1426746cf744acf047a783d8246489f1e82afa9a98d70be6b3fe8eb8da5a651,https://dexscreener.com/robinhood/0xd1426746cf744acf047a783d8246489f1e82afa9a98d70be6b3fe8eb8da5a651,2026-09-02T18:29:26+00:00,24459.35,31916.69,126,99,7.105e-05,v4
2026-09-06T06:18:46.378627+00:00,BE,Bloom Energy • Robinhood Token,0x822cc93ffd030293e9842c30bbd678f530701867,https://robinhoodchain.blockscout.com/token/0x822cc93ffd030293e9842c30bbd678f530701867,BEGREEN,Be Green,0x152d689dfb1150f58734b367f3062bacb1aa1e18,https://robinhoodchain.blockscout.com/token/0x152d689dfb1150f58734b367f3062bacb1aa1e18,uniswap,0x35c1872142d35e6007352fd2b22e80c6af3e0ca72a860396e6fe4a2ca48f4190,https://dexscreener.com/robinhood/0x35c1872142d35e6007352fd2b22e80c6af3e0ca72a860396e6fe4a2ca48f4190,2026-09-04T07:35:51+00:00,24292.54,30.85,2,1,2.425e-05,v4
2026-09-06T06:19:39.642014+00:00,NFLX,Netflix • Robinhood Token,0xe0444ef8bf4ed74f74fd73686e2ddf4c1c5591e8,https://robinhoodchain.blockscout.com/token/0xe0444ef8bf4ed74f74fd73686e2ddf4c1c5591e8,NOTFLIX,NOTFLIX,0xa3817dcd65168c7a5485c1587f99cc98a4627443,https://robinhoodchain.blockscout.com/token/0xa3817dcd65168c7a5485c1587f99cc98a4627443,uniswap,0x5b286d65f7bb5f8583eae5e9de98b785cacfe2379c1e765d76242d2f5357c0d8,https://dexscreener.com/robinhood/0x5b286d65f7bb5f8583eae5e9de98b785cacfe2379c1e765d76242d2f5357c0d8,2026-09-04T20:24:42+00:00,24256.71,169509.55,801,744,6.968e-05,v4
2026-09-06T06:19:35.005904+00:00,MSTR,Strategy Inc. • Robinhood Token,0xec262a75e413fafd0df80480274532c79d42da09,https://robinhoodchain.blockscout.com/token/0xec262a75e413fafd0df80480274532c79d42da09,MSTR,Meme Stock Treasury Reserve,0x99452d7519e103daf9bc9f02311dd164a073a7a2,https://robinhoodchain.blockscout.com/token/0x99452d7519e103daf9bc9f02311dd164a073a7a2,uniswap,0xca0dd606324b5eb393173fceba496259ef550b173377a892fdc0bdc16278e254,https://dexscreener.com/robinhood/0xca0dd606324b5eb393173fceba496259ef550b173377a892fdc0bdc16278e254,2026-09-04T05:01:48+00:00,24044.01,119668.85,580,864,5.8e-05,v4
2026-09-06T06:18:44.582363+00:00,BA,Boeing • Robinhood Token,0x4d21483a44bf67a86b77e3da301411880797d452,https://robinhoodchain.blockscout.com/token/0x4d21483a44bf67a86b77e3da301411880797d452,BA,Big Asset,0xa0c089954b2bf95be161598a537363f13f8c1e18,https://robinhoodchain.blockscout.com/token/0xa0c089954b2bf95be161598a537363f13f8c1e18,uniswap,0x5b4ca367a3077dd400d9d6427f80297c230bd55ccab65dadedc95bf6a661cffa,https://dexscreener.com/robinhood/0x5b4ca367a3077dd400d9d6427f80297c230bd55ccab65dadedc95bf6a661cffa,2026-09-04T05:51:15+00:00,24030.19,611.93,13,8,2.396e-05,v4
2026-09-06T06:18:44.582363+00:00,BA,Boeing • Robinhood Token,0x4d21483a44bf67a86b77e3da301411880797d452,https://robinhoodchain.blockscout.com/token/0x4d21483a44bf67a86b77e3da301411880797d452,JEWS,Jews did 911,0xdd79151972a69847a9f6b6e15ff87d62dee61e18,https://robinhoodchain.blockscout.com/token/0xdd79151972a69847a9f6b6e15ff87d62dee61e18,uniswap,0x34e90847794e950bc9c5e161b1adbcb878d84a6380e53452c0a49f14981ac293,https://dexscreener.com/robinhood/0x34e90847794e950bc9c5e161b1adbcb878d84a6380e53452c0a49f14981ac293,2026-09-02T03:44:03+00:00,23988.65,277.78,2,4,2.39e-05,v4
2026-09-06T06:18:56.031479+00:00,CRCL,Circle Internet Group • Robinhood Token,0xdf0992e440dd0be65bd8439b609d6d4366bf1cb5,https://robinhoodchain.blockscout.com/token/0xdf0992e440dd0be65bd8439b609d6d4366bf1cb5,FLIPPENING,The Flippening,0x9e56a8a3e61c3afdcdd90fe350a3d1e13f2397d9,https://robinhoodchain.blockscout.com/token/0x9e56a8a3e61c3afdcdd90fe350a3d1e13f2397d9,uniswap,0x74054293a8d59f54abf7d4893066533d5b2f983c05db73fe1010d4c48efdae20,https://dexscreener.com/robinhood/0x74054293a8d59f54abf7d4893066533d5b2f983c05db73fe1010d4c48efdae20,2026-09-04T07:35:52+00:00,23807.14,8509.34,5,18,5.554e-05,v4
2026-09-06T06:18:46.378627+00:00,BE,Bloom Energy • Robinhood Token,0x822cc93ffd030293e9842c30bbd678f530701867,https://robinhoodchain.blockscout.com/token/0x822cc93ffd030293e9842c30bbd678f530701867,FLOWER,Flower Power,0x766911837303470db65516cfb8cf9f2c33201e18,https://robinhoodchain.blockscout.com/token/0x766911837303470db65516cfb8cf9f2c33201e18,uniswap,0x10c571471d7b1fa7f7a3ac07dfcfb2ba107bc1433ba1d87d39bbed8bdb6cfc01,https://dexscreener.com/robinhood/0x10c571471d7b1fa7f7a3ac07dfcfb2ba107bc1433ba1d87d39bbed8bdb6cfc01,2026-09-03T16:04:34+00:00,23764.04,210.97,2,1,2.373e-05,v4
2026-09-06T06:19:16.415254+00:00,IBM,IBM • Robinhood Token,0x980dcf6766fa79f5cf0c4aadb3ab477ff15a9619,https://robinhoodchain.blockscout.com/token/0x980dcf6766fa79f5cf0c4aadb3ab477ff15a9619,IBUYMEMES,I BUY MEMES,0x043f4d64b420ebb5831255b8b8071fa50d841e18,https://robinhoodchain.blockscout.com/token/0x043f4d64b420ebb5831255b8b8071fa50d841e18,uniswap,0x3abf676e6d594594317b4a1d0da91e141fb1e4959fd825de46673e77b435f4da,https://dexscreener.com/robinhood/0x3abf676e6d594594317b4a1d0da91e141fb1e4959fd825de46673e77b435f4da,2026-09-04T04:55:48+00:00,23693.85,791.23,10,8,2.377e-05,v4
2026-09-06T06:18:56.031479+00:00,CRCL,Circle Internet Group • Robinhood Token,0xdf0992e440dd0be65bd8439b609d6d4366bf1cb5,https://robinhoodchain.blockscout.com/token/0xdf0992e440dd0be65bd8439b609d6d4366bf1cb5,ARCHITECTS,Architects,0x21ba770d0e9a5e12c690bf529108330fe8d71e18,https://robinhoodchain.blockscout.com/token/0x21ba770d0e9a5e12c690bf529108330fe8d71e18,uniswap,0x14edeacba2836ee18d7580ef8afb71eb6cd98836d4af018db64ac7279cd44300,https://dexscreener.com/robinhood/0x14edeacba2836ee18d7580ef8afb71eb6cd98836d4af018db64ac7279cd44300,2026-09-04T01:27:48+00:00,23688.93,856.14,14,10,2.768e-05,v4
2026-09-06T06:20:08.149298+00:00,SNDK,Sandisk Corporation • Robinhood Token,0xb90a19ff0af67f7779aff50a882a9cff42446400,https://robinhoodchain.blockscout.com/token/0xb90a19ff0af67f7779aff50a882a9cff42446400,SHROOM,MUSHROOM,0xab093def657f15df31b33922a95e047add645b29,https://robinhoodchain.blockscout.com/token/0xab093def657f15df31b33922a95e047add645b29,uniswap,0x0a6c831beec0119dab37e3b327af676f3f5dfdb7a7cd6bc8905744eeba2494d0,https://dexscreener.com/robinhood/0x0a6c831beec0119dab37e3b327af676f3f5dfdb7a7cd6bc8905744eeba2494d0,2026-09-03T18:53:15+00:00,23557.89,71078.72,313,360,1776.073,v4
2026-09-06T06:19:52.945422+00:00,POET,POET Technologies • Robinhood Token,0xcf6b2d875361be807eafa57458c80f28521f9333,https://robinhoodchain.blockscout.com/token/0xcf6b2d875361be807eafa57458c80f28521f9333,SHAKESPEAR,Shakespear the Poet,0x5a0e38849e8dfb39f567d847c31695f45580c552,https://robinhoodchain.blockscout.com/token/0x5a0e38849e8dfb39f567d847c31695f45580c552,uniswap,0xff051beac33dd711cf10ff8104e5cc1b46653208a13c459e69c67b24e8395cc1,https://dexscreener.com/robinhood/0xff051beac33dd711cf10ff8104e5cc1b46653208a13c459e69c67b24e8395cc1,2026-09-06T03:57:25+00:00,23543.84,4764.93,53,58,2.352e-05,v4
2026-09-06T06:19:58.013138+00:00,RBLX,Roblox • Robinhood Token,0xf0c4bf4c582cb3836e98394b1d4e7b7281101be8,https://robinhoodchain.blockscout.com/token/0xf0c4bf4c582cb3836e98394b1d4e7b7281101be8,BLOXPAD,BloxPad,0x280f6a23bc0ca4e361f38adf3ab487df3829ca06,https://robinhoodchain.blockscout.com/token/0x280f6a23bc0ca4e361f38adf3ab487df3829ca06,uniswap,0x71b0cbfe4d8cdbbf1b33c4206a9be59a1af341bafa90fdc4c9cc389e4c383e2a,https://dexscreener.com/robinhood/0x71b0cbfe4d8cdbbf1b33c4206a9be59a1af341bafa90fdc4c9cc389e4c383e2a,2026-09-04T13:24:37+00:00,23543.16,95277.69,450,352,6.381e-05,v4
2026-09-06T06:19:57.459118+00:00,QUBT,Quantum Computing • Robinhood Token,0x59818904ab4ce163b3ce4ffb64f2d6ca02c434b4,https://robinhoodchain.blockscout.com/token/0x59818904ab4ce163b3ce4ffb64f2d6ca02c434b4,QUANT,QUANT,0xb64fa65b12d52dd3eec96764b3915f0e47a71e18,https://robinhoodchain.blockscout.com/token/0xb64fa65b12d52dd3eec96764b3915f0e47a71e18,uniswap,0x1f269b5c4c291cd40339031d226109875de8252ba26ef07e098350456fbd25f1,https://dexscreener.com/robinhood/0x1f269b5c4c291cd40339031d226109875de8252ba26ef07e098350456fbd25f1,2026-09-02T00:42:49+00:00,23510.53,844.95,9,9,2.32e-05,v4
2026-09-06T06:19:57.459118+00:00,QUBT,Quantum Computing • Robinhood Token,0x59818904ab4ce163b3ce4ffb64f2d6ca02c434b4,https://robinhoodchain.blockscout.com/token/0x59818904ab4ce163b3ce4ffb64f2d6ca02c434b4,SCHRODINGER,quantum cat,0xb29cf815665aa0934d17fbda21fe831ca83f1e18,https://robinhoodchain.blockscout.com/token/0xb29cf815665aa0934d17fbda21fe831ca83f1e18,uniswap,0x80744c44736270b77d828f014e6af6e7df73066ffed27068d9566f53a72e9e9d,https://dexscreener.com/robinhood/0x80744c44736270b77d828f014e6af6e7df73066ffed27068d9566f53a72e9e9d,2026-09-04T21:54:17+00:00,23438.85,2032.78,38,19,2.332e-05,v4
2026-09-06T06:19:36.142293+00:00,MU,Micron Technology • Robinhood Token,0xff080c8ce2e5feadaca0da81314ae59d232d4afd,https://robinhoodchain.blockscout.com/token/0xff080c8ce2e5feadaca0da81314ae59d232d4afd,MU,MU MU THE BULL,0x54e595a3544e8e08f39835f744e356bda6308184,https://robinhoodchain.blockscout.com/token/0x54e595a3544e8e08f39835f744e356bda6308184,uniswap,0x4d32cc447a6678feacdc39a82dba052870817b1b05499eec611ffc7395c2f201,https://dexscreener.com/robinhood/0x4d32cc447a6678feacdc39a82dba052870817b1b05499eec611ffc7395c2f201,2026-08-29T10:25:39+00:00,23396.27,46671.53,179,211,7.139e-05,v4
2026-09-06T06:19:01.128821+00:00,DELL,Dell • Robinhood Token,0x941ae714ec6d8130c7b75d67160ca08f1e7d11dd,https://robinhoodchain.blockscout.com/token/0x941ae714ec6d8130c7b75d67160ca08f1e7d11dd,DUDE,DUDE,0x728986ff3d96ed02281bda89c0e215aee3bb1e18,https://robinhoodchain.blockscout.com/token/0x728986ff3d96ed02281bda89c0e215aee3bb1e18,uniswap,0xc8ca4f54ab13cbecf58174e447f5839414d1f830a045bd64eb75f67093f3f6cd,https://dexscreener.com/robinhood/0xc8ca4f54ab13cbecf58174e447f5839414d1f830a045bd64eb75f67093f3f6cd,2026-09-01T20:34:07+00:00,23331.6,185.72,6,3,2.31e-05,v4
2026-09-06T06:20:08.648016+00:00,SNOW,Snowflake • Robinhood Token,0xba0cab75495255d0cb58e22b648bfed4ecd1f47e,https://robinhoodchain.blockscout.com/token/0xba0cab75495255d0cb58e22b648bfed4ecd1f47e,BUNNY,Snow Bunny,0x880e665f8fed1d21421b596ab50f0d63d8301e18,https://robinhoodchain.blockscout.com/token/0x880e665f8fed1d21421b596ab50f0d63d8301e18,uniswap,0x97d497fc6dc202b7dde34c502cfcbecdb82ad9d85d44d2a263670b911eb38de2,https://dexscreener.com/robinhood/0x97d497fc6dc202b7dde34c502cfcbecdb82ad9d85d44d2a263670b911eb38de2,2026-09-05T21:00:43+00:00,23219.4,89139.88,770,808,2.311e-05,v4
2026-09-06T06:19:34.442877+00:00,MSFT,Microsoft • Robinhood Token,0xe93237c50d904957cf27e7b1133b510c669c2e74,https://robinhoodchain.blockscout.com/token/0xe93237c50d904957cf27e7b1133b510c669c2e74,SHROOM,MUSHROOM,0xab093def657f15df31b33922a95e047add645b29,https://robinhoodchain.blockscout.com/token/0xab093def657f15df31b33922a95e047add645b29,uniswap,0x0aba92f531d81711316c3cec22eb368f9e153e396006725692132394e4c48594,https://dexscreener.com/robinhood/0x0aba92f531d81711316c3cec22eb368f9e153e396006725692132394e4c48594,2026-09-03T18:36:23+00:00,23212.68,116298.24,406,393,0.04619,v4
2026-09-06T06:20:03.825738+00:00,SHOP,Shopify • Robinhood Token,0xf53f66751b1eff985311b693531e3290f600c410,https://robinhoodchain.blockscout.com/token/0xf53f66751b1eff985311b693531e3290f600c410,LARP,LARP,0xb345916997221732e9f464b0a13aca0593841e18,https://robinhoodchain.blockscout.com/token/0xb345916997221732e9f464b0a13aca0593841e18,uniswap,0x3504f6718219ff8c63b41b8f58250b75a341a3b36c9866477af27c44cf16b32e,https://dexscreener.com/robinhood/0x3504f6718219ff8c63b41b8f58250b75a341a3b36c9866477af27c44cf16b32e,2026-09-05T21:00:08+00:00,23178.18,84645.99,709,731,2.304e-05,v4
2026-09-06T06:20:19.332358+00:00,USAR,USA Rare Earth • Robinhood Token,0xd917b029c761d264c6a312bbbcda868658ef86a6,https://robinhoodchain.blockscout.com/token/0xd917b029c761d264c6a312bbbcda868658ef86a6,MINER,Miner,0x753e20cf228a3248d9a321418559c6b68ae01e18,https://robinhoodchain.blockscout.com/token/0x753e20cf228a3248d9a321418559c6b68ae01e18,uniswap,0x529c4e449d66c8c56dfe28b08cb54bfd6491398629232d18507b18573d9f4261,https://dexscreener.com/robinhood/0x529c4e449d66c8c56dfe28b08cb54bfd6491398629232d18507b18573d9f4261,2026-07-22T16:58:41+00:00,23174.66,59.73,0,2,2.317e-05,v4
2026-09-06T06:19:03.182999+00:00,F,Ford Motor • Robinhood Token,0x25c288e6d899b9bc30160965ad9644c67e73be0c,https://robinhoodchain.blockscout.com/token/0x25c288e6d899b9bc30160965ad9644c67e73be0c,DEATH,FoundOnRoadDeat,0xeb86e30f1cd1e8a81ea8906634f3e273b27c1e18,https://robinhoodchain.blockscout.com/token/0xeb86e30f1cd1e8a81ea8906634f3e273b27c1e18,uniswap,0x981f4ea828f92925035123861458a59dd777b9bc5ae9ec2ac5cadc56f0d68f3b,https://dexscreener.com/robinhood/0x981f4ea828f92925035123861458a59dd777b9bc5ae9ec2ac5cadc56f0d68f3b,2026-09-05T21:06:09+00:00,23137.7,2016.13,16,17,2.32e-05,v4
2026-09-06T06:18:54.926065+00:00,COIN,Coinbase • Robinhood Token,0x6330d8c3178a418788df01a47479c0ce7ccf450b,https://robinhoodchain.blockscout.com/token/0x6330d8c3178a418788df01a47479c0ce7ccf450b,CENT,Road to $1,0x9ec31b68f47c7cde39068f3b9a995855dcea1e18,https://robinhoodchain.blockscout.com/token/0x9ec31b68f47c7cde39068f3b9a995855dcea1e18,uniswap,0xe945b137c3f294056463372a94a36396211c552b99b7098bcf7097571816d170,https://dexscreener.com/robinhood/0xe945b137c3f294056463372a94a36396211c552b99b7098bcf7097571816d170,2026-09-05T13:48:33+00:00,23047.34,50378.56,393,429,2.29e-05,v4
2026-09-06T06:19:18.914056+00:00,INTC,Intel • Robinhood Token,0xc72b96e0e48ecd4dc75e1e45396e26300bc39681,https://robinhoodchain.blockscout.com/token/0xc72b96e0e48ecd4dc75e1e45396e26300bc39681,BIOS,BuyItOrSuffer,0x96fa88f72c1b93915369b507c88c9ef4453b1e18,https://robinhoodchain.blockscout.com/token/0x96fa88f72c1b93915369b507c88c9ef4453b1e18,uniswap,0xf0187a13eb9046a96cff00613bede1455e3c5844754aae1081323049f454bf76,https://dexscreener.com/robinhood/0xf0187a13eb9046a96cff00613bede1455e3c5844754aae1081323049f454bf76,2026-09-05T20:09:27+00:00,22995.14,40337.38,419,460,2.296e-05,v4
2026-09-06T06:20:04.904459+00:00,SKHY,SK hynix Inc. American Depositary Shares • Robinhood Token,0x84cab63bc87912e71ad199ff14a0ba45de68fef8,https://robinhoodchain.blockscout.com/token/0x84cab63bc87912e71ad199ff14a0ba45de68fef8,LOOPY,Loopy,0x507162a3226a2dba9bba37559c636e1509cf1e18,https://robinhoodchain.blockscout.com/token/0x507162a3226a2dba9bba37559c636e1509cf1e18,uniswap,0x047bf361d70368dca37e7218a4906118dad139a181267b2f709bbae7e7f692c3,https://dexscreener.com/robinhood/0x047bf361d70368dca37e7218a4906118dad139a181267b2f709bbae7e7f692c3,2026-09-01T10:39:59+00:00,22927.87,459.22,3,3,2.273e-05,v4
2026-09-06T06:19:01.128821+00:00,DELL,Dell • Robinhood Token,0x941ae714ec6d8130c7b75d67160ca08f1e7d11dd,https://robinhoodchain.blockscout.com/token/0x941ae714ec6d8130c7b75d67160ca08f1e7d11dd,ADELL,A Dell,0x82a6f02dd6bcfd38e84a46b1cf0003068d701e18,https://robinhoodchain.blockscout.com/token/0x82a6f02dd6bcfd38e84a46b1cf0003068d701e18,uniswap,0x3dbac4d28e359300a9766df5e89a70f17e4920075186c886c21bf0becc8bac6d,https://dexscreener.com/robinhood/0x3dbac4d28e359300a9766df5e89a70f17e4920075186c886c21bf0becc8bac6d,2026-07-24T17:59:08+00:00,22924.21,3.65,0,1,2.292e-05,v4
2026-09-06T06:18:46.378627+00:00,BE,Bloom Energy • Robinhood Token,0x822cc93ffd030293e9842c30bbd678f530701867,https://robinhoodchain.blockscout.com/token/0x822cc93ffd030293e9842c30bbd678f530701867,BET,Bet More,0x2403c53a965256b766a09ebdef3dd089eb081e18,https://robinhoodchain.blockscout.com/token/0x2403c53a965256b766a09ebdef3dd089eb081e18,uniswap,0xfa8741aafbf6babfeeced3c27ae75eb7e7a21b5e1f7e8f4e5bb1bdda58091932,https://dexscreener.com/robinhood/0xfa8741aafbf6babfeeced3c27ae75eb7e7a21b5e1f7e8f4e5bb1bdda58091932,2026-09-04T18:59:11+00:00,22827.91,26.83,2,1,2.282e-05,v4
2026-09-06T06:18:44.582363+00:00,BA,Boeing • Robinhood Token,0x4d21483a44bf67a86b77e3da301411880797d452,https://robinhoodchain.blockscout.com/token/0x4d21483a44bf67a86b77e3da301411880797d452,SHIBA,Shi,0x72032cb36398465ad17bf8bda5c7160dbdb21e18,https://robinhoodchain.blockscout.com/token/0x72032cb36398465ad17bf8bda5c7160dbdb21e18,uniswap,0x13da12e6449aa8bba5dcddc8fe303a818daf8525638364652d0eef09a3605736,https://dexscreener.com/robinhood/0x13da12e6449aa8bba5dcddc8fe303a818daf8525638364652d0eef09a3605736,2026-09-04T18:54:10+00:00,22826.66,99.4,16,8,2.258e-05,v4
2026-09-06T06:18:45.799965+00:00,BB,Blackberry • Robinhood Token,0x48e39e56acdba37b09020c0b734a613c9a2f100a,https://robinhoodchain.blockscout.com/token/0x48e39e56acdba37b09020c0b734a613c9a2f100a,HARDR,THE HARD RASMR,0x4fd0a66259e646a0d211bb72f06abd2d53931e18,https://robinhoodchain.blockscout.com/token/0x4fd0a66259e646a0d211bb72f06abd2d53931e18,uniswap,0x6397c195f707f254b10762094ecf3858d388415fc497a7e8f091acbedf5d180d,https://dexscreener.com/robinhood/0x6397c195f707f254b10762094ecf3858d388415fc497a7e8f091acbedf5d180d,2026-09-04T14:32:54+00:00,22819.99,27.28,2,1,2.283e-05,v4
2026-09-06T06:19:46.455443+00:00,ORCL,Oracle • Robinhood Token,0xb0992820e760d836549ba69bc7598b4af75dee03,https://robinhoodchain.blockscout.com/token/0xb0992820e760d836549ba69bc7598b4af75dee03,MATRIX,MATRIX,0x0e864b036148454c9c4a9daadae94a9ae4901e18,https://robinhoodchain.blockscout.com/token/0x0e864b036148454c9c4a9daadae94a9ae4901e18,uniswap,0x604efe58c741a625bba45530d2b1a4936ff177e22200338aa59d3e136df650b1,https://dexscreener.com/robinhood/0x604efe58c741a625bba45530d2b1a4936ff177e22200338aa59d3e136df650b1,2026-09-04T14:06:23+00:00,22726.83,507.05,28,26,2.222e-05,v4
2026-09-06T06:19:04.693077+00:00,FIG,Figma • Robinhood Token,0x41f4267525a8aff329540ef24fd83d9044758b33,https://robinhoodchain.blockscout.com/token/0x41f4267525a8aff329540ef24fd83d9044758b33,LIGMA,LIGMA,0xf8805ea925a09fcaaababd54ada8081ed0541e18,https://robinhoodchain.blockscout.com/token/0xf8805ea925a09fcaaababd54ada8081ed0541e18,uniswap,0x1e7944272f74d2bff4cacf332759b3a9b0826527a053ea39a40bc800a46f3c9a,https://dexscreener.com/robinhood/0x1e7944272f74d2bff4cacf332759b3a9b0826527a053ea39a40bc800a46f3c9a,2026-09-02T19:34:10+00:00,22670.74,895.43,13,14,2.242e-05,v4
2026-09-06T06:20:08.648016+00:00,SNOW,Snowflake • Robinhood Token,0xba0cab75495255d0cb58e22b648bfed4ecd1f47e,https://robinhoodchain.blockscout.com/token/0xba0cab75495255d0cb58e22b648bfed4ecd1f47e,COCAINU,COCAINU,0x6ab6246c89dcf6319f632c71b15c5463814e1e18,https://robinhoodchain.blockscout.com/token/0x6ab6246c89dcf6319f632c71b15c5463814e1e18,uniswap,0x80746582384b6fee707abe6ba44e16cb1ed03d2309491e08ff23f90d996923ca,https://dexscreener.com/robinhood/0x80746582384b6fee707abe6ba44e16cb1ed03d2309491e08ff23f90d996923ca,2026-09-05T21:17:30+00:00,22662.23,30283.86,255,267,2.261e-05,v4
2026-09-06T06:19:01.128821+00:00,DELL,Dell • Robinhood Token,0x941ae714ec6d8130c7b75d67160ca08f1e7d11dd,https://robinhoodchain.blockscout.com/token/0x941ae714ec6d8130c7b75d67160ca08f1e7d11dd,DELL,Adell,0x883b23c5b2bb7a128f18a3124749342b6ae21e18,https://robinhoodchain.blockscout.com/token/0x883b23c5b2bb7a128f18a3124749342b6ae21e18,uniswap,0xe1e2f448c87ad92ca503b1a341442efc532d73cefd90669d8fdd95e0b36dc6c0,https://dexscreener.com/robinhood/0xe1e2f448c87ad92ca503b1a341442efc532d73cefd90669d8fdd95e0b36dc6c0,2026-09-02T13:58:05+00:00,22637.3,0.0,0,3,2.263e-05,v4
2026-09-06T06:20:18.514194+00:00,UPS,UPS • Robinhood Token,0xf23250dac154d05bb671cb0d0ebef3c635c79ce2,https://robinhoodchain.blockscout.com/token/0xf23250dac154d05bb671cb0d0ebef3c635c79ce2,BC,BCups,0x78611bab0a9ad2353cb5d3030ecc99fd57681e18,https://robinhoodchain.blockscout.com/token/0x78611bab0a9ad2353cb5d3030ecc99fd57681e18,uniswap,0x219956a42332e3a0fb2f7b5b3f2374018a5f8bd42bff36061fcbdb1efdfcb29a,https://dexscreener.com/robinhood/0x219956a42332e3a0fb2f7b5b3f2374018a5f8bd42bff36061fcbdb1efdfcb29a,2026-09-01T03:17:50+00:00,22634.41,134.62,2,1,2.267e-05,v4
2026-09-06T06:19:18.914056+00:00,INTC,Intel • Robinhood Token,0xc72b96e0e48ecd4dc75e1e45396e26300bc39681,https://robinhoodchain.blockscout.com/token/0xc72b96e0e48ecd4dc75e1e45396e26300bc39681,BLUECHIP,BLUECHIP,0x75236a6d77fcab35d78525dc4887339caa8e1e18,https://robinhoodchain.blockscout.com/token/0x75236a6d77fcab35d78525dc4887339caa8e1e18,uniswap,0x8f4261861c3eee9cb6e2b69adc5006c0bac3b36bafcc6eb5750d248ba8abf840,https://dexscreener.com/robinhood/0x8f4261861c3eee9cb6e2b69adc5006c0bac3b36bafcc6eb5750d248ba8abf840,2026-08-29T23:02:52+00:00,22554.59,1.06,2,1,2.225e-05,v4
2026-09-06T06:19:33.012710+00:00,MRNA,Moderna • Robinhood Token,0x43b07d15ce533bec5476d70c22a78a1b2b662155,https://robinhoodchain.blockscout.com/token/0x43b07d15ce533bec5476d70c22a78a1b2b662155,LOVEP,LOVEPOTION,0x49614248495570182695994af3e63e0f0cd61e18,https://robinhoodchain.blockscout.com/token/0x49614248495570182695994af3e63e0f0cd61e18,uniswap,0xd3da9773f25d8b3f4123ef6daa359dfbd578b6247ad3e49311ff61a98c43cbd9,https://dexscreener.com/robinhood/0xd3da9773f25d8b3f4123ef6daa359dfbd578b6247ad3e49311ff61a98c43cbd9,2026-09-02T17:06:52+00:00,22552.34,245.16,12,6,2.187e-05,v4
2026-09-06T06:19:09.754091+00:00,GE,General Electric • Robinhood Token,0x63b814ddbd6bf339f25fed8c36158a008d5b373e,https://robinhoodchain.blockscout.com/token/0x63b814ddbd6bf339f25fed8c36158a008d5b373e,DO,Doge,0xe29ac30d7acf2ef1c509f082179f2d35b8351e18,https://robinhoodchain.blockscout.com/token/0xe29ac30d7acf2ef1c509f082179f2d35b8351e18,uniswap,0x9aceab2a66af7b7a9e8b618102db114e426838281b43568c1e65dd3c273e59bf,https://dexscreener.com/robinhood/0x9aceab2a66af7b7a9e8b618102db114e426838281b43568c1e65dd3c273e59bf,2026-09-01T21:45:34+00:00,22522.77,463.79,8,4,2.244e-05,v4
2026-09-06T06:18:46.378627+00:00,BE,Bloom Energy • Robinhood Token,0x822cc93ffd030293e9842c30bbd678f530701867,https://robinhoodchain.blockscout.com/token/0x822cc93ffd030293e9842c30bbd678f530701867,WANNA,Want to be,0x78e7460ceeae3d206c3aaf57bffc33d3368c1e18,https://robinhoodchain.blockscout.com/token/0x78e7460ceeae3d206c3aaf57bffc33d3368c1e18,uniswap,0x28a2d2421708c1418d149ab3064871abfdc83cabc50fc0d30fba80c85270b7c3,https://dexscreener.com/robinhood/0x28a2d2421708c1418d149ab3064871abfdc83cabc50fc0d30fba80c85270b7c3,2026-09-04T20:44:18+00:00,22495.04,34.11,4,2,2.241e-05,v4
2026-09-06T06:18:44.582363+00:00,BA,Boeing • Robinhood Token,0x4d21483a44bf67a86b77e3da301411880797d452,https://robinhoodchain.blockscout.com/token/0x4d21483a44bf67a86b77e3da301411880797d452,TOWERS,911,0xa4650b541df2a68509bb9684771d9c8b790f1e18,https://robinhoodchain.blockscout.com/token/0xa4650b541df2a68509bb9684771d9c8b790f1e18,uniswap,0x863fe32a254c99e1730374fbf5d174dec7c82052978c72cde605bebc7a9b7c2e,https://dexscreener.com/robinhood/0x863fe32a254c99e1730374fbf5d174dec7c82052978c72cde605bebc7a9b7c2e,2026-09-02T00:40:34+00:00,22468.99,15.84,2,1,2.231e-05,v4
2026-09-06T06:20:19.332358+00:00,USAR,USA Rare Earth • Robinhood Token,0xd917b029c761d264c6a312bbbcda868658ef86a6,https://robinhoodchain.blockscout.com/token/0xd917b029c761d264c6a312bbbcda868658ef86a6,THEROCK,The Rock,0xa4207b145fb54c096384eace38b346cda5571e18,https://robinhoodchain.blockscout.com/token/0xa4207b145fb54c096384eace38b346cda5571e18,uniswap,0x4106d1486003a5eb792b2436c7192c5a44d45ebd506c3ecbfd949fe1ab7dd05a,https://dexscreener.com/robinhood/0x4106d1486003a5eb792b2436c7192c5a44d45ebd506c3ecbfd949fe1ab7dd05a,2026-09-05T12:30:22+00:00,22399.4,51507.87,341,367,2.229e-05,v4
2026-09-06T06:20:04.904459+00:00,SKHY,SK hynix Inc. American Depositary Shares • Robinhood Token,0x84cab63bc87912e71ad199ff14a0ba45de68fef8,https://robinhoodchain.blockscout.com/token/0x84cab63bc87912e71ad199ff14a0ba45de68fef8,SSNLF,SAMSUNG,0x2a4458d6e8d59261658e997c5dccbe5a68411e18,https://robinhoodchain.blockscout.com/token/0x2a4458d6e8d59261658e997c5dccbe5a68411e18,uniswap,0x14551b33ea61e7dd9372c6f38149f05b88c281cd210484be6eb222c5b3153306,https://dexscreener.com/robinhood/0x14551b33ea61e7dd9372c6f38149f05b88c281cd210484be6eb222c5b3153306,2026-09-04T12:41:06+00:00,22370.67,337.33,24,12,2.209e-05,v4
2026-09-06T06:18:59.099564+00:00,CSCO,Cisco Systems • Robinhood Token,0xf543967eebb6f1917992ef0e68de63ab07a5a0da,https://robinhoodchain.blockscout.com/token/0xf543967eebb6f1917992ef0e68de63ab07a5a0da,KOALA,Koala,0x2774f021a5491f897490ddd825e34ae7087d3375,https://robinhoodchain.blockscout.com/token/0x2774f021a5491f897490ddd825e34ae7087d3375,uniswap,0xed437be95ade36d829cc040e3311577ab1ca3b77ccb1d8b0456c49a667a13cc3,https://dexscreener.com/robinhood/0xed437be95ade36d829cc040e3311577ab1ca3b77ccb1d8b0456c49a667a13cc3,2026-09-02T18:03:37+00:00,22351.97,498.66,8,4,2.278e-05,v4
2026-09-06T06:20:03.825738+00:00,SHOP,Shopify • Robinhood Token,0xf53f66751b1eff985311b693531e3290f600c410,https://robinhoodchain.blockscout.com/token/0xf53f66751b1eff985311b693531e3290f600c410,BUCKET,Bucket Shop,0xf9869ec9ff67a37e34227230f16fdbf1a5110aa8,https://robinhoodchain.blockscout.com/token/0xf9869ec9ff67a37e34227230f16fdbf1a5110aa8,uniswap,0x18e8d985172c63126a7531186076a66ef413e812a909c318c83b9c7a213033bb,https://dexscreener.com/robinhood/0x18e8d985172c63126a7531186076a66ef413e812a909c318c83b9c7a213033bb,2026-09-05T20:52:15+00:00,22333.58,935.97,1,2,2.237e-05,v4
2026-09-06T06:19:22.218506+00:00,JNJ,Johnson & Johnson • Robinhood Token,0x03dfbbe0ac4e7bcdafd08ed41a400326b77d8c80,https://robinhoodchain.blockscout.com/token/0x03dfbbe0ac4e7bcdafd08ed41a400326b77d8c80,CATAMINE,Catamine the Cat,0x8f69ff1bec499c9b66c6ea8ce35e1c23535bdf77,https://robinhoodchain.blockscout.com/token/0x8f69ff1bec499c9b66c6ea8ce35e1c23535bdf77,uniswap,0xd0b8c1a6e59cef2fa5daa57cd98c2c64807d15b258ecb057804b047174787357,https://dexscreener.com/robinhood/0xd0b8c1a6e59cef2fa5daa57cd98c2c64807d15b258ecb057804b047174787357,2026-09-03T18:37:17+00:00,22276.52,21164.03,77,132,3.588e-05,v4
2026-09-06T06:20:19.332358+00:00,USAR,USA Rare Earth • Robinhood Token,0xd917b029c761d264c6a312bbbcda868658ef86a6,https://robinhoodchain.blockscout.com/token/0xd917b029c761d264c6a312bbbcda868658ef86a6,RARE,RARE,0xbc53d1a6f4a1dc83a7c055fd1c7c43a6fb1f1e18,https://robinhoodchain.blockscout.com/token/0xbc53d1a6f4a1dc83a7c055fd1c7c43a6fb1f1e18,uniswap,0x02941b39e3faf58def2b9a36c4175c26bc13cd078fbfa08ff85c3160203851f2,https://dexscreener.com/robinhood/0x02941b39e3faf58def2b9a36c4175c26bc13cd078fbfa08ff85c3160203851f2,2026-08-31T12:19:00+00:00,22269.52,538.34,10,8,2.193e-05,v4
2026-09-06T06:20:04.904459+00:00,SKHY,SK hynix Inc. American Depositary Shares • Robinhood Token,0x84cab63bc87912e71ad199ff14a0ba45de68fef8,https://robinhoodchain.blockscout.com/token/0x84cab63bc87912e71ad199ff14a0ba45de68fef8,HABIMI,HABIMI,0x74adce2ecd1aa7db16f7c4d8ef1546902a761e18,https://robinhoodchain.blockscout.com/token/0x74adce2ecd1aa7db16f7c4d8ef1546902a761e18,uniswap,0x4f838e7624b69d80fd00d305fc0af4ae1a0ab7b0c8f85233ea28dd45d2e885fb,https://dexscreener.com/robinhood/0x4f838e7624b69d80fd00d305fc0af4ae1a0ab7b0c8f85233ea28dd45d2e885fb,2026-08-21T04:11:47+00:00,22262.43,225.9,12,6,2.228e-05,v4
2026-09-06T06:19:16.415254+00:00,IBM,IBM • Robinhood Token,0x980dcf6766fa79f5cf0c4aadb3ab477ff15a9619,https://robinhoodchain.blockscout.com/token/0x980dcf6766fa79f5cf0c4aadb3ab477ff15a9619,SCHRODINGER,SchrödingersCat,0x73a0f04d41e1104cd4628e5a02c89f6bf5541e18,https://robinhoodchain.blockscout.com/token/0x73a0f04d41e1104cd4628e5a02c89f6bf5541e18,uniswap,0x1e3ec5989a60414f412f6817103a7b2a242028ebd5ba3533ff06c35e2ab20ab0,https://dexscreener.com/robinhood/0x1e3ec5989a60414f412f6817103a7b2a242028ebd5ba3533ff06c35e2ab20ab0,2026-09-01T04:53:57+00:00,22212.59,17.25,2,1,2.215e-05,v4
2026-09-06T06:19:33.012710+00:00,MRNA,Moderna • Robinhood Token,0x43b07d15ce533bec5476d70c22a78a1b2b662155,https://robinhoodchain.blockscout.com/token/0x43b07d15ce533bec5476d70c22a78a1b2b662155,ANTIDOTE,Antidote Index,0xbcdddffd05797cf55ed2664de7e9cfe825991e18,https://robinhoodchain.blockscout.com/token/0xbcdddffd05797cf55ed2664de7e9cfe825991e18,uniswap,0x8dd204765b08cc1dac2e95a91a6f347560d91b8ab7a512ee3d8640ad4ffdc326,https://dexscreener.com/robinhood/0x8dd204765b08cc1dac2e95a91a6f347560d91b8ab7a512ee3d8640ad4ffdc326,2026-09-01T03:56:12+00:00,22209.13,2.32,2,1,2.178e-05,v4
2026-09-06T06:19:18.914056+00:00,INTC,Intel • Robinhood Token,0xc72b96e0e48ecd4dc75e1e45396e26300bc39681,https://robinhoodchain.blockscout.com/token/0xc72b96e0e48ecd4dc75e1e45396e26300bc39681,CHIP,CHIP,0x214a1c9c3aae98858e10234a5fa65a2b5eda1e18,https://robinhoodchain.blockscout.com/token/0x214a1c9c3aae98858e10234a5fa65a2b5eda1e18,uniswap,0x773f2ea12e5fc5014552527ada495cc9e168dc355379a9f9e1f8efc1337f1ca2,https://dexscreener.com/robinhood/0x773f2ea12e5fc5014552527ada495cc9e168dc355379a9f9e1f8efc1337f1ca2,2026-08-28T22:19:38+00:00,22198.3,18.58,2,1,2.203e-05,v4
2026-09-06T06:20:18.514194+00:00,UPS,UPS • Robinhood Token,0xf23250dac154d05bb671cb0d0ebef3c635c79ce2,https://robinhoodchain.blockscout.com/token/0xf23250dac154d05bb671cb0d0ebef3c635c79ce2,SENDIT,SEND IT,0x5acfe23b75799dd6a46e7dde553c86de45b01e18,https://robinhoodchain.blockscout.com/token/0x5acfe23b75799dd6a46e7dde553c86de45b01e18,uniswap,0x066d2bc5521c71c81dd13766b2f148a80b5c5f1a0296516eea1b2a577e074278,https://dexscreener.com/robinhood/0x066d2bc5521c71c81dd13766b2f148a80b5c5f1a0296516eea1b2a577e074278,2026-09-01T01:45:52+00:00,22196.71,133.51,4,2,2.184e-05,v4
2026-09-06T06:19:22.218506+00:00,JNJ,Johnson & Johnson • Robinhood Token,0x03dfbbe0ac4e7bcdafd08ed41a400326b77d8c80,https://robinhoodchain.blockscout.com/token/0x03dfbbe0ac4e7bcdafd08ed41a400326b77d8c80,DIDDYOIL,DIDDYOIL,0xb46827517d912588e6ae46fb7d4e91434c5d1e18,https://robinhoodchain.blockscout.com/token/0xb46827517d912588e6ae46fb7d4e91434c5d1e18,uniswap,0xc3f060cb5a9b47318d727da5694bd5e94739e7c85bf593e87c0669d3422ae3be,https://dexscreener.com/robinhood/0xc3f060cb5a9b47318d727da5694bd5e94739e7c85bf593e87c0669d3422ae3be,2026-09-05T20:51:34+00:00,22184.11,2933.22,7,8,2.224e-05,v4
2026-09-06T06:19:52.459864+00:00,PLTR,Palantir Technologies • Robinhood Token,0x894e1ec2d74ffe5aef8dc8a9e84686accb964f2a,https://robinhoodchain.blockscout.com/token/0x894e1ec2d74ffe5aef8dc8a9e84686accb964f2a,JEWWIFHAT,JEWWIFHAT,0x428f3360ecabab0b8fafa773ff4e3a2936831e18,https://robinhoodchain.blockscout.com/token/0x428f3360ecabab0b8fafa773ff4e3a2936831e18,uniswap,0xde572eba27afca7c4a14875c0a8d59f15776ec63b98c4ba230eff565197fc86d,https://dexscreener.com/robinhood/0xde572eba27afca7c4a14875c0a8d59f15776ec63b98c4ba230eff565197fc86d,2026-09-04T20:07:28+00:00,22102.37,218.87,15,9,2.191e-05,v4
2026-09-06T06:19:38.832169+00:00,NET,"Cloudflare, Inc. Class A common stock • Robinhood Token",0x116f00968269b7bfbad4109ce591d6e74c0601d4,https://robinhoodchain.blockscout.com/token/0x116f00968269b7bfbad4109ce591d6e74c0601d4,SKY,SKYNET,0xf9293375ef2ca9db0df6baf6057b7d3604001e18,https://robinhoodchain.blockscout.com/token/0xf9293375ef2ca9db0df6baf6057b7d3604001e18,uniswap,0x74dee97b10ab4de0e5815789d8883338a439c6e96421c0ab9672a131fc537824,https://dexscreener.com/robinhood/0x74dee97b10ab4de0e5815789d8883338a439c6e96421c0ab9672a131fc537824,2026-09-02T07:28:46+00:00,22100.79,236.55,2,1,2.208e-05,v4
2026-09-06T06:18:54.926065+00:00,COIN,Coinbase • Robinhood Token,0x6330d8c3178a418788df01a47479c0ce7ccf450b,https://robinhoodchain.blockscout.com/token/0x6330d8c3178a418788df01a47479c0ce7ccf450b,TIT,titcoin,0x3aa4266bde15e80e5ef045099bb4b04cfc121e18,https://robinhoodchain.blockscout.com/token/0x3aa4266bde15e80e5ef045099bb4b04cfc121e18,uniswap,0x8a3dd6f24db0fc050a009b29640594d3977191bf4da362ec6ddaef7ea25e8590,https://dexscreener.com/robinhood/0x8a3dd6f24db0fc050a009b29640594d3977191bf4da362ec6ddaef7ea25e8590,2026-08-28T13:15:07+00:00,22049.99,179.52,8,4,2.169e-05,v4
2026-09-06T06:18:54.926065+00:00,COIN,Coinbase • Robinhood Token,0x6330d8c3178a418788df01a47479c0ce7ccf450b,https://robinhoodchain.blockscout.com/token/0x6330d8c3178a418788df01a47479c0ce7ccf450b,SHIT,SHIT,0xe45cdddf1ac5715f7e596912e184af0ec93a0fce,https://robinhoodchain.blockscout.com/token/0xe45cdddf1ac5715f7e596912e184af0ec93a0fce,uniswap,0xeac379f066354bb9f36de4c430f7bbb876f0d5b865bf9cb3f847de344cc7b641,https://dexscreener.com/robinhood/0xeac379f066354bb9f36de4c430f7bbb876f0d5b865bf9cb3f847de344cc7b641,2026-08-28T17:45:03+00:00,22048.66,119956.61,401,382,5.773e-05,v4
2026-09-06T06:20:19.332358+00:00,USAR,USA Rare Earth • Robinhood Token,0xd917b029c761d264c6a312bbbcda868658ef86a6,https://robinhoodchain.blockscout.com/token/0xd917b029c761d264c6a312bbbcda868658ef86a6,METH,meth usar,0x7daf0e08f1cba927c55fc6f62e45e0a257111e18,https://robinhoodchain.blockscout.com/token/0x7daf0e08f1cba927c55fc6f62e45e0a257111e18,uniswap,0x425fc9101769e55981b61761c4bd8237a3626125543fdc150b11e72cdb03840d,https://dexscreener.com/robinhood/0x425fc9101769e55981b61761c4bd8237a3626125543fdc150b11e72cdb03840d,2026-08-31T06:01:33+00:00,22032.8,116.02,4,2,2.174e-05,v4
2026-09-06T06:19:33.646497+00:00,MRVL,Marvell Technology • Robinhood Token,0x62fd0668e10d8b72339be2dcf7643001688ff13b,https://robinhoodchain.blockscout.com/token/0x62fd0668e10d8b72339be2dcf7643001688ff13b,JARVIS,JARVIS,0x6c49a828a20ab84a530762a54f6b1eeb5ac41e18,https://robinhoodchain.blockscout.com/token/0x6c49a828a20ab84a530762a54f6b1eeb5ac41e18,uniswap,0x8a341fc52ae51435e05249814f77421634e2bd8d3f3d4aacebeadfa7b1c833c9,https://dexscreener.com/robinhood/0x8a341fc52ae51435e05249814f77421634e2bd8d3f3d4aacebeadfa7b1c833c9,2026-09-03T23:44:36+00:00,22028.11,7725.54,37,47,2.208e-05,v4
2026-09-06T06:20:08.648016+00:00,SNOW,Snowflake • Robinhood Token,0xba0cab75495255d0cb58e22b648bfed4ecd1f47e,https://robinhoodchain.blockscout.com/token/0xba0cab75495255d0cb58e22b648bfed4ecd1f47e,SE,Snowball Effect,0x5c0c209aa13fd7a5db0fbe985c00e775894b1e18,https://robinhoodchain.blockscout.com/token/0x5c0c209aa13fd7a5db0fbe985c00e775894b1e18,uniswap,0x4130a49d7d362b4bbe3fc3a15be24ca91a60348b2b471352d6e287c98a1b6be7,https://dexscreener.com/robinhood/0x4130a49d7d362b4bbe3fc3a15be24ca91a60348b2b471352d6e287c98a1b6be7,2026-09-05T21:03:54+00:00,22026.18,4580.15,26,28,2.196e-05,v4
2026-09-06T06:19:33.012710+00:00,MRNA,Moderna • Robinhood Token,0x43b07d15ce533bec5476d70c22a78a1b2b662155,https://robinhoodchain.blockscout.com/token/0x43b07d15ce533bec5476d70c22a78a1b2b662155,HELIX,Fuck Cancer,0x641f7f684a8d7519c13520c15da6c4d8a8721e18,https://robinhoodchain.blockscout.com/token/0x641f7f684a8d7519c13520c15da6c4d8a8721e18,uniswap,0x419238b4f9ae18619f122e607414501462533b4f70d48c93abec2228b02b17a1,https://dexscreener.com/robinhood/0x419238b4f9ae18619f122e607414501462533b4f70d48c93abec2228b02b17a1,2026-09-01T17:14:57+00:00,22019.66,3.1,1,2,2.166e-05,v4
2026-09-06T06:20:16.854792+00:00,TTWO,Take-Two Interactive Software • Robinhood Token,0x5e81213613b6b86eab4c6c50d718d34359459786,https://robinhoodchain.blockscout.com/token/0x5e81213613b6b86eab4c6c50d718d34359459786,DUVAL,JASON DUVAL,0xeec42cb09768a1b4659601f30887bf3744541e18,https://robinhoodchain.blockscout.com/token/0xeec42cb09768a1b4659601f30887bf3744541e18,uniswap,0x19568707e02c81be038c07966ba605a7167bfc9c492d693157a50ced4dc368db,https://dexscreener.com/robinhood/0x19568707e02c81be038c07966ba605a7167bfc9c492d693157a50ced4dc368db,2026-08-27T07:22:30+00:00,22011.41,215.86,3,3,2.201e-05,v4
2026-09-06T06:19:38.832169+00:00,NET,"Cloudflare, Inc. Class A common stock • Robinhood Token",0x116f00968269b7bfbad4109ce591d6e74c0601d4,https://robinhoodchain.blockscout.com/token/0x116f00968269b7bfbad4109ce591d6e74c0601d4,MAG,MAGNET,0xe03092303145d550f269ecc926d99b9430bf1e18,https://robinhoodchain.blockscout.com/token/0xe03092303145d550f269ecc926d99b9430bf1e18,uniswap,0xbf8ccb2b4947656d4376ca2ed5b30555d4363f6069672bc76fb299accbf4a7b6,https://dexscreener.com/robinhood/0xbf8ccb2b4947656d4376ca2ed5b30555d4363f6069672bc76fb299accbf4a7b6,2026-09-04T03:44:49+00:00,22001.24,224.35,4,2,2.203e-05,v4
2026-09-06T06:18:45.799965+00:00,BB,Blackberry • Robinhood Token,0x48e39e56acdba37b09020c0b734a613c9a2f100a,https://robinhoodchain.blockscout.com/token/0x48e39e56acdba37b09020c0b734a613c9a2f100a,UNCMODE,UNC MODE,0xfb4b20df46cc61380ad57b1806b65c9ee8381e18,https://robinhoodchain.blockscout.com/token/0xfb4b20df46cc61380ad57b1806b65c9ee8381e18,uniswap,0x6a85c80d6783ad01381eca6a0153156397db7c97af019c051ec36935a6d06bb6,https://dexscreener.com/robinhood/0x6a85c80d6783ad01381eca6a0153156397db7c97af019c051ec36935a6d06bb6,2026-09-02T13:17:11+00:00,22000.67,27.75,4,2,2.149e-05,v4
2026-09-06T06:19:45.048778+00:00,ON,ON Semiconductor • Robinhood Token,0xbbd09f72b025360fee5c928053dca6248d35be54,https://robinhoodchain.blockscout.com/token/0xbbd09f72b025360fee5c928053dca6248d35be54,EL,MUSK,0xe9e81798daa2d498ea31dbec79374683091c1e18,https://robinhoodchain.blockscout.com/token/0xe9e81798daa2d498ea31dbec79374683091c1e18,uniswap,0xd91d4d20bed0dca072d329ec268c8a8ba46bc45b656295e2fa3b55c25c14ba04,https://dexscreener.com/robinhood/0xd91d4d20bed0dca072d329ec268c8a8ba46bc45b656295e2fa3b55c25c14ba04,2026-09-03T23:11:51+00:00,21943.46,540.46,10,5,2.19e-05,v4
2026-09-06T06:19:18.914056+00:00,INTC,Intel • Robinhood Token,0xc72b96e0e48ecd4dc75e1e45396e26300bc39681,https://robinhoodchain.blockscout.com/token/0xc72b96e0e48ecd4dc75e1e45396e26300bc39681,QUANTUM,Quantum Cat,0x279399c6825c3f41cdecf2dda4c35309858d1e18,https://robinhoodchain.blockscout.com/token/0x279399c6825c3f41cdecf2dda4c35309858d1e18,uniswap,0x3c9dd700e815740cff8244432387f9e47533954e4b3e656fc50d31ffc702d82e,https://dexscreener.com/robinhood/0x3c9dd700e815740cff8244432387f9e47533954e4b3e656fc50d31ffc702d82e,2026-08-28T18:43:56+00:00,21919.63,0.9,2,1,2.161e-05,v4
2026-09-06T06:20:08.648016+00:00,SNOW,Snowflake • Robinhood Token,0xba0cab75495255d0cb58e22b648bfed4ecd1f47e,https://robinhoodchain.blockscout.com/token/0xba0cab75495255d0cb58e22b648bfed4ecd1f47e,JON,JON,0x148c6c2b15296e96f573e6f86c0438c3b9371e18,https://robinhoodchain.blockscout.com/token/0x148c6c2b15296e96f573e6f86c0438c3b9371e18,uniswap,0x5f944bf8252db28090947148e4a098462561ff36844c718b6855bd90054fecb1,https://dexscreener.com/robinhood/0x5f944bf8252db28090947148e4a098462561ff36844c718b6855bd90054fecb1,2026-09-05T20:57:48+00:00,21900.79,51476.64,462,489,2.159e-05,v4
2026-09-06T06:18:54.926065+00:00,COIN,Coinbase • Robinhood Token,0x6330d8c3178a418788df01a47479c0ce7ccf450b,https://robinhoodchain.blockscout.com/token/0x6330d8c3178a418788df01a47479c0ce7ccf450b,HC,HOODCOIN,0xf73c9f4f6570274af9127a7c4b082aebf0021e18,https://robinhoodchain.blockscout.com/token/0xf73c9f4f6570274af9127a7c4b082aebf0021e18,uniswap,0x3d87170dc7fff0f19017dbe81fa1494c31e5fcd56fefdfa484245f8836eed852,https://dexscreener.com/robinhood/0x3d87170dc7fff0f19017dbe81fa1494c31e5fcd56fefdfa484245f8836eed852,2026-09-01T11:29:46+00:00,21888.72,160.74,4,2,2.179e-05,v4
2026-09-06T06:18:45.799965+00:00,BB,Blackberry • Robinhood Token,0x48e39e56acdba37b09020c0b734a613c9a2f100a,https://robinhoodchain.blockscout.com/token/0x48e39e56acdba37b09020c0b734a613c9a2f100a,BLACKBERRY,Blackberry,0x56b3a11c6e70210cb2aba87e5c0472709c351e18,https://robinhoodchain.blockscout.com/token/0x56b3a11c6e70210cb2aba87e5c0472709c351e18,uniswap,0x02290f16e612f02f55ea73202a57531520eb611e1083b275ca26daaa5fae994b,https://dexscreener.com/robinhood/0x02290f16e612f02f55ea73202a57531520eb611e1083b275ca26daaa5fae994b,2026-09-04T04:41:12+00:00,21848.74,544.54,7,5,2.175e-05,v4
2026-09-06T06:18:44.582363+00:00,BA,Boeing • Robinhood Token,0x4d21483a44bf67a86b77e3da301411880797d452,https://robinhoodchain.blockscout.com/token/0x4d21483a44bf67a86b77e3da301411880797d452,SHI,Shiba,0xa9d66753f3f6fe537a9ae6be7ae9d0b2826ba6c5,https://robinhoodchain.blockscout.com/token/0xa9d66753f3f6fe537a9ae6be7ae9d0b2826ba6c5,uniswap,0x5244327d669fe4fb66d4f4e1df789adba9231c1422fdc77ed36d7de23ed67273,https://dexscreener.com/robinhood/0x5244327d669fe4fb66d4f4e1df789adba9231c1422fdc77ed36d7de23ed67273,2026-09-04T21:44:10+00:00,21831.51,874.82,15,9,2.175e-05,v4
2026-09-06T06:20:19.332358+00:00,USAR,USA Rare Earth • Robinhood Token,0xd917b029c761d264c6a312bbbcda868658ef86a6,https://robinhoodchain.blockscout.com/token/0xd917b029c761d264c6a312bbbcda868658ef86a6,MINERALS,Rare Earth,0x417f143dccb9e74d204faea245c09483b1cd1e18,https://robinhoodchain.blockscout.com/token/0x417f143dccb9e74d204faea245c09483b1cd1e18,uniswap,0xc7918878be7b9054abbd8a3a7b5521787393e1ce7aaa567fe49488472524670a,https://dexscreener.com/robinhood/0xc7918878be7b9054abbd8a3a7b5521787393e1ce7aaa567fe49488472524670a,2026-09-05T04:51:20+00:00,21796.08,1822.98,12,6,2.158e-05,v4
2026-09-06T06:18:54.926065+00:00,COIN,Coinbase • Robinhood Token,0x6330d8c3178a418788df01a47479c0ce7ccf450b,https://robinhoodchain.blockscout.com/token/0x6330d8c3178a418788df01a47479c0ce7ccf450b,MAXCOIN,MAXCOIN,0x6a8e011322cbfb67d78d9591c8938ba2a9a41e18,https://robinhoodchain.blockscout.com/token/0x6a8e011322cbfb67d78d9591c8938ba2a9a41e18,uniswap,0x6f8a0afdb9290f2582ef5e3822f91d1bbff41dc9ec343356c7ef332a7e801c03,https://dexscreener.com/robinhood/0x6f8a0afdb9290f2582ef5e3822f91d1bbff41dc9ec343356c7ef332a7e801c03,2026-09-05T21:43:39+00:00,21782.07,66681.9,520,530,2.164e-05,v4
2026-09-06T06:19:13.284882+00:00,GOOGL,Alphabet Class A • Robinhood Token,0x2e0847e8910a9732eb3fb1bb4b70a580adad4fe3,https://robinhoodchain.blockscout.com/token/0x2e0847e8910a9732eb3fb1bb4b70a580adad4fe3,SHROOM,MUSHROOM,0xab093def657f15df31b33922a95e047add645b29,https://robinhoodchain.blockscout.com/token/0xab093def657f15df31b33922a95e047add645b29,uniswap,0x1a69855144b370337ab15f1a5bb761e35a073bd8ba5238ba9d6bcad22eb861c8,https://dexscreener.com/robinhood/0x1a69855144b370337ab15f1a5bb761e35a073bd8ba5238ba9d6bcad22eb861c8,2026-09-03T19:53:57+00:00,21780.82,56006.87,357,335,0.04652,v4
2026-09-06T06:19:33.012710+00:00,MRNA,Moderna • Robinhood Token,0x43b07d15ce533bec5476d70c22a78a1b2b662155,https://robinhoodchain.blockscout.com/token/0x43b07d15ce533bec5476d70c22a78a1b2b662155,SOCAL,SoCal Parasite,0x532befc09faaeacf83c3b0c2612a605f4ed51e18,https://robinhoodchain.blockscout.com/token/0x532befc09faaeacf83c3b0c2612a605f4ed51e18,uniswap,0x52b37f9696e7dacb1aff2fba12fb451f9993b6a8aeb089cf1f725d4a1ecfabc7,https://dexscreener.com/robinhood/0x52b37f9696e7dacb1aff2fba12fb451f9993b6a8aeb089cf1f725d4a1ecfabc7,2026-09-04T19:05:16+00:00,21731.59,61.04,4,2,2.136e-05,v4
2026-09-06T06:20:19.332358+00:00,USAR,USA Rare Earth • Robinhood Token,0xd917b029c761d264c6a312bbbcda868658ef86a6,https://robinhoodchain.blockscout.com/token/0xd917b029c761d264c6a312bbbcda868658ef86a6,DRILLER,DRILLER,0x7b0897ddbaa1f5c224aebbeca27b906d09961e18,https://robinhoodchain.blockscout.com/token/0x7b0897ddbaa1f5c224aebbeca27b906d09961e18,uniswap,0x7d32bd2d951198bfea8ab3d6dd7f2e7e5963b0afc7dd8464b479a14f80c7ed90,https://dexscreener.com/robinhood/0x7d32bd2d951198bfea8ab3d6dd7f2e7e5963b0afc7dd8464b479a14f80c7ed90,2026-09-05T15:59:12+00:00,21703.25,39636.67,381,423,2.161e-05,v4
2026-09-06T06:20:09.190024+00:00,SOFI,SoFi Technologies • Robinhood Token,0x98e75885157c80992a8d41b696d8c9c6fb30a926,https://robinhoodchain.blockscout.com/token/0x98e75885157c80992a8d41b696d8c9c6fb30a926,SOFID,SoFiUSD,0x206e970dfc4b2e47c52174538badbce23be01e18,https://robinhoodchain.blockscout.com/token/0x206e970dfc4b2e47c52174538badbce23be01e18,uniswap,0x45547a24e6214d08759d8da5e3de1808a0df82aabc30a5737b65d0ce1f44430b,https://dexscreener.com/robinhood/0x45547a24e6214d08759d8da5e3de1808a0df82aabc30a5737b65d0ce1f44430b,2026-09-04T19:01:33+00:00,21622.66,141.26,8,4,2.129e-05,v4
2026-09-06T06:20:15.476079+00:00,TSM,Taiwan Semiconductor Manufacturing • Robinhood Token,0x58ffe4a942d3885baa22d7520691f611ef09e7aa,https://robinhoodchain.blockscout.com/token/0x58ffe4a942d3885baa22d7520691f611ef09e7aa,TSM,The Super Meme,0x92430d275a22313d6f8ff76b12aaf2524ff01e18,https://robinhoodchain.blockscout.com/token/0x92430d275a22313d6f8ff76b12aaf2524ff01e18,uniswap,0x3a8f4c8831884199a4f0d48ee5de6ad9b437b935fc0ba33dd779a95de8ff9662,https://dexscreener.com/robinhood/0x3a8f4c8831884199a4f0d48ee5de6ad9b437b935fc0ba33dd779a95de8ff9662,2026-09-04T04:51:19+00:00,21607.86,89.56,2,1,2.148e-05,v4
2026-09-06T06:19:01.128821+00:00,DELL,Dell • Robinhood Token,0x941ae714ec6d8130c7b75d67160ca08f1e7d11dd,https://robinhoodchain.blockscout.com/token/0x941ae714ec6d8130c7b75d67160ca08f1e7d11dd,PA,PADEL,0x2b3243a179989084eb04e336efb906874bb21e18,https://robinhoodchain.blockscout.com/token/0x2b3243a179989084eb04e336efb906874bb21e18,uniswap,0x52c8181a2ae0a97559385cded8e908be1edbfa4055fd676ccc65dcc996713442,https://dexscreener.com/robinhood/0x52c8181a2ae0a97559385cded8e908be1edbfa4055fd676ccc65dcc996713442,2026-09-01T20:21:07+00:00,21599.11,3.84,2,1,2.157e-05,v4
2026-09-06T06:19:34.442877+00:00,MSFT,Microsoft • Robinhood Token,0xe93237c50d904957cf27e7b1133b510c669c2e74,https://robinhoodchain.blockscout.com/token/0xe93237c50d904957cf27e7b1133b510c669c2e74,LAPEACE,La Peace,0x62b7ebeb42809c216550f730d52aa042d7a81e18,https://robinhoodchain.blockscout.com/token/0x62b7ebeb42809c216550f730d52aa042d7a81e18,uniswap,0xec1eb4f6fb4fb79f69e29e091602e3b927d02d53a48c4dd1231ff1dae41c97e3,https://dexscreener.com/robinhood/0xec1eb4f6fb4fb79f69e29e091602e3b927d02d53a48c4dd1231ff1dae41c97e3,2026-09-03T06:15:48+00:00,21598.47,357.73,2,1,2.126e-05,v4
2026-09-06T06:18:45.799965+00:00,BB,Blackberry • Robinhood Token,0x48e39e56acdba37b09020c0b734a613c9a2f100a,https://robinhoodchain.blockscout.com/token/0x48e39e56acdba37b09020c0b734a613c9a2f100a,BBD,BlkBerry Device,0x811f32d0e3f35e2cddb297bcece06ba3432c1e18,https://robinhoodchain.blockscout.com/token/0x811f32d0e3f35e2cddb297bcece06ba3432c1e18,uniswap,0x4106c1d2b5d6cd25624e2d3a09d8e137f17bdf60abf8da724edc0cbfd8aa8e8c,https://dexscreener.com/robinhood/0x4106c1d2b5d6cd25624e2d3a09d8e137f17bdf60abf8da724edc0cbfd8aa8e8c,2026-09-03T11:11:12+00:00,21587.64,1.53,2,1,2.138e-05,v4
2026-09-06T06:19:58.013138+00:00,RBLX,Roblox • Robinhood Token,0xf0c4bf4c582cb3836e98394b1d4e7b7281101be8,https://robinhoodchain.blockscout.com/token/0xf0c4bf4c582cb3836e98394b1d4e7b7281101be8,RBLX,RWA,0x0f579dab580f68b26acc67f901281c4b87fe1e18,https://robinhoodchain.blockscout.com/token/0x0f579dab580f68b26acc67f901281c4b87fe1e18,uniswap,0x5b8455ea6e01606690ed2a0930a818a12e401941c7df14b29688a789e4316e4c,https://dexscreener.com/robinhood/0x5b8455ea6e01606690ed2a0930a818a12e401941c7df14b29688a789e4316e4c,2026-09-02T05:34:06+00:00,21587.3,22.17,2,1,2.131e-05,v4
2026-09-06T06:20:18.514194+00:00,UPS,UPS • Robinhood Token,0xf23250dac154d05bb671cb0d0ebef3c635c79ce2,https://robinhoodchain.blockscout.com/token/0xf23250dac154d05bb671cb0d0ebef3c635c79ce2,JUICE,price go up,0xbc4cb8ffc532f8d1bcd7e1aab9636529a0f91e18,https://robinhoodchain.blockscout.com/token/0xbc4cb8ffc532f8d1bcd7e1aab9636529a0f91e18,uniswap,0xb94a8479d74865cbef7a23edc37e5a26f7e8cbb36f55f1d5db717f956b3b3785,https://dexscreener.com/robinhood/0xb94a8479d74865cbef7a23edc37e5a26f7e8cbb36f55f1d5db717f956b3b3785,2026-09-03T18:45:32+00:00,21585.93,161.21,6,3,2.135e-05,v4
2026-09-06T06:19:01.128821+00:00,DELL,Dell • Robinhood Token,0x941ae714ec6d8130c7b75d67160ca08f1e7d11dd,https://robinhoodchain.blockscout.com/token/0x941ae714ec6d8130c7b75d67160ca08f1e7d11dd,COMPOUND,Compound Coin,0x505994d832bf23a1ee1c19f2f6d9af9fdca41e18,https://robinhoodchain.blockscout.com/token/0x505994d832bf23a1ee1c19f2f6d9af9fdca41e18,uniswap,0xead8fbe37870e62957140b72693ca462c94f974cb75b119cbd18d5b5c02d3b0f,https://dexscreener.com/robinhood/0xead8fbe37870e62957140b72693ca462c94f974cb75b119cbd18d5b5c02d3b0f,2026-09-02T18:20:45+00:00,21584.15,0.0,0,3,2.158e-05,v4
2026-09-06T06:20:07.577878+00:00,SNAP,Snap • Robinhood Token,0xf6589f11bc40b669e584073f428b05562f568733,https://robinhoodchain.blockscout.com/token/0xf6589f11bc40b669e584073f428b05562f568733,SNAPI,Snapchat Inu,0x9c45c8e90ae6c5351b96d81a86c9d6703eb81e18,https://robinhoodchain.blockscout.com/token/0x9c45c8e90ae6c5351b96d81a86c9d6703eb81e18,uniswap,0x31fc2fa6d11e2cffb7222fcc8036af101ad696809261224dcd803057b1a73931,https://dexscreener.com/robinhood/0x31fc2fa6d11e2cffb7222fcc8036af101ad696809261224dcd803057b1a73931,2026-09-03T14:52:27+00:00,21576.96,4580.06,52,32,2.117e-05,v4
2026-09-06T06:18:36.203214+00:00,AMD,AMD • Robinhood Token,0x86923f96303d656e4aa86d9d42d1e57ad2023fdc,https://robinhoodchain.blockscout.com/token/0x86923f96303d656e4aa86d9d42d1e57ad2023fdc,AMDOG,AMDOG,0x2c7e0abb103fbfa79ceeb612e2718d5f15701e18,https://robinhoodchain.blockscout.com/token/0x2c7e0abb103fbfa79ceeb612e2718d5f15701e18,uniswap,0x76861a33773975b2c47b5e5f69106576e5354f20077d2e5ef0166b16f2e6cfbe,https://dexscreener.com/robinhood/0x76861a33773975b2c47b5e5f69106576e5354f20077d2e5ef0166b16f2e6cfbe,2026-07-22T12:31:58+00:00,21552.41,550.6,0,2,2.178e-05,v4
2026-09-06T06:20:01.479682+00:00,RIVN,Rivian Automotive • Robinhood Token,0xb1bf26c1d20ff267a4f93550d1e0d06ac40a114b,https://robinhoodchain.blockscout.com/token/0xb1bf26c1d20ff267a4f93550d1e0d06ac40a114b,RIVN,Rivian Autos,0x1a3b583b3cb7f8c1e85dd9cb8c536682b0821e18,https://robinhoodchain.blockscout.com/token/0x1a3b583b3cb7f8c1e85dd9cb8c536682b0821e18,uniswap,0x4ee3a2ef4474761f595b2315479e63294e6391c7f089fe4c1a70db724dcfb12f,https://dexscreener.com/robinhood/0x4ee3a2ef4474761f595b2315479e63294e6391c7f089fe4c1a70db724dcfb12f,2026-09-05T21:11:00+00:00,21534.54,40326.3,239,277,2.125e-05,v4
2026-09-06T06:20:18.514194+00:00,UPS,UPS • Robinhood Token,0xf23250dac154d05bb671cb0d0ebef3c635c79ce2,https://robinhoodchain.blockscout.com/token/0xf23250dac154d05bb671cb0d0ebef3c635c79ce2,PACKAGE,Package,0x7a8b8772f0c012c3d7aa0e47433075d77b321e18,https://robinhoodchain.blockscout.com/token/0x7a8b8772f0c012c3d7aa0e47433075d77b321e18,uniswap,0x41dc529af3d63f9c97b950ca897e648ff89b44717c4eff7ada08b2199c33d8ec,https://dexscreener.com/robinhood/0x41dc529af3d63f9c97b950ca897e648ff89b44717c4eff7ada08b2199c33d8ec,2026-09-04T09:42:56+00:00,21524.7,6875.57,45,45,2.15e-05,v4
2026-09-06T06:18:39.560976+00:00,ASML,ASML Holding NV • Robinhood Token,0x47f93d52cbec7c6d2cfc080e154002370a60daea,https://robinhoodchain.blockscout.com/token/0x47f93d52cbec7c6d2cfc080e154002370a60daea,SARC,Sarcasm,0xedffc25f4457e8dfbc22bf176f71425b046e1e18,https://robinhoodchain.blockscout.com/token/0xedffc25f4457e8dfbc22bf176f71425b046e1e18,uniswap,0x64b80bd3e3c05d73747d127f09c18dda6f20ab0c2fc97c0ee2144c2d60a41396,https://dexscreener.com/robinhood/0x64b80bd3e3c05d73747d127f09c18dda6f20ab0c2fc97c0ee2144c2d60a41396,2026-09-01T22:18:56+00:00,21518.46,1.9,2,1,2.15e-05,v4
2026-09-06T06:20:19.332358+00:00,USAR,USA Rare Earth • Robinhood Token,0xd917b029c761d264c6a312bbbcda868658ef86a6,https://robinhoodchain.blockscout.com/token/0xd917b029c761d264c6a312bbbcda868658ef86a6,DIAMONDHANDS,HODL,0x89f7c0e80dc4ec9bc447b266b879041553201e18,https://robinhoodchain.blockscout.com/token/0x89f7c0e80dc4ec9bc447b266b879041553201e18,uniswap,0x0e82c28f85141036ac8ddbe34f7b86c0cd9ae329e2a7c7b21eff34fb4358a621,https://dexscreener.com/robinhood/0x0e82c28f85141036ac8ddbe34f7b86c0cd9ae329e2a7c7b21eff34fb4358a621,2026-09-04T05:24:13+00:00,21516.48,7.07,2,1,2.123e-05,v4
2026-09-06T06:18:54.926065+00:00,COIN,Coinbase • Robinhood Token,0x6330d8c3178a418788df01a47479c0ce7ccf450b,https://robinhoodchain.blockscout.com/token/0x6330d8c3178a418788df01a47479c0ce7ccf450b,UPSCOIN,UPS,0xa386cc3a154580f8e915b39fb1f99405396a1e18,https://robinhoodchain.blockscout.com/token/0xa386cc3a154580f8e915b39fb1f99405396a1e18,uniswap,0x1c9eaf9d607acb829165c0b203e28eef4a642ba2c3b075ed556e980d2ab1be97,https://dexscreener.com/robinhood/0x1c9eaf9d607acb829165c0b203e28eef4a642ba2c3b075ed556e980d2ab1be97,2026-09-05T17:13:36+00:00,21505.76,10939.23,78,78,2.139e-05,v4
2026-09-06T06:20:19.332358+00:00,USAR,USA Rare Earth • Robinhood Token,0xd917b029c761d264c6a312bbbcda868658ef86a6,https://robinhoodchain.blockscout.com/token/0xd917b029c761d264c6a312bbbcda868658ef86a6,MAGNET,Magnet,0xa33f0ccd8f8c7de23a47faf9fd0c1091c5351e18,https://robinhoodchain.blockscout.com/token/0xa33f0ccd8f8c7de23a47faf9fd0c1091c5351e18,uniswap,0xe451e2a9e306e8d2554427e791c51787d11e6bd0e4fd0cdc5b8f04adac907bc9,https://dexscreener.com/robinhood/0xe451e2a9e306e8d2554427e791c51787d11e6bd0e4fd0cdc5b8f04adac907bc9,2026-09-04T22:52:37+00:00,21485.22,1039.13,10,8,2.137e-05,v4
2026-09-06T06:18:47.213404+00:00,BULL,Webull • Robinhood Token,0xcef9027c7d6985b85f0ba431125073529a947a68,https://robinhoodchain.blockscout.com/token/0xcef9027c7d6985b85f0ba431125073529a947a68,DELUSIONAL,Delusional,0x80c90abb031873731be528ca14a496f72f831e18,https://robinhoodchain.blockscout.com/token/0x80c90abb031873731be528ca14a496f72f831e18,uniswap,0x019b8ed4f106db5980a789babfb3e0e71d208d5aae2ba6475cd3717b8e9e53dd,https://dexscreener.com/robinhood/0x019b8ed4f106db5980a789babfb3e0e71d208d5aae2ba6475cd3717b8e9e53dd,2026-09-03T22:46:48+00:00,21479.3,17.75,2,1,2.167e-05,v4
2026-09-06T06:20:22.736294+00:00,WDAY,Workday • Robinhood Token,0x82da4646242e1d962e96e932269dc644c94a9caa,https://robinhoodchain.blockscout.com/token/0x82da4646242e1d962e96e932269dc644c94a9caa,NO,ANTIWORK,0xa12be948a82c0f35b7f1e9354f4a612ddacc1e18,https://robinhoodchain.blockscout.com/token/0xa12be948a82c0f35b7f1e9354f4a612ddacc1e18,uniswap,0x20cdfb1fad5708d97fa8e6da612b318f5bea682273fe53033f1077608997f3eb,https://dexscreener.com/robinhood/0x20cdfb1fad5708d97fa8e6da612b318f5bea682273fe53033f1077608997f3eb,2026-09-04T05:51:42+00:00,21476.78,530.83,21,15,2.131e-05,v4
2026-09-06T06:20:19.332358+00:00,USAR,USA Rare Earth • Robinhood Token,0xd917b029c761d264c6a312bbbcda868658ef86a6,https://robinhoodchain.blockscout.com/token/0xd917b029c761d264c6a312bbbcda868658ef86a6,OILCOIN,OILCOIN,0x0f9d2c465a30b95e85463e90b90a767b8b681e18,https://robinhoodchain.blockscout.com/token/0x0f9d2c465a30b95e85463e90b90a767b8b681e18,uniswap,0xf8753cdd3cfc4424d84c3d870c1eaf4a7b6c121cc30d2558e755cae57e189cd1,https://dexscreener.com/robinhood/0xf8753cdd3cfc4424d84c3d870c1eaf4a7b6c121cc30d2558e755cae57e189cd1,2026-09-01T11:13:34+00:00,21469.21,1.62,2,1,2.14e-05,v4
2026-09-06T06:19:04.693077+00:00,FIG,Figma • Robinhood Token,0x41f4267525a8aff329540ef24fd83d9044758b33,https://robinhoodchain.blockscout.com/token/0x41f4267525a8aff329540ef24fd83d9044758b33,FLIPPY,FLIPPY,0x77f60afa69369a0ce87860ff46bec3a12d2a1e18,https://robinhoodchain.blockscout.com/token/0x77f60afa69369a0ce87860ff46bec3a12d2a1e18,uniswap,0xb8b607aa8cf806a7317692e9d5da1c7798955e9c287aafe79245dcb9a7f74e90,https://dexscreener.com/robinhood/0xb8b607aa8cf806a7317692e9d5da1c7798955e9c287aafe79245dcb9a7f74e90,2026-09-04T15:38:42+00:00,21448.65,25.52,8,4,2.136e-05,v4
2026-09-06T06:19:33.012710+00:00,MRNA,Moderna • Robinhood Token,0x43b07d15ce533bec5476d70c22a78a1b2b662155,https://robinhoodchain.blockscout.com/token/0x43b07d15ce533bec5476d70c22a78a1b2b662155,CLOTDERNA,CLOT,0x8ae8a31dcf3710fb9799c20c4e33878d75851e18,https://robinhoodchain.blockscout.com/token/0x8ae8a31dcf3710fb9799c20c4e33878d75851e18,uniswap,0x631ae9f61df7876680b71a661b938f52224131df9a199638a2f988bf35dcec93,https://dexscreener.com/robinhood/0x631ae9f61df7876680b71a661b938f52224131df9a199638a2f988bf35dcec93,2026-08-31T17:22:43+00:00,21446.35,33.26,2,1,2.118e-05,v4
2026-09-06T06:20:04.904459+00:00,SKHY,SK hynix Inc. American Depositary Shares • Robinhood Token,0x84cab63bc87912e71ad199ff14a0ba45de68fef8,https://robinhoodchain.blockscout.com/token/0x84cab63bc87912e71ad199ff14a0ba45de68fef8,SKHYCAT,하냥이,0x2e28657895eefb6c2d78fb0642c935947b671e18,https://robinhoodchain.blockscout.com/token/0x2e28657895eefb6c2d78fb0642c935947b671e18,uniswap,0x1b0f9aed923480fe35f1276160ca38031e0c703abe3476a1b35e38954c922d9c,https://dexscreener.com/robinhood/0x1b0f9aed923480fe35f1276160ca38031e0c703abe3476a1b35e38954c922d9c,2026-08-28T03:33:55+00:00,21424.58,889.45,9,9,2.14e-05,v4
2026-09-06T06:19:46.455443+00:00,ORCL,Oracle • Robinhood Token,0xb0992820e760d836549ba69bc7598b4af75dee03,https://robinhoodchain.blockscout.com/token/0xb0992820e760d836549ba69bc7598b4af75dee03,MORPHEUS,Morpheus,0x83bb675ad517073d3a459ad749b53ab040591e18,https://robinhoodchain.blockscout.com/token/0x83bb675ad517073d3a459ad749b53ab040591e18,uniswap,0xcafcc97f96d166ee29217f81ef819526ff6f993d7c67ffc2346a0455f66b0425,https://dexscreener.com/robinhood/0xcafcc97f96d166ee29217f81ef819526ff6f993d7c67ffc2346a0455f66b0425,2026-09-04T00:27:31+00:00,21419.63,341.49,5,4,2.141e-05,v4
2026-09-06T06:18:46.378627+00:00,BE,Bloom Energy • Robinhood Token,0x822cc93ffd030293e9842c30bbd678f530701867,https://robinhoodchain.blockscout.com/token/0x822cc93ffd030293e9842c30bbd678f530701867,BLOOMIES,The Bloomies,0x46ca85fc436b692448d5208b78c3ca9562b11e18,https://robinhoodchain.blockscout.com/token/0x46ca85fc436b692448d5208b78c3ca9562b11e18,uniswap,0x39c2b3790800ee451e22c9a41a35cc4c574fcc0ddebf7f46829f01d52b4ed280,https://dexscreener.com/robinhood/0x39c2b3790800ee451e22c9a41a35cc4c574fcc0ddebf7f46829f01d52b4ed280,2026-09-05T13:38:12+00:00,21401.26,1516.12,16,21,2.14e-05,v4
2026-09-06T06:20:19.332358+00:00,USAR,USA Rare Earth • Robinhood Token,0xd917b029c761d264c6a312bbbcda868658ef86a6,https://robinhoodchain.blockscout.com/token/0xd917b029c761d264c6a312bbbcda868658ef86a6,DIG,Keep Digging,0x18179acf104528ae4c17e13e9e57196dec2c1e18,https://robinhoodchain.blockscout.com/token/0x18179acf104528ae4c17e13e9e57196dec2c1e18,uniswap,0x4dc6fd91f2bcbba968b1af72a4bf843b3ab6640bcde87902068eec598aa82018,https://dexscreener.com/robinhood/0x4dc6fd91f2bcbba968b1af72a4bf843b3ab6640bcde87902068eec598aa82018,2026-09-03T22:54:49+00:00,21395.21,225.45,2,1,2.161e-05,v4
2026-09-06T06:20:08.648016+00:00,SNOW,Snowflake • Robinhood Token,0xba0cab75495255d0cb58e22b648bfed4ecd1f47e,https://robinhoodchain.blockscout.com/token/0xba0cab75495255d0cb58e22b648bfed4ecd1f47e,INVESTOR,The Nietzschean,0x0946b38e432f1b56c14f59d42d4a634d06471e18,https://robinhoodchain.blockscout.com/token/0x0946b38e432f1b56c14f59d42d4a634d06471e18,uniswap,0x11a8e05e0d32ebe8eff728c7fdb62c7929a2e8b3f18ee5a2197c52bf9a969fee,https://dexscreener.com/robinhood/0x11a8e05e0d32ebe8eff728c7fdb62c7929a2e8b3f18ee5a2197c52bf9a969fee,2026-09-05T21:00:32+00:00,21350.89,33326.15,312,336,2.127e-05,v4
2026-09-06T06:20:26.113208+00:00,ZM,Zoom • Robinhood Token,0x44c4f142009036cf477ed2d09932051843137cf1,https://robinhoodchain.blockscout.com/token/0x44c4f142009036cf477ed2d09932051843137cf1,Epstein,Jeffrey E. Epstein,0x8308df37f4635c534ca0f6cd098c6afcc2b31e18,https://robinhoodchain.blockscout.com/token/0x8308df37f4635c534ca0f6cd098c6afcc2b31e18,uniswap,0x0033bb0ef8b8d07af6882bbb88fa21839a229a6ccaf80023de6e24aefba598c7,https://dexscreener.com/robinhood/0x0033bb0ef8b8d07af6882bbb88fa21839a229a6ccaf80023de6e24aefba598c7,2026-09-02T21:46:31+00:00,21332.8,0.0,0,3,2.133e-05,v4
2026-09-06T06:18:44.582363+00:00,BA,Boeing • Robinhood Token,0x4d21483a44bf67a86b77e3da301411880797d452,https://robinhoodchain.blockscout.com/token/0x4d21483a44bf67a86b77e3da301411880797d452,HIGUY,HIGH GUY,0x51b5590059796252ed6c407f00362315a15f1e18,https://robinhoodchain.blockscout.com/token/0x51b5590059796252ed6c407f00362315a15f1e18,uniswap,0x7c60b0b21127ae6ea3ff6aad46d36bc886c049919c42d13d5c182e75a83adc28,https://dexscreener.com/robinhood/0x7c60b0b21127ae6ea3ff6aad46d36bc886c049919c42d13d5c182e75a83adc28,2026-09-05T15:07:47+00:00,21325.69,14954.92,108,123,2.123e-05,v4
2026-09-06T06:20:19.332358+00:00,USAR,USA Rare Earth • Robinhood Token,0xd917b029c761d264c6a312bbbcda868658ef86a6,https://robinhoodchain.blockscout.com/token/0xd917b029c761d264c6a312bbbcda868658ef86a6,PRECIOUS,PRECIOUS,0x3c00e5be127f9101b20ef3011ab1e9c8a34f1e18,https://robinhoodchain.blockscout.com/token/0x3c00e5be127f9101b20ef3011ab1e9c8a34f1e18,uniswap,0x2d991182823776641da703334e285d808caab8bf0faf04547c407f1400ebdaac,https://dexscreener.com/robinhood/0x2d991182823776641da703334e285d808caab8bf0faf04547c407f1400ebdaac,2026-09-05T16:08:02+00:00,21312.09,670.53,9,9,2.131e-05,v4
2026-09-06T06:20:18.514194+00:00,UPS,UPS • Robinhood Token,0xf23250dac154d05bb671cb0d0ebef3c635c79ce2,https://robinhoodchain.blockscout.com/token/0xf23250dac154d05bb671cb0d0ebef3c635c79ce2,SEND,Send It,0x6909eb6f914bf821b1c995d6a9c8a29ebb794e01,https://robinhoodchain.blockscout.com/token/0x6909eb6f914bf821b1c995d6a9c8a29ebb794e01,uniswap,0x2144a6cd9dad32f4339ee01696240624ac7d8d11d3fc86768d548f654c7dc46f,https://dexscreener.com/robinhood/0x2144a6cd9dad32f4339ee01696240624ac7d8d11d3fc86768d548f654c7dc46f,2026-09-02T16:04:00+00:00,21304.42,10196.68,19,72,4.004e-05,v4
2026-09-06T06:20:04.904459+00:00,SKHY,SK hynix Inc. American Depositary Shares • Robinhood Token,0x84cab63bc87912e71ad199ff14a0ba45de68fef8,https://robinhoodchain.blockscout.com/token/0x84cab63bc87912e71ad199ff14a0ba45de68fef8,SOJU,Soju,0x191d96caef56b9237e00b95dc8e65e92f1951e18,https://robinhoodchain.blockscout.com/token/0x191d96caef56b9237e00b95dc8e65e92f1951e18,uniswap,0x69228138876a282f3b8fb90fa14573d343e36e60be7f40b6c2f42cc41a342b9e,https://dexscreener.com/robinhood/0x69228138876a282f3b8fb90fa14573d343e36e60be7f40b6c2f42cc41a342b9e,2026-09-02T00:25:24+00:00,21269.19,251.25,2,1,2.126e-05,v4
2026-09-06T06:20:08.648016+00:00,SNOW,Snowflake • Robinhood Token,0xba0cab75495255d0cb58e22b648bfed4ecd1f47e,https://robinhoodchain.blockscout.com/token/0xba0cab75495255d0cb58e22b648bfed4ecd1f47e,BALL,Snowball,0x4096915671c265d09c450d1b845b9ffca9481e18,https://robinhoodchain.blockscout.com/token/0x4096915671c265d09c450d1b845b9ffca9481e18,uniswap,0xa1536e987db1f688b89053e67bde69a443bf06931f4e095b9c22e95f242d85a0,https://dexscreener.com/robinhood/0xa1536e987db1f688b89053e67bde69a443bf06931f4e095b9c22e95f242d85a0,2026-09-05T21:07:22+00:00,21256.5,6347.3,29,28,2.123e-05,v4
2026-09-06T06:18:54.926065+00:00,COIN,Coinbase • Robinhood Token,0x6330d8c3178a418788df01a47479c0ce7ccf450b,https://robinhoodchain.blockscout.com/token/0x6330d8c3178a418788df01a47479c0ce7ccf450b,THECOlN,the,0x10c8dd617f43d0e6ef13298c866fdcc62ca21e18,https://robinhoodchain.blockscout.com/token/0x10c8dd617f43d0e6ef13298c866fdcc62ca21e18,uniswap,0xcde0ab1dae5a48690212b881a83e462905d389d0e1cf78c3dd810620616078a3,https://dexscreener.com/robinhood/0xcde0ab1dae5a48690212b881a83e462905d389d0e1cf78c3dd810620616078a3,2026-09-05T17:08:48+00:00,21245.59,5309.66,37,38,2.124e-05,v4
2026-09-06T06:18:54.926065+00:00,COIN,Coinbase • Robinhood Token,0x6330d8c3178a418788df01a47479c0ce7ccf450b,https://robinhoodchain.blockscout.com/token/0x6330d8c3178a418788df01a47479c0ce7ccf450b,COlN,the,0x64169a7224db16d43562ad5b62fc775daf361e18,https://robinhoodchain.blockscout.com/token/0x64169a7224db16d43562ad5b62fc775daf361e18,uniswap,0x06f24bb813ab468a2455eb07fb775ffc62d3fbb4dea2f24d7dfcb2b2286603cb,https://dexscreener.com/robinhood/0x06f24bb813ab468a2455eb07fb775ffc62d3fbb4dea2f24d7dfcb2b2286603cb,2026-09-05T17:08:20+00:00,21245.34,5052.77,59,58,2.124e-05,v4
2026-09-06T06:20:04.904459+00:00,SKHY,SK hynix Inc. American Depositary Shares • Robinhood Token,0x84cab63bc87912e71ad199ff14a0ba45de68fef8,https://robinhoodchain.blockscout.com/token/0x84cab63bc87912e71ad199ff14a0ba45de68fef8,MAX,max,0x392399769c1e9a4d059a55fe654cfd16e4e01e18,https://robinhoodchain.blockscout.com/token/0x392399769c1e9a4d059a55fe654cfd16e4e01e18,uniswap,0x21571b0118815558d789fcecae488ab1fc51b4382adb3e4a86c3df5175c3fd42,https://dexscreener.com/robinhood/0x21571b0118815558d789fcecae488ab1fc51b4382adb3e4a86c3df5175c3fd42,2026-09-04T12:38:11+00:00,21245.23,10.4,2,1,2.116e-05,v4
2026-09-06T06:19:30.962397+00:00,META,Meta Platforms • Robinhood Token,0xc0d6457c16cc70d6790dd43521c899c87ce02f35,https://robinhoodchain.blockscout.com/token/0xc0d6457c16cc70d6790dd43521c899c87ce02f35,VRC,VR CAT,0x4921d4fcf4abb9e1d73ddadc3520d7bb5d6c1e18,https://robinhoodchain.blockscout.com/token/0x4921d4fcf4abb9e1d73ddadc3520d7bb5d6c1e18,uniswap,0xb3205f39376df5c8fe4550bb78d320699ea15321cefbda4ece56d2ad70da0334,https://dexscreener.com/robinhood/0xb3205f39376df5c8fe4550bb78d320699ea15321cefbda4ece56d2ad70da0334,2026-09-03T04:57:35+00:00,21230.09,100.63,2,1,2.093e-05,v4
2026-09-06T06:20:08.648016+00:00,SNOW,Snowflake • Robinhood Token,0xba0cab75495255d0cb58e22b648bfed4ecd1f47e,https://robinhoodchain.blockscout.com/token/0xba0cab75495255d0cb58e22b648bfed4ecd1f47e,COKAINE,Coca cokaine,0x373a03a08d1eced892f808c5396f75d92d4d1e18,https://robinhoodchain.blockscout.com/token/0x373a03a08d1eced892f808c5396f75d92d4d1e18,uniswap,0x40d49d8d931acf0ef40e23857f42f9502e0caba7d3bc15f5d5abcc7dfd3fc4f0,https://dexscreener.com/robinhood/0x40d49d8d931acf0ef40e23857f42f9502e0caba7d3bc15f5d5abcc7dfd3fc4f0,2026-09-05T21:57:08+00:00,21229.99,10329.83,75,81,2.12e-05,v4
2026-09-06T06:19:46.455443+00:00,ORCL,Oracle • Robinhood Token,0xb0992820e760d836549ba69bc7598b4af75dee03,https://robinhoodchain.blockscout.com/token/0xb0992820e760d836549ba69bc7598b4af75dee03,L,Loracle,0x161902b361e324a1bd98997eb79fc32e38961e18,https://robinhoodchain.blockscout.com/token/0x161902b361e324a1bd98997eb79fc32e38961e18,uniswap,0x6d0afc088ac08726c7bea92d861d2eda1640cc2fca81aa5ba1b6b3958cf299b7,https://dexscreener.com/robinhood/0x6d0afc088ac08726c7bea92d861d2eda1640cc2fca81aa5ba1b6b3958cf299b7,2026-09-03T19:13:44+00:00,21222.34,5997.62,64,65,2.119e-05,v4
2026-09-06T06:19:33.012710+00:00,MRNA,Moderna • Robinhood Token,0x43b07d15ce533bec5476d70c22a78a1b2b662155,https://robinhoodchain.blockscout.com/token/0x43b07d15ce533bec5476d70c22a78a1b2b662155,RAT,mRAT,0xe0bcb8f2ccddc392cbc3938115528363d23a1e18,https://robinhoodchain.blockscout.com/token/0xe0bcb8f2ccddc392cbc3938115528363d23a1e18,uniswap,0xb6ceabd5a6b46c9685e1013c7189fc75a9bf4ca225de1a52355d288763821f8f,https://dexscreener.com/robinhood/0xb6ceabd5a6b46c9685e1013c7189fc75a9bf4ca225de1a52355d288763821f8f,2026-09-05T13:34:42+00:00,21202.89,4207.61,32,37,2.117e-05,v4
2026-09-06T06:18:45.221065+00:00,BABA,Alibaba • Robinhood Token,0xad25ac6c84d497db898fa1e8387bf6af3532a1c4,https://robinhoodchain.blockscout.com/token/0xad25ac6c84d497db898fa1e8387bf6af3532a1c4,VC,Voice Cat,0x50e36273bae9b9de25c4d99afad5bd9d65f91e18,https://robinhoodchain.blockscout.com/token/0x50e36273bae9b9de25c4d99afad5bd9d65f91e18,uniswap,0xb1da47c4b85aa0b39976ba134a926fa1f121e577a58bc9dca4a5f0ca974492e4,https://dexscreener.com/robinhood/0xb1da47c4b85aa0b39976ba134a926fa1f121e577a58bc9dca4a5f0ca974492e4,2026-09-03T17:16:48+00:00,21190.86,0.0,0,3,2.119e-05,v4
2026-09-06T06:19:04.693077+00:00,FIG,Figma • Robinhood Token,0x41f4267525a8aff329540ef24fd83d9044758b33,https://robinhoodchain.blockscout.com/token/0x41f4267525a8aff329540ef24fd83d9044758b33,LLGMA,LIGMA,0x5d18458744926671089807cb209348b9f64c1e18,https://robinhoodchain.blockscout.com/token/0x5d18458744926671089807cb209348b9f64c1e18,uniswap,0x581bbd7c506401fde7082d3d3e87189814b3ec656e8e1695bb385056d5ae087b,https://dexscreener.com/robinhood/0x581bbd7c506401fde7082d3d3e87189814b3ec656e8e1695bb385056d5ae087b,2026-09-02T00:37:45+00:00,21122.06,338.12,6,3,2.105e-05,v4
2026-09-06T06:20:08.648016+00:00,SNOW,Snowflake • Robinhood Token,0xba0cab75495255d0cb58e22b648bfed4ecd1f47e,https://robinhoodchain.blockscout.com/token/0xba0cab75495255d0cb58e22b648bfed4ecd1f47e,BUNNIES,SNOW,0xb1945d25e0502343b1512bd2485cac291efb1e18,https://robinhoodchain.blockscout.com/token/0xb1945d25e0502343b1512bd2485cac291efb1e18,uniswap,0x71049430943d1b2fefce9d4b0420f7628decd6cd11b8f952adde6c109367ee30,https://dexscreener.com/robinhood/0x71049430943d1b2fefce9d4b0420f7628decd6cd11b8f952adde6c109367ee30,2026-09-05T21:15:47+00:00,21112.36,34820.24,336,345,2.103e-05,v4
2026-09-06T06:19:33.012710+00:00,MRNA,Moderna • Robinhood Token,0x43b07d15ce533bec5476d70c22a78a1b2b662155,https://robinhoodchain.blockscout.com/token/0x43b07d15ce533bec5476d70c22a78a1b2b662155,CANCER,RIP,0xda66396ead039719c253a1ca2ff3647e81d41e18,https://robinhoodchain.blockscout.com/token/0xda66396ead039719c253a1ca2ff3647e81d41e18,uniswap,0x6da7a3bed4e1df909207af9a606fb20ee67ee21ea82575dda45ae29413a9b4c7,https://dexscreener.com/robinhood/0x6da7a3bed4e1df909207af9a606fb20ee67ee21ea82575dda45ae29413a9b4c7,2026-09-03T16:48:17+00:00,21101.78,5.8,2,1,2.1e-05,v4
2026-09-06T06:19:57.459118+00:00,QUBT,Quantum Computing • Robinhood Token,0x59818904ab4ce163b3ce4ffb64f2d6ca02c434b4,https://robinhoodchain.blockscout.com/token/0x59818904ab4ce163b3ce4ffb64f2d6ca02c434b4,SCAT,Schrödinger Cat,0xee61933d0c099b42d2f27b9b0e238100a7b81e18,https://robinhoodchain.blockscout.com/token/0xee61933d0c099b42d2f27b9b0e238100a7b81e18,uniswap,0xe22a536c4ed371ebe823c8e94ecb092826db151c870383d92c6804e5333f6613,https://dexscreener.com/robinhood/0xe22a536c4ed371ebe823c8e94ecb092826db151c870383d92c6804e5333f6613,2026-09-02T01:24:17+00:00,21092.57,3.06,2,1,2.094e-05,v4
2026-09-06T06:18:44.582363+00:00,BA,Boeing • Robinhood Token,0x4d21483a44bf67a86b77e3da301411880797d452,https://robinhoodchain.blockscout.com/token/0x4d21483a44bf67a86b77e3da301411880797d452,DTM,Duct-Taped Man,0xb1beb0f9ce26ef864cff012efe701ca9d2761e18,https://robinhoodchain.blockscout.com/token/0xb1beb0f9ce26ef864cff012efe701ca9d2761e18,uniswap,0x47343a7b3b78d488393d64e352dde3df431bf3af055abfb1e2a33f0a3f307b7a,https://dexscreener.com/robinhood/0x47343a7b3b78d488393d64e352dde3df431bf3af055abfb1e2a33f0a3f307b7a,2026-09-04T18:17:26+00:00,21081.93,153.53,1,9,2.108e-05,v4
2026-09-06T06:20:08.648016+00:00,SNOW,Snowflake • Robinhood Token,0xba0cab75495255d0cb58e22b648bfed4ecd1f47e,https://robinhoodchain.blockscout.com/token/0xba0cab75495255d0cb58e22b648bfed4ecd1f47e,BOOMERS,Boomerflakes,0x5421eab79e399aa3f77cfada3a8e8463a7691e18,https://robinhoodchain.blockscout.com/token/0x5421eab79e399aa3f77cfada3a8e8463a7691e18,uniswap,0xc3eb8ecdb6568756dbbc94f57b78fa302bae789de2019b4da1c841f32940b79d,https://dexscreener.com/robinhood/0xc3eb8ecdb6568756dbbc94f57b78fa302bae789de2019b4da1c841f32940b79d,2026-09-06T01:16:50+00:00,21079.22,5525.25,53,55,2.104e-05,v4
2026-09-06T06:18:31.051101+00:00,ABCL,Abcellera Biologics • Robinhood Token,0x3139d77ace0cbaa5bdfd38bd1f1911a794af0b0e,https://robinhoodchain.blockscout.com/token/0x3139d77ace0cbaa5bdfd38bd1f1911a794af0b0e,FRYGUY,Fry Guy,0x82c8fd5ab4db66323f1178f5b92238cc5afb1e18,https://robinhoodchain.blockscout.com/token/0x82c8fd5ab4db66323f1178f5b92238cc5afb1e18,uniswap,0xd35b4a892fa6cab474550938cffa9e9617cd6c5bd4abcca2b913f5b903063fc5,https://dexscreener.com/robinhood/0xd35b4a892fa6cab474550938cffa9e9617cd6c5bd4abcca2b913f5b903063fc5,2026-09-03T21:07:05+00:00,21074.5,44.73,2,1,2.124e-05,v4
2026-09-06T06:19:57.459118+00:00,QUBT,Quantum Computing • Robinhood Token,0x59818904ab4ce163b3ce4ffb64f2d6ca02c434b4,https://robinhoodchain.blockscout.com/token/0x59818904ab4ce163b3ce4ffb64f2d6ca02c434b4,SATOSHI,SATOSHI COIN,0xef0a8cd69e448d5c9e2c9339edd7b682ab161e18,https://robinhoodchain.blockscout.com/token/0xef0a8cd69e448d5c9e2c9339edd7b682ab161e18,uniswap,0x039bc80bcc66be13ac823433d951bdf999c9cc34bae7890bff45e8d740859dec,https://dexscreener.com/robinhood/0x039bc80bcc66be13ac823433d951bdf999c9cc34bae7890bff45e8d740859dec,2026-09-05T13:06:21+00:00,21041.02,31631.0,259,266,2.095e-05,v4
2026-09-06T06:19:03.182999+00:00,F,Ford Motor • Robinhood Token,0x25c288e6d899b9bc30160965ad9644c67e73be0c,https://robinhoodchain.blockscout.com/token/0x25c288e6d899b9bc30160965ad9644c67e73be0c,TZY,tzy,0x6d588543a28e34ac003cbe1cc763bfd6969a1e18,https://robinhoodchain.blockscout.com/token/0x6d588543a28e34ac003cbe1cc763bfd6969a1e18,uniswap,0x3e76279ff03a061420816b16d5bc890cc573a70a3de22923000dcf72e38528b2,https://dexscreener.com/robinhood/0x3e76279ff03a061420816b16d5bc890cc573a70a3de22923000dcf72e38528b2,2026-09-03T21:14:24+00:00,21040.03,2.5,2,1,2.125e-05,v4
2026-09-06T06:18:47.213404+00:00,BULL,Webull • Robinhood Token,0xcef9027c7d6985b85f0ba431125073529a947a68,https://robinhoodchain.blockscout.com/token/0xcef9027c7d6985b85f0ba431125073529a947a68,GREEN,GREENBULL,0x7836f0cf160efb26981d895a48c069495f961e18,https://robinhoodchain.blockscout.com/token/0x7836f0cf160efb26981d895a48c069495f961e18,uniswap,0x5270540d492ea7c51b8c41b2af910309fc6b1f7f2b9aaf940b0476002d2ae960,https://dexscreener.com/robinhood/0x5270540d492ea7c51b8c41b2af910309fc6b1f7f2b9aaf940b0476002d2ae960,2026-09-04T03:58:42+00:00,21025.21,642.0,10,5,2.123e-05,v4
2026-09-06T06:19:48.816667+00:00,PANW,Palo Alto Networks • Robinhood Token,0xb039597ed45cba7b6e2fb9e8be51802969cee5be,https://robinhoodchain.blockscout.com/token/0xb039597ed45cba7b6e2fb9e8be51802969cee5be,NEXTGENFIRE,Next Generation,0x3834e5e8644d073373074ebba77af403017a1e18,https://robinhoodchain.blockscout.com/token/0x3834e5e8644d073373074ebba77af403017a1e18,uniswap,0x679ea9575070380e634d41ce3eda76977d0e26ab7721a3c9ec036371fad7376d,https://dexscreener.com/robinhood/0x679ea9575070380e634d41ce3eda76977d0e26ab7721a3c9ec036371fad7376d,2026-09-02T19:15:43+00:00,21023.4,4.12,2,1,2.099e-05,v4
2026-09-06T06:19:03.182999+00:00,F,Ford Motor • Robinhood Token,0x25c288e6d899b9bc30160965ad9644c67e73be0c,https://robinhoodchain.blockscout.com/token/0x25c288e6d899b9bc30160965ad9644c67e73be0c,BIKE,Bike for Dad,0x3771a4e11a669f560ea67cbf53631815936f1e18,https://robinhoodchain.blockscout.com/token/0x3771a4e11a669f560ea67cbf53631815936f1e18,uniswap,0x878713c364158c7da49a60ac869d8c832ccac53f16da589ac9ce1f52fea6ed24,https://dexscreener.com/robinhood/0x878713c364158c7da49a60ac869d8c832ccac53f16da589ac9ce1f52fea6ed24,2026-09-06T02:22:22+00:00,20999.64,155.17,5,7,2.1e-05,v4
2026-09-06T06:20:01.479682+00:00,RIVN,Rivian Automotive • Robinhood Token,0xb1bf26c1d20ff267a4f93550d1e0d06ac40a114b,https://robinhoodchain.blockscout.com/token/0xb1bf26c1d20ff267a4f93550d1e0d06ac40a114b,RIVIANX,rivian 50x,0x5bc6b75af81a874546494c083ebe6f36000d1e18,https://robinhoodchain.blockscout.com/token/0x5bc6b75af81a874546494c083ebe6f36000d1e18,uniswap,0xb0315c94a7488fd510677ca75005b84194c4286d3013ddf1cef48b3728c8a812,https://dexscreener.com/robinhood/0xb0315c94a7488fd510677ca75005b84194c4286d3013ddf1cef48b3728c8a812,2026-09-05T21:02:47+00:00,20969.8,608.95,3,3,2.096e-05,v4
2026-09-06T06:20:01.479682+00:00,RIVN,Rivian Automotive • Robinhood Token,0xb1bf26c1d20ff267a4f93550d1e0d06ac40a114b,https://robinhoodchain.blockscout.com/token/0xb1bf26c1d20ff267a4f93550d1e0d06ac40a114b,REEEEEEEEEEEEE,Korea Study,0x2ebc49073d9469fcad331a7b50138b3f05481e18,https://robinhoodchain.blockscout.com/token/0x2ebc49073d9469fcad331a7b50138b3f05481e18,uniswap,0x0cf97053080ef72f36b5f14a11850804de92b88fbc9ca21b9ecebfcc2ddf4d0a,https://dexscreener.com/robinhood/0x0cf97053080ef72f36b5f14a11850804de92b88fbc9ca21b9ecebfcc2ddf4d0a,2026-09-05T21:15:45+00:00,20948.81,152.05,3,3,2.094e-05,v4
2026-09-06T06:18:44.582363+00:00,BA,Boeing • Robinhood Token,0x4d21483a44bf67a86b77e3da301411880797d452,https://robinhoodchain.blockscout.com/token/0x4d21483a44bf67a86b77e3da301411880797d452,HORNBANANA,Horned Banana,0xbb4fa04985d77149aae3967ab0578059adcc1e18,https://robinhoodchain.blockscout.com/token/0xbb4fa04985d77149aae3967ab0578059adcc1e18,uniswap,0x7a1541e642de47d430b5b4f960d5e41e0620e29f7abfd28a2fd9c31de20223c0,https://dexscreener.com/robinhood/0x7a1541e642de47d430b5b4f960d5e41e0620e29f7abfd28a2fd9c31de20223c0,2026-09-05T18:46:51+00:00,20940.44,2995.82,14,13,2.093e-05,v4
2026-09-06T06:18:44.582363+00:00,BA,Boeing • Robinhood Token,0x4d21483a44bf67a86b77e3da301411880797d452,https://robinhoodchain.blockscout.com/token/0x4d21483a44bf67a86b77e3da301411880797d452,NOO,911,0xe1b547f2cc701348208f24af8e84cae8131e1e18,https://robinhoodchain.blockscout.com/token/0xe1b547f2cc701348208f24af8e84cae8131e1e18,uniswap,0x24da5c44d093e95b6bab64b4c185d0cd911ea3b5459ec4677e204345c60b1d4e,https://dexscreener.com/robinhood/0x24da5c44d093e95b6bab64b4c185d0cd911ea3b5459ec4677e204345c60b1d4e,2026-09-05T10:51:38+00:00,20939.11,664.89,9,9,2.093e-05,v4
2026-09-06T06:20:15.476079+00:00,TSM,Taiwan Semiconductor Manufacturing • Robinhood Token,0x58ffe4a942d3885baa22d7520691f611ef09e7aa,https://robinhoodchain.blockscout.com/token/0x58ffe4a942d3885baa22d7520691f611ef09e7aa,CHIPCOIN,CHIPCOIN,0xe430e70f9c4564cd61ba6d05ce6fc10c7df31e18,https://robinhoodchain.blockscout.com/token/0xe430e70f9c4564cd61ba6d05ce6fc10c7df31e18,uniswap,0x5a7a11465deb3f93554089ec5d3217371cd899599cad4f0f696674957bdeee4b,https://dexscreener.com/robinhood/0x5a7a11465deb3f93554089ec5d3217371cd899599cad4f0f696674957bdeee4b,2026-08-31T17:50:46+00:00,20930.83,497.71,2,1,2.076e-05,v4
2026-09-06T06:19:57.459118+00:00,QUBT,Quantum Computing • Robinhood Token,0x59818904ab4ce163b3ce4ffb64f2d6ca02c434b4,https://robinhoodchain.blockscout.com/token/0x59818904ab4ce163b3ce4ffb64f2d6ca02c434b4,QCAT,QUANTUMCAT,0xcf2c3dc6d5ea574c27089f8e5700725ec3e71e18,https://robinhoodchain.blockscout.com/token/0xcf2c3dc6d5ea574c27089f8e5700725ec3e71e18,uniswap,0x3283d60a99b7197d2cbe632e7072d37d02eb9a97f422bfd17451f3a2709ea018,https://dexscreener.com/robinhood/0x3283d60a99b7197d2cbe632e7072d37d02eb9a97f422bfd17451f3a2709ea018,2026-09-05T10:59:34+00:00,20928.83,102.25,4,5,2.092e-05,v4
2026-09-06T06:20:08.648016+00:00,SNOW,Snowflake • Robinhood Token,0xba0cab75495255d0cb58e22b648bfed4ecd1f47e,https://robinhoodchain.blockscout.com/token/0xba0cab75495255d0cb58e22b648bfed4ecd1f47e,SNOWFLAKE,The Snowflake,0x2ae9e370188dbafdeb1ed8ea11b71be25aa61e18,https://robinhoodchain.blockscout.com/token/0x2ae9e370188dbafdeb1ed8ea11b71be25aa61e18,uniswap,0xf26260f836cd82d0df42db609a210633228b4d13a944a5626850afc166001b68,https://dexscreener.com/robinhood/0xf26260f836cd82d0df42db609a210633228b4d13a944a5626850afc166001b68,2026-09-05T20:59:37+00:00,20927.81,22515.44,237,201,2.048e-05,v4
2026-09-06T06:19:12.135033+00:00,GLXY,Galaxy Digital Inc. • Robinhood Token,0x2d427692e928fa156ec22acfabafa0447c5805b7,https://robinhoodchain.blockscout.com/token/0x2d427692e928fa156ec22acfabafa0447c5805b7,GAS,Galaxy Gas,0xaaf02a450536e6348b3ac05cd62d659df3d71e18,https://robinhoodchain.blockscout.com/token/0xaaf02a450536e6348b3ac05cd62d659df3d71e18,uniswap,0x5bdc8044d4bbd0f74cfb9407bcaac0ca126e1d88c507adc56f9a7a13b654b9fb,https://dexscreener.com/robinhood/0x5bdc8044d4bbd0f74cfb9407bcaac0ca126e1d88c507adc56f9a7a13b654b9fb,2026-09-05T20:04:20+00:00,20915.37,103.83,8,16,2.112e-05,v4
2026-09-06T06:19:04.693077+00:00,FIG,Figma • Robinhood Token,0x41f4267525a8aff329540ef24fd83d9044758b33,https://robinhoodchain.blockscout.com/token/0x41f4267525a8aff329540ef24fd83d9044758b33,FG,Figma,0xc73ab56ebe0396d3ea93601d3989bb14db751e18,https://robinhoodchain.blockscout.com/token/0xc73ab56ebe0396d3ea93601d3989bb14db751e18,uniswap,0x07220b27b48f38207d5e22f4ede79444cc9fab3de76b61b367f0098aed584ea0,https://dexscreener.com/robinhood/0x07220b27b48f38207d5e22f4ede79444cc9fab3de76b61b367f0098aed584ea0,2026-09-04T23:02:17+00:00,20906.56,58.4,2,1,2.09e-05,v4
2026-09-06T06:18:44.582363+00:00,BA,Boeing • Robinhood Token,0x4d21483a44bf67a86b77e3da301411880797d452,https://robinhoodchain.blockscout.com/token/0x4d21483a44bf67a86b77e3da301411880797d452,BAGGAGE,BAGGAGE,0xe5ebc11b961ee6707989b6f333067ccba4861e18,https://robinhoodchain.blockscout.com/token/0xe5ebc11b961ee6707989b6f333067ccba4861e18,uniswap,0xe65529cb97ea41b9b9c3e89c61782af5b8a8cf723c09906f4e2c90546322ffe5,https://dexscreener.com/robinhood/0xe65529cb97ea41b9b9c3e89c61782af5b8a8cf723c09906f4e2c90546322ffe5,2026-09-05T18:38:32+00:00,20900.6,8140.89,139,167,2.087e-05,v4
2026-09-06T06:19:04.693077+00:00,FIG,Figma • Robinhood Token,0x41f4267525a8aff329540ef24fd83d9044758b33,https://robinhoodchain.blockscout.com/token/0x41f4267525a8aff329540ef24fd83d9044758b33,LIGMA,Ligmacoin,0x5fe5471351efc7ce043a2eadefba18f5556b1e18,https://robinhoodchain.blockscout.com/token/0x5fe5471351efc7ce043a2eadefba18f5556b1e18,uniswap,0x6268968a6e6a250095ead4eb8bdbd8416a111c5b10ce395f76a2e46917a5300a,https://dexscreener.com/robinhood/0x6268968a6e6a250095ead4eb8bdbd8416a111c5b10ce395f76a2e46917a5300a,2026-09-05T02:16:55+00:00,20898.09,4.91,4,2,2.088e-05,v4
2026-09-06T06:20:18.514194+00:00,UPS,UPS • Robinhood Token,0xf23250dac154d05bb671cb0d0ebef3c635c79ce2,https://robinhoodchain.blockscout.com/token/0xf23250dac154d05bb671cb0d0ebef3c635c79ce2,CHIN,CHIN/UPS,0xb41425debf932db1355eafcb28d4c06383721e18,https://robinhoodchain.blockscout.com/token/0xb41425debf932db1355eafcb28d4c06383721e18,uniswap,0xf8bb0b0c6918cee7c17cc326514750aee49ab940ae3483194701dadc9881ef62,https://dexscreener.com/robinhood/0xf8bb0b0c6918cee7c17cc326514750aee49ab940ae3483194701dadc9881ef62,2026-09-05T12:30:45+00:00,20890.1,53.68,40,80,2.089e-05,v4
2026-09-06T06:20:08.648016+00:00,SNOW,Snowflake • Robinhood Token,0xba0cab75495255d0cb58e22b648bfed4ecd1f47e,https://robinhoodchain.blockscout.com/token/0xba0cab75495255d0cb58e22b648bfed4ecd1f47e,ESCOBAR,PABLO ESCOBAR,0x5bd30d1cd7e6b318a3af5d09f2982e9764841e18,https://robinhoodchain.blockscout.com/token/0x5bd30d1cd7e6b318a3af5d09f2982e9764841e18,uniswap,0x53c6f009aef2da09c17317e9f03319042f6c3c1febe75bb6b9a1d58d73b2fbb7,https://dexscreener.com/robinhood/0x53c6f009aef2da09c17317e9f03319042f6c3c1febe75bb6b9a1d58d73b2fbb7,2026-09-05T20:59:09+00:00,20880.77,38588.86,413,403,2.043e-05,v4
2026-09-06T06:20:03.825738+00:00,SHOP,Shopify • Robinhood Token,0xf53f66751b1eff985311b693531e3290f600c410,https://robinhoodchain.blockscout.com/token/0xf53f66751b1eff985311b693531e3290f600c410,MAGICMONEY,Magic Money,0x65ce9f85e17d8bc57d2af249e75554d653381e18,https://robinhoodchain.blockscout.com/token/0x65ce9f85e17d8bc57d2af249e75554d653381e18,uniswap,0xa046c359a2628e759e7a708ecb2c13d63a8e38b76be6fdc73677810fa9029be9,https://dexscreener.com/robinhood/0xa046c359a2628e759e7a708ecb2c13d63a8e38b76be6fdc73677810fa9029be9,2026-09-06T01:21:02+00:00,20875.03,10.0,3,3,2.087e-05,v4
2026-09-06T06:20:01.479682+00:00,RIVN,Rivian Automotive • Robinhood Token,0xb1bf26c1d20ff267a4f93550d1e0d06ac40a114b,https://robinhoodchain.blockscout.com/token/0xb1bf26c1d20ff267a4f93550d1e0d06ac40a114b,BEAM,RivnLightCopium,0x8c9451a0110e5b6044cd9764b9c992800ae81e18,https://robinhoodchain.blockscout.com/token/0x8c9451a0110e5b6044cd9764b9c992800ae81e18,uniswap,0xc63cd5d6a998eeda0e9b461a4eac81b64e9612e8367dc70bbceb4959101bfd69,https://dexscreener.com/robinhood/0xc63cd5d6a998eeda0e9b461a4eac81b64e9612e8367dc70bbceb4959101bfd69,2026-09-05T21:46:30+00:00,20874.08,251.58,6,6,2.087e-05,v4
2026-09-06T06:19:51.064239+00:00,PFE,Pfizer • Robinhood Token,0x7066a64c24e4206cd62e83bf198c1e7eb361f51e,https://robinhoodchain.blockscout.com/token/0x7066a64c24e4206cd62e83bf198c1e7eb361f51e,CHIPS,chips,0xa4a710cdb9eb935b7c1f3a5964fb3a9699101e18,https://robinhoodchain.blockscout.com/token/0xa4a710cdb9eb935b7c1f3a5964fb3a9699101e18,uniswap,0xb8cdd00588ea0f4f6aab898eda1c33c85e1249e6f91e738ec85b089051bbc5e5,https://dexscreener.com/robinhood/0xb8cdd00588ea0f4f6aab898eda1c33c85e1249e6f91e738ec85b089051bbc5e5,2026-09-06T02:13:10+00:00,20870.76,41.36,3,3,2.087e-05,v4
2026-09-06T06:20:15.476079+00:00,TSM,Taiwan Semiconductor Manufacturing • Robinhood Token,0x58ffe4a942d3885baa22d7520691f611ef09e7aa,https://robinhoodchain.blockscout.com/token/0x58ffe4a942d3885baa22d7520691f611ef09e7aa,TSM,this shit moons,0x7e9231bef35e9720bf8f6948f783f53619db1e18,https://robinhoodchain.blockscout.com/token/0x7e9231bef35e9720bf8f6948f783f53619db1e18,uniswap,0xab2d3fd9de67feae608e7609ba6a0395e91518a80cbbba43d9da181978678571,https://dexscreener.com/robinhood/0xab2d3fd9de67feae608e7609ba6a0395e91518a80cbbba43d9da181978678571,2026-09-05T04:54:53+00:00,20864.56,795.92,18,9,2.078e-05,v4
2026-09-06T06:18:56.031479+00:00,CRCL,Circle Internet Group • Robinhood Token,0xdf0992e440dd0be65bd8439b609d6d4366bf1cb5,https://robinhoodchain.blockscout.com/token/0xdf0992e440dd0be65bd8439b609d6d4366bf1cb5,JERKING,Circle Jerking,0x21a6156e92a86cdd9f3ef07fbafb1e698a131e18,https://robinhoodchain.blockscout.com/token/0x21a6156e92a86cdd9f3ef07fbafb1e698a131e18,uniswap,0x01880d73486d8b479f4ac4c68002b702d88ac8cbfd9282c6c93922a803ed0757,https://dexscreener.com/robinhood/0x01880d73486d8b479f4ac4c68002b702d88ac8cbfd9282c6c93922a803ed0757,2026-09-04T01:44:14+00:00,20843.44,18.37,2,1,2.089e-05,v4
2026-09-06T06:18:46.378627+00:00,BE,Bloom Energy • Robinhood Token,0x822cc93ffd030293e9842c30bbd678f530701867,https://robinhoodchain.blockscout.com/token/0x822cc93ffd030293e9842c30bbd678f530701867,BA,Babe,0x72d9c8b78b7578df211cf00893df528b78f21e18,https://robinhoodchain.blockscout.com/token/0x72d9c8b78b7578df211cf00893df528b78f21e18,uniswap,0xcf501ce7ed58311719dfad3a0b101901688cdbd6026db010439e40a74e119fb0,https://dexscreener.com/robinhood/0xcf501ce7ed58311719dfad3a0b101901688cdbd6026db010439e40a74e119fb0,2026-09-05T17:23:27+00:00,20832.92,1286.27,14,16,2.082e-05,v4
2026-09-06T06:19:04.693077+00:00,FIG,Figma • Robinhood Token,0x41f4267525a8aff329540ef24fd83d9044758b33,https://robinhoodchain.blockscout.com/token/0x41f4267525a8aff329540ef24fd83d9044758b33,LIGMABALLS,Ligma,0x7e71a0b84b010f0dbf1be190636a0157e1221e18,https://robinhoodchain.blockscout.com/token/0x7e71a0b84b010f0dbf1be190636a0157e1221e18,uniswap,0xae327368e71794001a389e937d6494071becd2f4f77660789754d3a146ba8c84,https://dexscreener.com/robinhood/0xae327368e71794001a389e937d6494071becd2f4f77660789754d3a146ba8c84,2026-09-02T00:44:06+00:00,20822.79,337.12,6,3,2.075e-05,v4
2026-09-06T06:18:39.560976+00:00,ASML,ASML Holding NV • Robinhood Token,0x47f93d52cbec7c6d2cfc080e154002370a60daea,https://robinhoodchain.blockscout.com/token/0x47f93d52cbec7c6d2cfc080e154002370a60daea,CHD,CHIPDOGE,0x51224fadae398192b137cb00d46dbb3b99401e18,https://robinhoodchain.blockscout.com/token/0x51224fadae398192b137cb00d46dbb3b99401e18,uniswap,0x902aea68daee062e355e4dbb7707983f670824f7aa508094d4ae532b52956215,https://dexscreener.com/robinhood/0x902aea68daee062e355e4dbb7707983f670824f7aa508094d4ae532b52956215,2026-09-05T09:08:27+00:00,20818.79,1211.18,12,12,2.081e-05,v4
2026-09-06T06:19:08.337910+00:00,FTNT,Fortinet • Robinhood Token,0x3fb8976980d486084b2eb4a404bd12e72823958f,https://robinhoodchain.blockscout.com/token/0x3fb8976980d486084b2eb4a404bd12e72823958f,OWNSILICON,Their Own Silicon,0x78cc536daad7f0324de86ebbab9235ad01101e18,https://robinhoodchain.blockscout.com/token/0x78cc536daad7f0324de86ebbab9235ad01101e18,uniswap,0xb5ce4598cf8bbb554e40808bb0764d30c28a4451430fa1461381aec4134fc17a,https://dexscreener.com/robinhood/0xb5ce4598cf8bbb554e40808bb0764d30c28a4451430fa1461381aec4134fc17a,2026-09-03T00:36:57+00:00,20797.67,377.04,16,8,2.078e-05,v4
2026-09-06T06:19:04.693077+00:00,FIG,Figma • Robinhood Token,0x41f4267525a8aff329540ef24fd83d9044758b33,https://robinhoodchain.blockscout.com/token/0x41f4267525a8aff329540ef24fd83d9044758b33,CANVAS,Canvas Vigma,0x63c0a0f20b83bcaddb66e88e82e50b79d7451e18,https://robinhoodchain.blockscout.com/token/0x63c0a0f20b83bcaddb66e88e82e50b79d7451e18,uniswap,0xa15cb6d4ca61eb13392acf39142f04505ffe3eed6b13313f838826ae15a973f0,https://dexscreener.com/robinhood/0xa15cb6d4ca61eb13392acf39142f04505ffe3eed6b13313f838826ae15a973f0,2026-09-04T22:34:26+00:00,20791.35,1.31,2,1,2.075e-05,v4
2026-09-06T06:20:08.648016+00:00,SNOW,Snowflake • Robinhood Token,0xba0cab75495255d0cb58e22b648bfed4ecd1f47e,https://robinhoodchain.blockscout.com/token/0xba0cab75495255d0cb58e22b648bfed4ecd1f47e,SNOB,SNOB,0xadb8bdf8dc78f24409eaf32d273b31c358691e18,https://robinhoodchain.blockscout.com/token/0xadb8bdf8dc78f24409eaf32d273b31c358691e18,uniswap,0x7c6a22efcff5c079afacb495a6323473c12f07b80e68847d9095689ebd2856a1,https://dexscreener.com/robinhood/0x7c6a22efcff5c079afacb495a6323473c12f07b80e68847d9095689ebd2856a1,2026-09-05T21:10:56+00:00,20784.28,21726.48,154,161,2.061e-05,v4
2026-09-06T06:19:03.182999+00:00,F,Ford Motor • Robinhood Token,0x25c288e6d899b9bc30160965ad9644c67e73be0c,https://robinhoodchain.blockscout.com/token/0x25c288e6d899b9bc30160965ad9644c67e73be0c,NUCLEON,The Ford Nucleon,0xe5ebff5f7947179b48812147163f20b61dc81e18,https://robinhoodchain.blockscout.com/token/0xe5ebff5f7947179b48812147163f20b61dc81e18,uniswap,0x64d6abde3a6578862483c892a43f95973195f303af5568107a91e069c03a7b11,https://dexscreener.com/robinhood/0x64d6abde3a6578862483c892a43f95973195f303af5568107a91e069c03a7b11,2026-09-05T20:52:12+00:00,20773.81,100.45,6,6,2.077e-05,v4
2026-09-06T06:19:03.182999+00:00,F,Ford Motor • Robinhood Token,0x25c288e6d899b9bc30160965ad9644c67e73be0c,https://robinhoodchain.blockscout.com/token/0x25c288e6d899b9bc30160965ad9644c67e73be0c,TINLIZZIE,Ford Model T,0x9db61745f798246eb56b55fa635be030d6731e18,https://robinhoodchain.blockscout.com/token/0x9db61745f798246eb56b55fa635be030d6731e18,uniswap,0x1755be2162bf44aa015bd0422eb08c3899df5bf4ee08b49ff8119319d9f14c59,https://dexscreener.com/robinhood/0x1755be2162bf44aa015bd0422eb08c3899df5bf4ee08b49ff8119319d9f14c59,2026-09-05T22:26:17+00:00,20761.06,3510.93,27,27,2.075e-05,v4
2026-09-06T06:19:38.273663+00:00,NBIS,Nebius Group • Robinhood Token,0x9d9c6684f596f66a64c030b93a886d51fd4d7931,https://robinhoodchain.blockscout.com/token/0x9d9c6684f596f66a64c030b93a886d51fd4d7931,NEBIUS,Nebus Grup,0x056b046ce7bb17ebfa56a8ad8f8fc644bf021e18,https://robinhoodchain.blockscout.com/token/0x056b046ce7bb17ebfa56a8ad8f8fc644bf021e18,uniswap,0x782ea9c9bf109d1e2b4a04fdd1d22d1b2b8806bfe44589bc6815d3e81488d1db,https://dexscreener.com/robinhood/0x782ea9c9bf109d1e2b4a04fdd1d22d1b2b8806bfe44589bc6815d3e81488d1db,2026-09-05T21:10:25+00:00,20752.12,0.0,1,2,2.075e-05,v4
2026-09-06T06:19:03.182999+00:00,F,Ford Motor • Robinhood Token,0x25c288e6d899b9bc30160965ad9644c67e73be0c,https://robinhoodchain.blockscout.com/token/0x25c288e6d899b9bc30160965ad9644c67e73be0c,TRUCK,truck,0xe1a00f8a17f24300311b249b6f63e35473931e18,https://robinhoodchain.blockscout.com/token/0xe1a00f8a17f24300311b249b6f63e35473931e18,uniswap,0x4052c24a18f6d18ff010a4fff025b2d479901b67d9bf52da5635a85feb7d5df7,https://dexscreener.com/robinhood/0x4052c24a18f6d18ff010a4fff025b2d479901b67d9bf52da5635a85feb7d5df7,2026-09-06T04:48:22+00:00,20749.48,0.03,3,3,2.074e-05,v4
2026-09-06T06:18:45.799965+00:00,BB,Blackberry • Robinhood Token,0x48e39e56acdba37b09020c0b734a613c9a2f100a,https://robinhoodchain.blockscout.com/token/0x48e39e56acdba37b09020c0b734a613c9a2f100a,BIGBOOTY,Big Booty,0xf777553f9d34e3943d36963a4b28c28971d21e18,https://robinhoodchain.blockscout.com/token/0xf777553f9d34e3943d36963a4b28c28971d21e18,uniswap,0x0d0d4181de275f482d1d97985cbdce15a49df7e43babbdca1c8723917a2ddf29,https://dexscreener.com/robinhood/0x0d0d4181de275f482d1d97985cbdce15a49df7e43babbdca1c8723917a2ddf29,2026-09-04T07:22:01+00:00,20742.45,5.9,6,3,2.058e-05,v4
2026-09-06T06:18:45.799965+00:00,BB,Blackberry • Robinhood Token,0x48e39e56acdba37b09020c0b734a613c9a2f100a,https://robinhoodchain.blockscout.com/token/0x48e39e56acdba37b09020c0b734a613c9a2f100a,HUSH,Hushmunk,0x8904fab94d1b58d8690abd215dd3e86ffbe71e18,https://robinhoodchain.blockscout.com/token/0x8904fab94d1b58d8690abd215dd3e86ffbe71e18,uniswap,0x0941fde3c10f13c9d7eeb010416b69ccca346e522e5b2dec89860072c4ea6c32,https://dexscreener.com/robinhood/0x0941fde3c10f13c9d7eeb010416b69ccca346e522e5b2dec89860072c4ea6c32,2026-09-05T15:06:24+00:00,20720.19,2167.8,25,26,2.071e-05,v4
2026-09-06T06:18:45.799965+00:00,BB,Blackberry • Robinhood Token,0x48e39e56acdba37b09020c0b734a613c9a2f100a,https://robinhoodchain.blockscout.com/token/0x48e39e56acdba37b09020c0b734a613c9a2f100a,THUMB,Still Typing,0xd650e7290b1e21367bc8ea512ea457e81a4d1e18,https://robinhoodchain.blockscout.com/token/0xd650e7290b1e21367bc8ea512ea457e81a4d1e18,uniswap,0xf5626db61f21249ea4943d8dd69e0dd561d859e9fdff4a672545a85a3bbbe43d,https://dexscreener.com/robinhood/0xf5626db61f21249ea4943d8dd69e0dd561d859e9fdff4a672545a85a3bbbe43d,2026-09-01T16:19:51+00:00,20695.0,62.27,7,5,2.045e-05,v4
2026-09-06T06:19:03.182999+00:00,F,Ford Motor • Robinhood Token,0x25c288e6d899b9bc30160965ad9644c67e73be0c,https://robinhoodchain.blockscout.com/token/0x25c288e6d899b9bc30160965ad9644c67e73be0c,UCK,Fuck,0x7f0540f5a33c13a6bdbdbdcc67a166e1e6c61e18,https://robinhoodchain.blockscout.com/token/0x7f0540f5a33c13a6bdbdbdcc67a166e1e6c61e18,uniswap,0x9b18d752b6b014cdb4fe6ff0ab6ce48173cc5e0c97fbc67b9c131549ab520369,https://dexscreener.com/robinhood/0x9b18d752b6b014cdb4fe6ff0ab6ce48173cc5e0c97fbc67b9c131549ab520369,2026-09-06T02:58:24+00:00,20694.5,0.0,3,3,2.069e-05,v4
2026-09-06T06:19:46.455443+00:00,ORCL,Oracle • Robinhood Token,0xb0992820e760d836549ba69bc7598b4af75dee03,https://robinhoodchain.blockscout.com/token/0xb0992820e760d836549ba69bc7598b4af75dee03,L,Loser oracle,0x5fb9a2614fbcf5de0f28630197e94d22b3411e18,https://robinhoodchain.blockscout.com/token/0x5fb9a2614fbcf5de0f28630197e94d22b3411e18,uniswap,0x720f64a7be83f2b20ac790b7438f5c308e6ceb6ae6694436128048510d2daf63,https://dexscreener.com/robinhood/0x720f64a7be83f2b20ac790b7438f5c308e6ceb6ae6694436128048510d2daf63,2026-09-06T01:13:21+00:00,20670.16,3539.45,21,21,2.066e-05,v4
2026-09-06T06:19:46.455443+00:00,ORCL,Oracle • Robinhood Token,0xb0992820e760d836549ba69bc7598b4af75dee03,https://robinhoodchain.blockscout.com/token/0xb0992820e760d836549ba69bc7598b4af75dee03,LORACLE,L,0x150ee691120953bc62e9ab8943768d166f681e18,https://robinhoodchain.blockscout.com/token/0x150ee691120953bc62e9ab8943768d166f681e18,uniswap,0xdb9ca1a9924a4e8d3a64ee2b2151d78c413080f3b0fbff234f8a7795fe5ce5fe,https://dexscreener.com/robinhood/0xdb9ca1a9924a4e8d3a64ee2b2151d78c413080f3b0fbff234f8a7795fe5ce5fe,2026-09-05T21:30:34+00:00,20667.38,697.31,6,6,2.065e-05,v4
2026-09-06T06:18:44.582363+00:00,BA,Boeing • Robinhood Token,0x4d21483a44bf67a86b77e3da301411880797d452,https://robinhoodchain.blockscout.com/token/0x4d21483a44bf67a86b77e3da301411880797d452,DEPORT,Deport them all,0x763527d9d56de73bc42192a48fd47fc8c28f1e18,https://robinhoodchain.blockscout.com/token/0x763527d9d56de73bc42192a48fd47fc8c28f1e18,uniswap,0x2fc16a389402bfa78d77d19b5740939805c85db4ab00c2ad3cba4aceef965100,https://dexscreener.com/robinhood/0x2fc16a389402bfa78d77d19b5740939805c85db4ab00c2ad3cba4aceef965100,2026-09-05T11:38:52+00:00,20664.46,125.08,4,5,2.066e-05,v4
2026-09-06T06:18:55.423631+00:00,COST,Costco • Robinhood Token,0x4ea005168d7f09a7a0ba9d1def21a479950e44c2,https://robinhoodchain.blockscout.com/token/0x4ea005168d7f09a7a0ba9d1def21a479950e44c2,KIRKLAND,Kirkland,0xaedad6895025d32ea6af8b83f6afc56d3ff91e18,https://robinhoodchain.blockscout.com/token/0xaedad6895025d32ea6af8b83f6afc56d3ff91e18,uniswap,0xf31ee8c712c517e5c17c4268cd35af537b4121506a23ddce6272bf3512853eed,https://dexscreener.com/robinhood/0xf31ee8c712c517e5c17c4268cd35af537b4121506a23ddce6272bf3512853eed,2026-09-06T05:09:58+00:00,20663.63,0.0,1,2,2.066e-05,v4
2026-09-06T06:19:03.182999+00:00,F,Ford Motor • Robinhood Token,0x25c288e6d899b9bc30160965ad9644c67e73be0c,https://robinhoodchain.blockscout.com/token/0x25c288e6d899b9bc30160965ad9644c67e73be0c,HARRISON,FORD,0x2c4fc4acb2e00be0fe5b6acbbdcc1dda4ea61e18,https://robinhoodchain.blockscout.com/token/0x2c4fc4acb2e00be0fe5b6acbbdcc1dda4ea61e18,uniswap,0xb9a8bf2c0efffb2fe4478e556d2f5099e505a8d75f4b7bd38d6ac877b4fc3613,https://dexscreener.com/robinhood/0xb9a8bf2c0efffb2fe4478e556d2f5099e505a8d75f4b7bd38d6ac877b4fc3613,2026-09-05T20:59:06+00:00,20657.16,5806.53,51,42,2.064e-05,v4
2026-09-06T06:19:03.182999+00:00,F,Ford Motor • Robinhood Token,0x25c288e6d899b9bc30160965ad9644c67e73be0c,https://robinhoodchain.blockscout.com/token/0x25c288e6d899b9bc30160965ad9644c67e73be0c,BRONCO,Ford Bronco,0xd81b2775d056f86f253f8b12d8f3e765a6391e18,https://robinhoodchain.blockscout.com/token/0xd81b2775d056f86f253f8b12d8f3e765a6391e18,uniswap,0x2a2c512fb53ef24ade51f6a6baab8c4e0face5665ebdeeef8bc807a5b5b5c128,https://dexscreener.com/robinhood/0x2a2c512fb53ef24ade51f6a6baab8c4e0face5665ebdeeef8bc807a5b5b5c128,2026-09-05T21:24:31+00:00,20654.59,2836.32,36,36,2.064e-05,v4
2026-09-06T06:19:46.455443+00:00,ORCL,Oracle • Robinhood Token,0xb0992820e760d836549ba69bc7598b4af75dee03,https://robinhoodchain.blockscout.com/token/0xb0992820e760d836549ba69bc7598b4af75dee03,LIQL,LIQLORCL,0x9008344424cf53e617da42ec6e0040f8fc3d1e18,https://robinhoodchain.blockscout.com/token/0x9008344424cf53e617da42ec6e0040f8fc3d1e18,uniswap,0x9bc6dcb3c9b0a9d58fd5c8d08168c8077d307294e18b3bc20aec1cca41a670cf,https://dexscreener.com/robinhood/0x9bc6dcb3c9b0a9d58fd5c8d08168c8077d307294e18b3bc20aec1cca41a670cf,2026-09-06T01:15:02+00:00,20652.79,1529.01,12,12,2.064e-05,v4
2026-09-06T06:18:44.582363+00:00,BA,Boeing • Robinhood Token,0x4d21483a44bf67a86b77e3da301411880797d452,https://robinhoodchain.blockscout.com/token/0x4d21483a44bf67a86b77e3da301411880797d452,DUCTTAPE,Duct Tape,0x72b08f93a0da205a0c3da403df8e798b27d21e18,https://robinhoodchain.blockscout.com/token/0x72b08f93a0da205a0c3da403df8e798b27d21e18,uniswap,0xea58da971ca706ddce7ee8793a1c785dde7f1dad59284ce8626158a775069b8b,https://dexscreener.com/robinhood/0xea58da971ca706ddce7ee8793a1c785dde7f1dad59284ce8626158a775069b8b,2026-09-05T12:30:08+00:00,20642.32,503.57,3,3,2.064e-05,v4
2026-09-06T06:19:46.455443+00:00,ORCL,Oracle • Robinhood Token,0xb0992820e760d836549ba69bc7598b4af75dee03,https://robinhoodchain.blockscout.com/token/0xb0992820e760d836549ba69bc7598b4af75dee03,POTTER,LARRY POTTER,0xadc5734506d0b81c3aa7f8ced27166a11daf1e18,https://robinhoodchain.blockscout.com/token/0xadc5734506d0b81c3aa7f8ced27166a11daf1e18,uniswap,0x74885f13990a57d0df15f8640e378973adc184e99d9baa2406e39ebbbd7bafb1,https://dexscreener.com/robinhood/0x74885f13990a57d0df15f8640e378973adc184e99d9baa2406e39ebbbd7bafb1,2026-09-05T20:17:44+00:00,20638.89,0.0,3,3,2.063e-05,v4
2026-09-06T06:20:19.332358+00:00,USAR,USA Rare Earth • Robinhood Token,0xd917b029c761d264c6a312bbbcda868658ef86a6,https://robinhoodchain.blockscout.com/token/0xd917b029c761d264c6a312bbbcda868658ef86a6,BEAR,RARE BEAR,0xb1160d9a9289d01c502130787d3c01b1efd41e18,https://robinhoodchain.blockscout.com/token/0xb1160d9a9289d01c502130787d3c01b1efd41e18,uniswap,0x208b3f53daabfd60770b773916461f0779f476f4208ce2de0474e12822f3e160,https://dexscreener.com/robinhood/0x208b3f53daabfd60770b773916461f0779f476f4208ce2de0474e12822f3e160,2026-09-05T15:34:06+00:00,20632.36,533.04,6,6,2.063e-05,v4
2026-09-06T06:19:03.182999+00:00,F,Ford Motor • Robinhood Token,0x25c288e6d899b9bc30160965ad9644c67e73be0c,https://robinhoodchain.blockscout.com/token/0x25c288e6d899b9bc30160965ad9644c67e73be0c,FORDMOTORS,FORD,0x9c013923fceb2d0c3cc0da17650e57895a8f1e18,https://robinhoodchain.blockscout.com/token/0x9c013923fceb2d0c3cc0da17650e57895a8f1e18,uniswap,0xe696a2d6dad66faedf75b455c248c6999b5f062d572262c8a7f5a96af96897db,https://dexscreener.com/robinhood/0xe696a2d6dad66faedf75b455c248c6999b5f062d572262c8a7f5a96af96897db,2026-09-06T01:29:54+00:00,20628.39,0.0,3,3,2.062e-05,v4
2026-09-06T06:19:18.914056+00:00,INTC,Intel • Robinhood Token,0xc72b96e0e48ecd4dc75e1e45396e26300bc39681,https://robinhoodchain.blockscout.com/token/0xc72b96e0e48ecd4dc75e1e45396e26300bc39681,INSIDE,The meme inside,0x6846d9bea0e6fa1b3af5e6b450e50f2588f81e18,https://robinhoodchain.blockscout.com/token/0x6846d9bea0e6fa1b3af5e6b450e50f2588f81e18,uniswap,0xefc03d35bbe68ef0250af9789ab101c0dbdb9c229fc8f797c8460efbae860d31,https://dexscreener.com/robinhood/0xefc03d35bbe68ef0250af9789ab101c0dbdb9c229fc8f797c8460efbae860d31,2026-09-04T08:42:50+00:00,20624.98,60.59,2,1,2.061e-05,v4
2026-09-06T06:18:57.267036+00:00,CRM,Salesforce • Robinhood Token,0xd95b44124e475743a7589e68f3d74008a5536d44,https://robinhoodchain.blockscout.com/token/0xd95b44124e475743a7589e68f3d74008a5536d44,BUFOCOIN,BUFOCOIN,0x0dac9f734c3bc82992e5e516d2a8a2799efd1e18,https://robinhoodchain.blockscout.com/token/0x0dac9f734c3bc82992e5e516d2a8a2799efd1e18,uniswap,0x77434f8de89092ff651826f8afd84a8d6a7a7b08e918c8d1a5a11b1c5b0b9740,https://dexscreener.com/robinhood/0x77434f8de89092ff651826f8afd84a8d6a7a7b08e918c8d1a5a11b1c5b0b9740,2026-09-04T20:00:32+00:00,20622.91,452.41,0,6,2.062e-05,v4
2026-09-06T06:18:45.799965+00:00,BB,Blackberry • Robinhood Token,0x48e39e56acdba37b09020c0b734a613c9a2f100a,https://robinhoodchain.blockscout.com/token/0x48e39e56acdba37b09020c0b734a613c9a2f100a,BGBULL,BulgarianBull,0x6b1d157a1fc07f9e88beb2ec38ae967a11811e18,https://robinhoodchain.blockscout.com/token/0x6b1d157a1fc07f9e88beb2ec38ae967a11811e18,uniswap,0x32116a6ce40c68fab3de045d00f319c08f58843ce7fe1464f9af072c05f82475,https://dexscreener.com/robinhood/0x32116a6ce40c68fab3de045d00f319c08f58843ce7fe1464f9af072c05f82475,2026-09-04T15:47:41+00:00,20616.88,126.32,4,2,2.057e-05,v4
2026-09-06T06:20:18.514194+00:00,UPS,UPS • Robinhood Token,0xf23250dac154d05bb671cb0d0ebef3c635c79ce2,https://robinhoodchain.blockscout.com/token/0xf23250dac154d05bb671cb0d0ebef3c635c79ce2,PUMP,unlimited pumps,0x2eb5c306199369bdfa3635256abd897bc92f1e18,https://robinhoodchain.blockscout.com/token/0x2eb5c306199369bdfa3635256abd897bc92f1e18,uniswap,0x2a5ed6f8b98d15e3bdf27db755c12d6ab6821345bc9b5e25fe62cf13524ea22d,https://dexscreener.com/robinhood/0x2a5ed6f8b98d15e3bdf27db755c12d6ab6821345bc9b5e25fe62cf13524ea22d,2026-09-05T15:51:15+00:00,20607.94,628.43,9,9,2.06e-05,v4
2026-09-06T06:19:03.182999+00:00,F,Ford Motor • Robinhood Token,0x25c288e6d899b9bc30160965ad9644c67e73be0c,https://robinhoodchain.blockscout.com/token/0x25c288e6d899b9bc30160965ad9644c67e73be0c,BRAT,Fliped Ford,0x260ecab7df6823313fd8c8af54c8e0d1dc9d1e18,https://robinhoodchain.blockscout.com/token/0x260ecab7df6823313fd8c8af54c8e0d1dc9d1e18,uniswap,0xbbfefa9b7c3d0cce62de62fecef625fa8a6c7324518ec9a5b1569528ea4f3f3e,https://dexscreener.com/robinhood/0xbbfefa9b7c3d0cce62de62fecef625fa8a6c7324518ec9a5b1569528ea4f3f3e,2026-09-06T02:42:33+00:00,20595.88,50.99,6,6,2.059e-05,v4
2026-09-06T06:19:22.218506+00:00,JNJ,Johnson & Johnson • Robinhood Token,0x03dfbbe0ac4e7bcdafd08ed41a400326b77d8c80,https://robinhoodchain.blockscout.com/token/0x03dfbbe0ac4e7bcdafd08ed41a400326b77d8c80,BABIES,MakeMoreBabies,0x53e88c7573262d3dbc150e8532e253cf329f1e18,https://robinhoodchain.blockscout.com/token/0x53e88c7573262d3dbc150e8532e253cf329f1e18,uniswap,0x2568d9bdab248fbe4d59e306823da639797f9adb140fbc2210df6b38ed0efd10,https://dexscreener.com/robinhood/0x2568d9bdab248fbe4d59e306823da639797f9adb140fbc2210df6b38ed0efd10,2026-09-06T00:22:45+00:00,20595.14,322.43,4,5,2.059e-05,v4
2026-09-06T06:20:26.113208+00:00,ZM,Zoom • Robinhood Token,0x44c4f142009036cf477ed2d09932051843137cf1,https://robinhoodchain.blockscout.com/token/0x44c4f142009036cf477ed2d09932051843137cf1,ZM,Zoom Communications Inc,0x58f38edc06e70a34917e4e102070c08196621e18,https://robinhoodchain.blockscout.com/token/0x58f38edc06e70a34917e4e102070c08196621e18,uniswap,0xa14ffccdd9fd7d1864a812f3b5bc66731c051a9ba74c23d44ae29f70251ae0fd,https://dexscreener.com/robinhood/0xa14ffccdd9fd7d1864a812f3b5bc66731c051a9ba74c23d44ae29f70251ae0fd,2026-09-03T00:23:32+00:00,20592.35,0.0,0,3,2.059e-05,v4
2026-09-06T06:19:51.064239+00:00,PFE,Pfizer • Robinhood Token,0x7066a64c24e4206cd62e83bf198c1e7eb361f51e,https://robinhoodchain.blockscout.com/token/0x7066a64c24e4206cd62e83bf198c1e7eb361f51e,MAGICDRUG,MDMA,0xe36d9d4418b04a2884eae77f610e9aaee71b1e18,https://robinhoodchain.blockscout.com/token/0xe36d9d4418b04a2884eae77f610e9aaee71b1e18,uniswap,0x4816c2e78116adccc6258c308f6b1a8d82de1d4e8209437b6645360cae42aa7f,https://dexscreener.com/robinhood/0x4816c2e78116adccc6258c308f6b1a8d82de1d4e8209437b6645360cae42aa7f,2026-09-05T21:39:59+00:00,20583.61,11338.43,179,148,2.033e-05,v4
2026-09-06T06:20:18.514194+00:00,UPS,UPS • Robinhood Token,0xf23250dac154d05bb671cb0d0ebef3c635c79ce2,https://robinhoodchain.blockscout.com/token/0xf23250dac154d05bb671cb0d0ebef3c635c79ce2,DELIVERY,Delivery Guy,0xd062ce42fc352f3094453f849bcd8a1dbde91e18,https://robinhoodchain.blockscout.com/token/0xd062ce42fc352f3094453f849bcd8a1dbde91e18,uniswap,0x287e778c9f559a4d2c9663942d2922303df1c97143cfe47e87e26cf1f61432f9,https://dexscreener.com/robinhood/0x287e778c9f559a4d2c9663942d2922303df1c97143cfe47e87e26cf1f61432f9,2026-09-06T00:30:25+00:00,20583.13,755.01,6,6,2.078e-05,v4
2026-09-06T06:19:33.012710+00:00,MRNA,Moderna • Robinhood Token,0x43b07d15ce533bec5476d70c22a78a1b2b662155,https://robinhoodchain.blockscout.com/token/0x43b07d15ce533bec5476d70c22a78a1b2b662155,INTISMRN,INTISMERAN,0x735b8aa3806a05c34178e37006e848b858541e18,https://robinhoodchain.blockscout.com/token/0x735b8aa3806a05c34178e37006e848b858541e18,uniswap,0x4839d09ce10c892df94295ca54e75befd8bdf2134c288048ddd9d09b5c354adc,https://dexscreener.com/robinhood/0x4839d09ce10c892df94295ca54e75befd8bdf2134c288048ddd9d09b5c354adc,2026-08-19T19:30:36+00:00,20571.63,194.72,4,2,2.058e-05,v4
2026-09-06T06:20:03.825738+00:00,SHOP,Shopify • Robinhood Token,0xf53f66751b1eff985311b693531e3290f600c410,https://robinhoodchain.blockscout.com/token/0xf53f66751b1eff985311b693531e3290f600c410,BAG,catwifbag,0xc13af597af3df4fc24ad15f8dce2033cda401e18,https://robinhoodchain.blockscout.com/token/0xc13af597af3df4fc24ad15f8dce2033cda401e18,uniswap,0x2ba36fe86d683dcee44e653eb856cf5820853a4012ac57d36002efaef7eb52ac,https://dexscreener.com/robinhood/0x2ba36fe86d683dcee44e653eb856cf5820853a4012ac57d36002efaef7eb52ac,2026-09-05T22:02:27+00:00,20568.26,11312.42,89,94,2.053e-05,v4
2026-09-06T06:19:03.182999+00:00,F,Ford Motor • Robinhood Token,0x25c288e6d899b9bc30160965ad9644c67e73be0c,https://robinhoodchain.blockscout.com/token/0x25c288e6d899b9bc30160965ad9644c67e73be0c,RESPECT,Respect,0xea6fd35d9ca34dd883581b42b9c3fa7b306d1e18,https://robinhoodchain.blockscout.com/token/0xea6fd35d9ca34dd883581b42b9c3fa7b306d1e18,uniswap,0xa243b55d16a77248c120c5aba34b713ca42107cc5bc299de60c8e70aaa975730,https://dexscreener.com/robinhood/0xa243b55d16a77248c120c5aba34b713ca42107cc5bc299de60c8e70aaa975730,2026-09-05T22:26:41+00:00,20568.09,600.5,3,3,2.056e-05,v4
2026-09-06T06:18:44.582363+00:00,BA,Boeing • Robinhood Token,0x4d21483a44bf67a86b77e3da301411880797d452,https://robinhoodchain.blockscout.com/token/0x4d21483a44bf67a86b77e3da301411880797d452,OSAMA,Osama Bin Laden,0xaf4ccb1436921833aef00fa870473e884dde1e18,https://robinhoodchain.blockscout.com/token/0xaf4ccb1436921833aef00fa870473e884dde1e18,uniswap,0xf764596ae49c5dbef761bfcef66868831b6a7fbf761cc77da8dca6d075a73db2,https://dexscreener.com/robinhood/0xf764596ae49c5dbef761bfcef66868831b6a7fbf761cc77da8dca6d075a73db2,2026-09-05T15:36:54+00:00,20563.81,1577.31,12,12,2.055e-05,v4
2026-09-06T06:19:03.182999+00:00,F,Ford Motor • Robinhood Token,0x25c288e6d899b9bc30160965ad9644c67e73be0c,https://robinhoodchain.blockscout.com/token/0x25c288e6d899b9bc30160965ad9644c67e73be0c,MATER,MATER,0xf06071780c430b0ef32dffad91370525783a1e18,https://robinhoodchain.blockscout.com/token/0xf06071780c430b0ef32dffad91370525783a1e18,uniswap,0x09e3a5310423d369edc9b1a6da7c74b797cde8914f94585a857cbf5829db9788,https://dexscreener.com/robinhood/0x09e3a5310423d369edc9b1a6da7c74b797cde8914f94585a857cbf5829db9788,2026-09-05T21:05:04+00:00,20560.93,149.6,12,12,2.055e-05,v4
2026-09-06T06:19:33.012710+00:00,MRNA,Moderna • Robinhood Token,0x43b07d15ce533bec5476d70c22a78a1b2b662155,https://robinhoodchain.blockscout.com/token/0x43b07d15ce533bec5476d70c22a78a1b2b662155,MDMACOIN,Monke Dealing Monke Acid,0xc52c5bbc8d352e13c1b28eaca9200c9461951e18,https://robinhoodchain.blockscout.com/token/0xc52c5bbc8d352e13c1b28eaca9200c9461951e18,uniswap,0x1521c9bd9ae4b45d8ef7260ef711765b632a4f290d92c26bc89de37503269785,https://dexscreener.com/robinhood/0x1521c9bd9ae4b45d8ef7260ef711765b632a4f290d92c26bc89de37503269785,2026-09-05T21:39:52+00:00,20560.35,342.76,5,4,2.056e-05,v4
2026-09-06T06:20:03.825738+00:00,SHOP,Shopify • Robinhood Token,0xf53f66751b1eff985311b693531e3290f600c410,https://robinhoodchain.blockscout.com/token/0xf53f66751b1eff985311b693531e3290f600c410,BAGS,Bags,0xc1a39b8852c26b1d12a0e5a6863d065729361e18,https://robinhoodchain.blockscout.com/token/0xc1a39b8852c26b1d12a0e5a6863d065729361e18,uniswap,0x3c405d4481640f7fc6ba365b1caa930d57ce3327e7d85b6bf634007a54def728,https://dexscreener.com/robinhood/0x3c405d4481640f7fc6ba365b1caa930d57ce3327e7d85b6bf634007a54def728,2026-09-04T20:17:41+00:00,20555.27,229.1,2,1,2.073e-05,v4
2026-09-06T06:19:33.012710+00:00,MRNA,Moderna • Robinhood Token,0x43b07d15ce533bec5476d70c22a78a1b2b662155,https://robinhoodchain.blockscout.com/token/0x43b07d15ce533bec5476d70c22a78a1b2b662155,SIRNA,siRNA,0xd5e0872070b75f42bbd399222beb68aa70e31e18,https://robinhoodchain.blockscout.com/token/0xd5e0872070b75f42bbd399222beb68aa70e31e18,uniswap,0xd39dc0d8cd55a82ff1444cfa8680d9037296501db57244516c6829d4cab09c1b,https://dexscreener.com/robinhood/0xd39dc0d8cd55a82ff1444cfa8680d9037296501db57244516c6829d4cab09c1b,2026-09-05T16:17:29+00:00,20549.18,712.75,12,12,2.054e-05,v4
2026-09-06T06:18:45.799965+00:00,BB,Blackberry • Robinhood Token,0x48e39e56acdba37b09020c0b734a613c9a2f100a,https://robinhoodchain.blockscout.com/token/0x48e39e56acdba37b09020c0b734a613c9a2f100a,BERRIES,Black Berries,0x49ee5aa731fec4418966ca815657210667d51e18,https://robinhoodchain.blockscout.com/token/0x49ee5aa731fec4418966ca815657210667d51e18,uniswap,0x2010792947b39fafe32ec812e4c535764b371fd5d569f07eaa3faf1ff9c9a0be,https://dexscreener.com/robinhood/0x2010792947b39fafe32ec812e4c535764b371fd5d569f07eaa3faf1ff9c9a0be,2026-09-06T02:50:42+00:00,20537.63,0.77,1,2,2.053e-05,v4
2026-09-06T06:19:03.182999+00:00,F,Ford Motor • Robinhood Token,0x25c288e6d899b9bc30160965ad9644c67e73be0c,https://robinhoodchain.blockscout.com/token/0x25c288e6d899b9bc30160965ad9644c67e73be0c,WOO,WOOF,0xec87f55b6670734e2c50252e13df76ec3ae41e18,https://robinhoodchain.blockscout.com/token/0xec87f55b6670734e2c50252e13df76ec3ae41e18,uniswap,0x61cc749f4258365f14596a01b4a8a752f8e60e236e85d076a0abc12cd864a495,https://dexscreener.com/robinhood/0x61cc749f4258365f14596a01b4a8a752f8e60e236e85d076a0abc12cd864a495,2026-09-05T23:47:02+00:00,20527.95,0.0,1,2,2.052e-05,v4
2026-09-06T06:20:03.825738+00:00,SHOP,Shopify • Robinhood Token,0xf53f66751b1eff985311b693531e3290f600c410,https://robinhoodchain.blockscout.com/token/0xf53f66751b1eff985311b693531e3290f600c410,GURU,Buy My Course,0xa97f5e0573f9ea1f6ae53340efc08f42e1181e18,https://robinhoodchain.blockscout.com/token/0xa97f5e0573f9ea1f6ae53340efc08f42e1181e18,uniswap,0x06026e7dbbd539ab478bcaca2e71d1c277a15b49c5fa77972b4c92a93bc0f386,https://dexscreener.com/robinhood/0x06026e7dbbd539ab478bcaca2e71d1c277a15b49c5fa77972b4c92a93bc0f386,2026-09-05T21:21:30+00:00,20509.74,5646.34,46,38,2.049e-05,v4
2026-09-06T06:19:30.962397+00:00,META,Meta Platforms • Robinhood Token,0xc0d6457c16cc70d6790dd43521c899c87ce02f35,https://robinhoodchain.blockscout.com/token/0xc0d6457c16cc70d6790dd43521c899c87ce02f35,BILLIONDOLLARS,$1M isn't cool,0x7185ddbe86bf59f21438989a5554e4abe73e1e18,https://robinhoodchain.blockscout.com/token/0x7185ddbe86bf59f21438989a5554e4abe73e1e18,uniswap,0x1e85c3bf110286c93e271207ee7abe231a4d706c1b6547b0844adcefe68ef744,https://dexscreener.com/robinhood/0x1e85c3bf110286c93e271207ee7abe231a4d706c1b6547b0844adcefe68ef744,2026-09-03T17:27:55+00:00,20494.43,146.41,4,2,2.039e-05,v4
2026-09-06T06:20:03.825738+00:00,SHOP,Shopify • Robinhood Token,0xf53f66751b1eff985311b693531e3290f600c410,https://robinhoodchain.blockscout.com/token/0xf53f66751b1eff985311b693531e3290f600c410,KNOWLEDGE,KNOWLEDGE,0x5c0a2aafef6521d6502cd4266ecf38cd31691e18,https://robinhoodchain.blockscout.com/token/0x5c0a2aafef6521d6502cd4266ecf38cd31691e18,uniswap,0x22555940ed9786499cc33b2318d81b83ffc444578242b42c9aec491e4286045c,https://dexscreener.com/robinhood/0x22555940ed9786499cc33b2318d81b83ffc444578242b42c9aec491e4286045c,2026-09-05T21:20:20+00:00,20486.64,2812.67,21,21,2.047e-05,v4
2026-09-06T06:18:45.799965+00:00,BB,Blackberry • Robinhood Token,0x48e39e56acdba37b09020c0b734a613c9a2f100a,https://robinhoodchain.blockscout.com/token/0x48e39e56acdba37b09020c0b734a613c9a2f100a,GUN,Pew Pew,0x8cb54bd1cb4619126bbf8728d5de8722edda1e18,https://robinhoodchain.blockscout.com/token/0x8cb54bd1cb4619126bbf8728d5de8722edda1e18,uniswap,0xec201974f7a8e63041286a0589e3ee7efb9de8bf7cc45f10c537d330cb9db0f0,https://dexscreener.com/robinhood/0xec201974f7a8e63041286a0589e3ee7efb9de8bf7cc45f10c537d330cb9db0f0,2026-09-04T15:43:40+00:00,20483.56,7.91,4,2,2.045e-05,v4
2026-09-06T06:19:26.891455+00:00,LLY,Eli Lilly • Robinhood Token,0x8005d266423c7ea827372c9c864491e5786600ea,https://robinhoodchain.blockscout.com/token/0x8005d266423c7ea827372c9c864491e5786600ea,OZEMPIG,OZEMPIG,0x9e4b53df3367282302de7a37a037bd0d335641ab,https://robinhoodchain.blockscout.com/token/0x9e4b53df3367282302de7a37a037bd0d335641ab,uniswap,0xba7b0d8301ea103e1cd2c0f38c13935edf529f27535d928f5cdba96fd6b28e92,https://dexscreener.com/robinhood/0xba7b0d8301ea103e1cd2c0f38c13935edf529f27535d928f5cdba96fd6b28e92,2026-09-02T22:32:13+00:00,20480.26,8865.07,59,54,5.25e-05,v4
2026-09-06T06:20:03.825738+00:00,SHOP,Shopify • Robinhood Token,0xf53f66751b1eff985311b693531e3290f600c410,https://robinhoodchain.blockscout.com/token/0xf53f66751b1eff985311b693531e3290f600c410,TITTIES,Commotitties,0x551d696d81be2fd71c3b6ad09a3a2e1582a31e18,https://robinhoodchain.blockscout.com/token/0x551d696d81be2fd71c3b6ad09a3a2e1582a31e18,uniswap,0xe01b89e39b933074873625d1baf415bd70616af9b3bf2dfb82ac107de6ade332,https://dexscreener.com/robinhood/0xe01b89e39b933074873625d1baf415bd70616af9b3bf2dfb82ac107de6ade332,2026-09-05T21:56:35+00:00,20479.37,149.49,3,3,2.047e-05,v4
2026-09-06T06:20:03.825738+00:00,SHOP,Shopify • Robinhood Token,0xf53f66751b1eff985311b693531e3290f600c410,https://robinhoodchain.blockscout.com/token/0xf53f66751b1eff985311b693531e3290f600c410,SAAS,SaaS Company,0x4ddb21063efa89f6a97cf89920c1a49a920a1e18,https://robinhoodchain.blockscout.com/token/0x4ddb21063efa89f6a97cf89920c1a49a920a1e18,uniswap,0x191d5f72c901d9fefb3fa83cce9906e60eb7784e875dbe5752a29916b5d6e0e9,https://dexscreener.com/robinhood/0x191d5f72c901d9fefb3fa83cce9906e60eb7784e875dbe5752a29916b5d6e0e9,2026-09-05T21:19:51+00:00,20467.52,641.57,6,6,2.046e-05,v4
2026-09-06T06:18:31.678557+00:00,ADBE,Adobe • Robinhood Token,0x232b8ed6377be97813853b0ac104c4cda8378d1b,https://robinhoodchain.blockscout.com/token/0x232b8ed6377be97813853b0ac104c4cda8378d1b,PS,PHOTOSHOP,0xa3efbc1499833f0d3e305314e2734746fac41e18,https://robinhoodchain.blockscout.com/token/0xa3efbc1499833f0d3e305314e2734746fac41e18,uniswap,0xb8294498cf984dc7c3774594ee6b61bb5541b3f4f708c96bf30d3f504ed34175,https://dexscreener.com/robinhood/0xb8294498cf984dc7c3774594ee6b61bb5541b3f4f708c96bf30d3f504ed34175,2026-09-04T16:14:00+00:00,20452.54,0.19,12,6,2.045e-05,v4
2026-09-06T06:19:18.914056+00:00,INTC,Intel • Robinhood Token,0xc72b96e0e48ecd4dc75e1e45396e26300bc39681,https://robinhoodchain.blockscout.com/token/0xc72b96e0e48ecd4dc75e1e45396e26300bc39681,PROCESSOR,PROCESSOR,0x2107dd7b47d59c565e71ca453a512c352d461e18,https://robinhoodchain.blockscout.com/token/0x2107dd7b47d59c565e71ca453a512c352d461e18,uniswap,0xabedf467e5ed31d252079a15811335115f832e8ef0f060b06bddd4be83eeb60a,https://dexscreener.com/robinhood/0xabedf467e5ed31d252079a15811335115f832e8ef0f060b06bddd4be83eeb60a,2026-09-04T13:57:36+00:00,20413.95,7.96,4,2,2.038e-05,v4
2026-09-06T06:19:51.064239+00:00,PFE,Pfizer • Robinhood Token,0x7066a64c24e4206cd62e83bf198c1e7eb361f51e,https://robinhoodchain.blockscout.com/token/0x7066a64c24e4206cd62e83bf198c1e7eb361f51e,PEPTIDE,PEPTIDE,0xc4c72f0222bc3ab6fcd59e9608bd8f3188151e18,https://robinhoodchain.blockscout.com/token/0xc4c72f0222bc3ab6fcd59e9608bd8f3188151e18,uniswap,0xa1d0cc12060186fb1b617570cf7dc349417fe5be9662b5ee819e5fb0c4e841cf,https://dexscreener.com/robinhood/0xa1d0cc12060186fb1b617570cf7dc349417fe5be9662b5ee819e5fb0c4e841cf,2026-09-05T21:00:30+00:00,20409.19,11793.22,93,93,2.029e-05,v4
2026-09-06T06:19:14.541277+00:00,HIMS,Hims & Hers Health • Robinhood Token,0xccee82fe024c36fa15e1005ede3e9e4787e23d09,https://robinhoodchain.blockscout.com/token/0xccee82fe024c36fa15e1005ede3e9e4787e23d09,FLACCID,Flaccid Coin,0xba630d620dbc4c4b5a1bebed1a9648172cec1e18,https://robinhoodchain.blockscout.com/token/0xba630d620dbc4c4b5a1bebed1a9648172cec1e18,uniswap,0x162d2b893d47bb0f34f7f3983734359f0c19b8fe31cc3f6e81dc06fbed5373fc,https://dexscreener.com/robinhood/0x162d2b893d47bb0f34f7f3983734359f0c19b8fe31cc3f6e81dc06fbed5373fc,2026-09-01T00:43:03+00:00,20387.17,3672.32,33,36,1.978e-05,v4
2026-09-06T06:20:15.476079+00:00,TSM,Taiwan Semiconductor Manufacturing • Robinhood Token,0x58ffe4a942d3885baa22d7520691f611ef09e7aa,https://robinhoodchain.blockscout.com/token/0x58ffe4a942d3885baa22d7520691f611ef09e7aa,CHIPSY,Chipsy,0x782fcdaf0803a61fa448a78f74de9973a9ef1e18,https://robinhoodchain.blockscout.com/token/0x782fcdaf0803a61fa448a78f74de9973a9ef1e18,uniswap,0x19903ca363eecc7d9a6f6b56c5d7248efd3e054a591c77b00c7a01b1d4253334,https://dexscreener.com/robinhood/0x19903ca363eecc7d9a6f6b56c5d7248efd3e054a591c77b00c7a01b1d4253334,2026-09-05T00:28:45+00:00,20382.42,46.28,6,3,2.036e-05,v4
2026-09-06T06:19:57.459118+00:00,QUBT,Quantum Computing • Robinhood Token,0x59818904ab4ce163b3ce4ffb64f2d6ca02c434b4,https://robinhoodchain.blockscout.com/token/0x59818904ab4ce163b3ce4ffb64f2d6ca02c434b4,RSTOCKS,Robinhood Stock,0xe1344e4fc739532ee0b7f25590ffe94448061e18,https://robinhoodchain.blockscout.com/token/0xe1344e4fc739532ee0b7f25590ffe94448061e18,uniswap,0xd6352266c4f1807432d86e403898cfcb91315b83f8e7455e236c1262552a5b8f,https://dexscreener.com/robinhood/0xd6352266c4f1807432d86e403898cfcb91315b83f8e7455e236c1262552a5b8f,2026-09-05T20:17:04+00:00,20369.92,14.33,4,5,2.036e-05,v4
2026-09-06T06:18:46.378627+00:00,BE,Bloom Energy • Robinhood Token,0x822cc93ffd030293e9842c30bbd678f530701867,https://robinhoodchain.blockscout.com/token/0x822cc93ffd030293e9842c30bbd678f530701867,BREAKEVEN,Breakeven,0x01458ac85d573837c8250eebbea0b6b5e8371e18,https://robinhoodchain.blockscout.com/token/0x01458ac85d573837c8250eebbea0b6b5e8371e18,uniswap,0xf078cb4608e69e3ae75a1c83564e9c03fbad51ccd6fb3eead080afd18493ef1d,https://dexscreener.com/robinhood/0xf078cb4608e69e3ae75a1c83564e9c03fbad51ccd6fb3eead080afd18493ef1d,2026-09-05T12:43:32+00:00,20366.66,590.12,6,6,2.036e-05,v4
2026-09-06T06:19:27.393829+00:00,LMT,Lockheed • Robinhood Token,0x329fcaceb9ad6f9580dd5f643fed0646900d043c,https://robinhoodchain.blockscout.com/token/0x329fcaceb9ad6f9580dd5f643fed0646900d043c,LMINU,LMI,0x857d071429bf68c5c7562f6bfc87679f90e31e18,https://robinhoodchain.blockscout.com/token/0x857d071429bf68c5c7562f6bfc87679f90e31e18,uniswap,0x8838760bc717cb96b52df7b574f7487dd91e861e46d8662d12904b5cc18398d8,https://dexscreener.com/robinhood/0x8838760bc717cb96b52df7b574f7487dd91e861e46d8662d12904b5cc18398d8,2026-09-05T21:47:38+00:00,20352.88,226.23,2,4,2.035e-05,v4
2026-09-06T06:20:08.648016+00:00,SNOW,Snowflake • Robinhood Token,0xba0cab75495255d0cb58e22b648bfed4ecd1f47e,https://robinhoodchain.blockscout.com/token/0xba0cab75495255d0cb58e22b648bfed4ecd1f47e,PENGUIN,Nietzschean Pen,0x06ca1d4643d1c3557f92c3ddd73bff3e0aea1e18,https://robinhoodchain.blockscout.com/token/0x06ca1d4643d1c3557f92c3ddd73bff3e0aea1e18,uniswap,0xd7b240ca5ae639aaae7887b97d0cd7c9656b193530abb13a061333bae9dbe1f1,https://dexscreener.com/robinhood/0xd7b240ca5ae639aaae7887b97d0cd7c9656b193530abb13a061333bae9dbe1f1,2026-09-05T21:02:02+00:00,20339.14,26496.49,220,236,2.008e-05,v4
2026-09-06T06:18:56.031479+00:00,CRCL,Circle Internet Group • Robinhood Token,0xdf0992e440dd0be65bd8439b609d6d4366bf1cb5,https://robinhoodchain.blockscout.com/token/0xdf0992e440dd0be65bd8439b609d6d4366bf1cb5,JUSTCRCL,Just a Circle,0x300ee0dd0a232882828df9f768d8a855acdb1e18,https://robinhoodchain.blockscout.com/token/0x300ee0dd0a232882828df9f768d8a855acdb1e18,uniswap,0x98d76bcc32c884ca05eb1ae8fef87d65dd86ed9a33d5c434e502ec7102031169,https://dexscreener.com/robinhood/0x98d76bcc32c884ca05eb1ae8fef87d65dd86ed9a33d5c434e502ec7102031169,2026-09-04T01:29:37+00:00,20331.54,12.42,2,1,2.053e-05,v4
2026-09-06T06:19:04.693077+00:00,FIG,Figma • Robinhood Token,0x41f4267525a8aff329540ef24fd83d9044758b33,https://robinhoodchain.blockscout.com/token/0x41f4267525a8aff329540ef24fd83d9044758b33,FIG,Frank Is Gay,0xe8e8f4304a7f95d28042e89d5a78fd9dd6441e18,https://robinhoodchain.blockscout.com/token/0xe8e8f4304a7f95d28042e89d5a78fd9dd6441e18,uniswap,0x02acca73433ccdf8a65c436f92f8af8d0a572bb57fb06815bd90d24ae8433b80,https://dexscreener.com/robinhood/0x02acca73433ccdf8a65c436f92f8af8d0a572bb57fb06815bd90d24ae8433b80,2026-09-05T17:04:07+00:00,20303.66,985.77,12,12,2.03e-05,v4
2026-09-06T06:18:46.378627+00:00,BE,Bloom Energy • Robinhood Token,0x822cc93ffd030293e9842c30bbd678f530701867,https://robinhoodchain.blockscout.com/token/0x822cc93ffd030293e9842c30bbd678f530701867,BE,Buy everything,0x62cab648971e6bf20da3c1b8302b251a36301e18,https://robinhoodchain.blockscout.com/token/0x62cab648971e6bf20da3c1b8302b251a36301e18,uniswap,0xfdfe50c81ffdfe403dfb7a414d42333c280690034388dc605492e4b9997b3213,https://dexscreener.com/robinhood/0xfdfe50c81ffdfe403dfb7a414d42333c280690034388dc605492e4b9997b3213,2026-09-05T15:04:16+00:00,20301.69,562.03,6,6,2.03e-05,v4
2026-09-06T06:19:18.914056+00:00,INTC,Intel • Robinhood Token,0xc72b96e0e48ecd4dc75e1e45396e26300bc39681,https://robinhoodchain.blockscout.com/token/0xc72b96e0e48ecd4dc75e1e45396e26300bc39681,DOGWATER,dogwater,0x1fddaa13d51898ed3ede0bc773a68850be051e18,https://robinhoodchain.blockscout.com/token/0x1fddaa13d51898ed3ede0bc773a68850be051e18,uniswap,0xfb9656d72657797bb81c8189501b5d790b3b5ec4b53c3971485a9a6edf8d2061,https://dexscreener.com/robinhood/0xfb9656d72657797bb81c8189501b5d790b3b5ec4b53c3971485a9a6edf8d2061,2026-09-04T23:19:57+00:00,20283.33,42.91,4,2,2.021e-05,v4
2026-09-06T06:20:15.476079+00:00,TSM,Taiwan Semiconductor Manufacturing • Robinhood Token,0x58ffe4a942d3885baa22d7520691f611ef09e7aa,https://robinhoodchain.blockscout.com/token/0x58ffe4a942d3885baa22d7520691f611ef09e7aa,SNSV,snsv,0x76bc6726064b39ed10110fda2847cad79d191e18,https://robinhoodchain.blockscout.com/token/0x76bc6726064b39ed10110fda2847cad79d191e18,uniswap,0xb7813c113fc5d8e840f034e0c9ab33911fa0b63f63740d941f1adab034bd42bc,https://dexscreener.com/robinhood/0xb7813c113fc5d8e840f034e0c9ab33911fa0b63f63740d941f1adab034bd42bc,2026-09-05T19:06:36+00:00,20250.06,99.06,3,3,2.024e-05,v4
2026-09-06T06:19:16.415254+00:00,IBM,IBM • Robinhood Token,0x980dcf6766fa79f5cf0c4aadb3ab477ff15a9619,https://robinhoodchain.blockscout.com/token/0x980dcf6766fa79f5cf0c4aadb3ab477ff15a9619,BEST,Internet's Best,0x1d497f9d0fc00db3c2b78c541ef5f5f4df661e18,https://robinhoodchain.blockscout.com/token/0x1d497f9d0fc00db3c2b78c541ef5f5f4df661e18,uniswap,0xf73a0bf973cba7825d0d97d39644304f8e48bd2643a0f4a54707473296ff7271,https://dexscreener.com/robinhood/0xf73a0bf973cba7825d0d97d39644304f8e48bd2643a0f4a54707473296ff7271,2026-09-04T19:13:57+00:00,20232.26,677.6,4,2,2.017e-05,v4
2026-09-06T06:19:51.064239+00:00,PFE,Pfizer • Robinhood Token,0x7066a64c24e4206cd62e83bf198c1e7eb361f51e,https://robinhoodchain.blockscout.com/token/0x7066a64c24e4206cd62e83bf198c1e7eb361f51e,MEDIBOT,Pfizer Mascot,0xca15fcb83add97c22c2c38499cb5626f0c701e18,https://robinhoodchain.blockscout.com/token/0xca15fcb83add97c22c2c38499cb5626f0c701e18,uniswap,0x9832960175f80a8553c6ba7b81cf7f9aac84431ac2202f20d471ea56064a8308,https://dexscreener.com/robinhood/0x9832960175f80a8553c6ba7b81cf7f9aac84431ac2202f20d471ea56064a8308,2026-09-05T21:01:39+00:00,20217.66,6741.35,37,41,2.019e-05,v4
2026-09-06T06:18:55.423631+00:00,COST,Costco • Robinhood Token,0x4ea005168d7f09a7a0ba9d1def21a479950e44c2,https://robinhoodchain.blockscout.com/token/0x4ea005168d7f09a7a0ba9d1def21a479950e44c2,LOW,LOWCOST,0x5105ddb827af59a7b123c18b9d0339e981941e18,https://robinhoodchain.blockscout.com/token/0x5105ddb827af59a7b123c18b9d0339e981941e18,uniswap,0x62946a6974b1204b86db0c0cf642eda33156f228b8d90ec4ecb01bfe3b14eb39,https://dexscreener.com/robinhood/0x62946a6974b1204b86db0c0cf642eda33156f228b8d90ec4ecb01bfe3b14eb39,2026-09-05T12:33:59+00:00,20216.62,191.98,6,6,2.021e-05,v4
2026-09-06T06:18:39.560976+00:00,ASML,ASML Holding NV • Robinhood Token,0x47f93d52cbec7c6d2cfc080e154002370a60daea,https://robinhoodchain.blockscout.com/token/0x47f93d52cbec7c6d2cfc080e154002370a60daea,ASMOL,ASMOL,0x67ef2cd3404dd615979ec91fbb3dcd3163771e18,https://robinhoodchain.blockscout.com/token/0x67ef2cd3404dd615979ec91fbb3dcd3163771e18,uniswap,0x346ff56004ec19ca1dd1d2a37402da8c8966bbd4a21d19269100c24280c1628a,https://dexscreener.com/robinhood/0x346ff56004ec19ca1dd1d2a37402da8c8966bbd4a21d19269100c24280c1628a,2026-09-04T12:26:13+00:00,20214.79,1.25,2,1,2.021e-05,v4
2026-09-06T06:18:42.328879+00:00,AVGO,Broadcom • Robinhood Token,0x156e175dd063a8ce274c50654ef40e0032b3fbcf,https://robinhoodchain.blockscout.com/token/0x156e175dd063a8ce274c50654ef40e0032b3fbcf,DAT,Derived Anchor Test,0x15eab868f6cfdb7d4aafcd1a9f28f19bbb591e18,https://robinhoodchain.blockscout.com/token/0x15eab868f6cfdb7d4aafcd1a9f28f19bbb591e18,uniswap,0x5269bcc3add0f6e0f3a0f3afce63ad67fe3588271274a9a5eaebe5ead7631ba4,https://dexscreener.com/robinhood/0x5269bcc3add0f6e0f3a0f3afce63ad67fe3588271274a9a5eaebe5ead7631ba4,2026-09-06T04:56:43+00:00,20197.47,10.56,4,5,2.019e-05,v4
2026-09-06T06:19:51.064239+00:00,PFE,Pfizer • Robinhood Token,0x7066a64c24e4206cd62e83bf198c1e7eb361f51e,https://robinhoodchain.blockscout.com/token/0x7066a64c24e4206cd62e83bf198c1e7eb361f51e,JAB,JAB,0xc1e73e8550908802a8ce914d25ce38b25d871e18,https://robinhoodchain.blockscout.com/token/0xc1e73e8550908802a8ce914d25ce38b25d871e18,uniswap,0xf20c12c73e0ec9d4fbf4a94031af0f5e2020cee168b04904b98b491d3434cc02,https://dexscreener.com/robinhood/0xf20c12c73e0ec9d4fbf4a94031af0f5e2020cee168b04904b98b491d3434cc02,2026-09-05T23:01:30+00:00,20197.07,100.32,1,2,2.019e-05,v4
2026-09-06T06:19:38.832169+00:00,NET,"Cloudflare, Inc. Class A common stock • Robinhood Token",0x116f00968269b7bfbad4109ce591d6e74c0601d4,https://robinhoodchain.blockscout.com/token/0x116f00968269b7bfbad4109ce591d6e74c0601d4,ROBO,ROBO,0x0966b698c9ed043de318d6cc8ff4ab2141821e18,https://robinhoodchain.blockscout.com/token/0x0966b698c9ed043de318d6cc8ff4ab2141821e18,uniswap,0x3b3b9080a1cb603915fcce6d7e711543840bb22660871881234a317fb4a696b9,https://dexscreener.com/robinhood/0x3b3b9080a1cb603915fcce6d7e711543840bb22660871881234a317fb4a696b9,2026-09-05T22:39:38+00:00,20193.89,0.25,1,2,2.019e-05,v4
2026-09-06T06:19:38.832169+00:00,NET,"Cloudflare, Inc. Class A common stock • Robinhood Token",0x116f00968269b7bfbad4109ce591d6e74c0601d4,https://robinhoodchain.blockscout.com/token/0x116f00968269b7bfbad4109ce591d6e74c0601d4,INTERN,INTER,0xd316c069c92fe98856004836ce2023f352b71e18,https://robinhoodchain.blockscout.com/token/0xd316c069c92fe98856004836ce2023f352b71e18,uniswap,0x26806947aade7bd1136dc6181064607b72594b20c560360d9d2a67dd2ba01a31,https://dexscreener.com/robinhood/0x26806947aade7bd1136dc6181064607b72594b20c560360d9d2a67dd2ba01a31,2026-09-05T15:40:10+00:00,20173.08,658.58,9,9,2.017e-05,v4
2026-09-06T06:19:38.832169+00:00,NET,"Cloudflare, Inc. Class A common stock • Robinhood Token",0x116f00968269b7bfbad4109ce591d6e74c0601d4,https://robinhoodchain.blockscout.com/token/0x116f00968269b7bfbad4109ce591d6e74c0601d4,GROSS,Gross,0x46fbc3744302bd8a5babe427e13bca9bd5f91e18,https://robinhoodchain.blockscout.com/token/0x46fbc3744302bd8a5babe427e13bca9bd5f91e18,uniswap,0x0bbd3f90ab1d92da6886179b53d48fda53551bee625343a895380658b32af5be,https://dexscreener.com/robinhood/0x0bbd3f90ab1d92da6886179b53d48fda53551bee625343a895380658b32af5be,2026-09-04T20:04:33+00:00,20145.12,0.73,2,1,2.014e-05,v4
2026-09-06T06:19:38.832169+00:00,NET,"Cloudflare, Inc. Class A common stock • Robinhood Token",0x116f00968269b7bfbad4109ce591d6e74c0601d4,https://robinhoodchain.blockscout.com/token/0x116f00968269b7bfbad4109ce591d6e74c0601d4,EIGHTCHAN,8chan,0x3f8f36cedc025773ffd76390c256024834e91e18,https://robinhoodchain.blockscout.com/token/0x3f8f36cedc025773ffd76390c256024834e91e18,uniswap,0xba8ef6cf2b40a0e7df62b21a4efef7d63ade65c23f6333be525cad00bc496972,https://dexscreener.com/robinhood/0xba8ef6cf2b40a0e7df62b21a4efef7d63ade65c23f6333be525cad00bc496972,2026-09-05T11:52:19+00:00,20090.07,384.87,9,9,2.008e-05,v4
2026-09-06T06:19:18.914056+00:00,INTC,Intel • Robinhood Token,0xc72b96e0e48ecd4dc75e1e45396e26300bc39681,https://robinhoodchain.blockscout.com/token/0xc72b96e0e48ecd4dc75e1e45396e26300bc39681,INCEL,Incel Inside,0xbf34273e8720b67533fad0eaf7cda29d619f1e18,https://robinhoodchain.blockscout.com/token/0xbf34273e8720b67533fad0eaf7cda29d619f1e18,uniswap,0xf5b723c4e648c154886a9b1c097fa02eef83ba11b7df4bd0746777577da33229,https://dexscreener.com/robinhood/0xf5b723c4e648c154886a9b1c097fa02eef83ba11b7df4bd0746777577da33229,2026-09-05T20:03:45+00:00,20084.59,0.0,1,2,2.008e-05,v4
2026-09-06T06:20:19.332358+00:00,USAR,USA Rare Earth • Robinhood Token,0xd917b029c761d264c6a312bbbcda868658ef86a6,https://robinhoodchain.blockscout.com/token/0xd917b029c761d264c6a312bbbcda868658ef86a6,GEM,Gem,0x90cb80595c9fbc611b8a6736884b89c074071e18,https://robinhoodchain.blockscout.com/token/0x90cb80595c9fbc611b8a6736884b89c074071e18,uniswap,0xdfd4df8c603b34eaca289f290145f9e23134d841f9fced1e82ce9296948f59a7,https://dexscreener.com/robinhood/0xdfd4df8c603b34eaca289f290145f9e23134d841f9fced1e82ce9296948f59a7,2026-09-02T21:57:46+00:00,20083.81,3.05,2,1,2.002e-05,v4
2026-09-06T06:19:16.415254+00:00,IBM,IBM • Robinhood Token,0x980dcf6766fa79f5cf0c4aadb3ab477ff15a9619,https://robinhoodchain.blockscout.com/token/0x980dcf6766fa79f5cf0c4aadb3ab477ff15a9619,IBMS,I BUY MEMES,0x92d89c2d51d54d5cf7250b0479815896086d1e18,https://robinhoodchain.blockscout.com/token/0x92d89c2d51d54d5cf7250b0479815896086d1e18,uniswap,0xf070ec9994b614101ce2ac187ce366713bd5be163de75785dc298cd4de066190,https://dexscreener.com/robinhood/0xf070ec9994b614101ce2ac187ce366713bd5be163de75785dc298cd4de066190,2026-09-01T02:21:22+00:00,20068.09,2.26,2,1,2.005e-05,v4
2026-09-06T06:18:46.378627+00:00,BE,Bloom Energy • Robinhood Token,0x822cc93ffd030293e9842c30bbd678f530701867,https://robinhoodchain.blockscout.com/token/0x822cc93ffd030293e9842c30bbd678f530701867,BLOOM,Bloom Bloom,0x4004018ae5dd7ce7e405a0a90322df491ae81e18,https://robinhoodchain.blockscout.com/token/0x4004018ae5dd7ce7e405a0a90322df491ae81e18,uniswap,0xb34be6937e6b866552c3273c6584cb984d9e017f75f050f2eaba50f901c175a8,https://dexscreener.com/robinhood/0xb34be6937e6b866552c3273c6584cb984d9e017f75f050f2eaba50f901c175a8,2026-09-05T15:19:37+00:00,20056.64,2276.76,12,12,2.005e-05,v4
2026-09-06T06:19:22.218506+00:00,JNJ,Johnson & Johnson • Robinhood Token,0x03dfbbe0ac4e7bcdafd08ed41a400326b77d8c80,https://robinhoodchain.blockscout.com/token/0x03dfbbe0ac4e7bcdafd08ed41a400326b77d8c80,JNJ,JohnsonNJohnson,0xf45212618a2ca9ace4325553cdb3fab5676e1e18,https://robinhoodchain.blockscout.com/token/0xf45212618a2ca9ace4325553cdb3fab5676e1e18,uniswap,0xbbd323e1dc0e756a5e7ee94d6faf0fc4662afc65983ac59150700f470952ec7d,https://dexscreener.com/robinhood/0xbbd323e1dc0e756a5e7ee94d6faf0fc4662afc65983ac59150700f470952ec7d,2026-09-05T21:02:05+00:00,20033.67,16812.75,190,185,1.997e-05,v4
2026-09-06T06:19:04.693077+00:00,FIG,Figma • Robinhood Token,0x41f4267525a8aff329540ef24fd83d9044758b33,https://robinhoodchain.blockscout.com/token/0x41f4267525a8aff329540ef24fd83d9044758b33,FLIPPY,Flippy,0xb4a7e23eae21a123379c001c344092b60d6d1e18,https://robinhoodchain.blockscout.com/token/0xb4a7e23eae21a123379c001c344092b60d6d1e18,uniswap,0x0b7d2f02ff27ce0a8d23ad9147470e139df749e40d5932548c0b11ca5742d24e,https://dexscreener.com/robinhood/0x0b7d2f02ff27ce0a8d23ad9147470e139df749e40d5932548c0b11ca5742d24e,2026-09-05T18:46:07+00:00,20019.23,3764.92,18,21,2.001e-05,v4
2026-09-06T06:19:51.064239+00:00,PFE,Pfizer • Robinhood Token,0x7066a64c24e4206cd62e83bf198c1e7eb361f51e,https://robinhoodchain.blockscout.com/token/0x7066a64c24e4206cd62e83bf198c1e7eb361f51e,HOODLIUM,HOODLIUM,0x7db64c63eafcc98f629975fdfe6bdff076ca1e18,https://robinhoodchain.blockscout.com/token/0x7db64c63eafcc98f629975fdfe6bdff076ca1e18,uniswap,0x81a88002e5a2f5fffa25b9e4c3ae6450d4a468d6102bd8e43574ddf9cef2a094,https://dexscreener.com/robinhood/0x81a88002e5a2f5fffa25b9e4c3ae6450d4a468d6102bd8e43574ddf9cef2a094,2026-09-05T21:15:54+00:00,20000.01,24.37,3,3,1.999e-05,v4
2026-09-06T06:19:27.393829+00:00,LMT,Lockheed • Robinhood Token,0x329fcaceb9ad6f9580dd5f643fed0646900d043c,https://robinhoodchain.blockscout.com/token/0x329fcaceb9ad6f9580dd5f643fed0646900d043c,PENTA,Pentacoin,0xcba2c683dfe6370b535678e04f4c839d610d1e18,https://robinhoodchain.blockscout.com/token/0xcba2c683dfe6370b535678e04f4c839d610d1e18,uniswap,0x05ebcd7996d602c478dd46660ed09e617d441683b97e346b7da83f27339433f1,https://dexscreener.com/robinhood/0x05ebcd7996d602c478dd46660ed09e617d441683b97e346b7da83f27339433f1,2026-09-06T02:28:26+00:00,19992.31,488.78,3,3,1.999e-05,v4
2026-09-06T06:19:52.459864+00:00,PLTR,Palantir Technologies • Robinhood Token,0x894e1ec2d74ffe5aef8dc8a9e84686accb964f2a,https://robinhoodchain.blockscout.com/token/0x894e1ec2d74ffe5aef8dc8a9e84686accb964f2a,$TPS,The Palantir Society,0xa9236e79eb4a2ecbe76c8c75afd251345a9242c6,https://robinhoodchain.blockscout.com/token/0xa9236e79eb4a2ecbe76c8c75afd251345a9242c6,uniswap,0xecaf37b461a924c75d6b018dad35d82313b8b142d1b04361169ae65e80680acd,https://dexscreener.com/robinhood/0xecaf37b461a924c75d6b018dad35d82313b8b142d1b04361169ae65e80680acd,2026-09-05T20:43:02+00:00,19990.13,60627.18,199,152,5.733e-05,v4
2026-09-06T06:18:53.499101+00:00,CLSK,CleanSpark • Robinhood Token,0xcbb95bbf36099d34da091dc6fa6f49efa257cee3,https://robinhoodchain.blockscout.com/token/0xcbb95bbf36099d34da091dc6fa6f49efa257cee3,PP,PiedPiperCoin,0x91ca3841be11bbaf3136940b24de29ca34c31e18,https://robinhoodchain.blockscout.com/token/0x91ca3841be11bbaf3136940b24de29ca34c31e18,uniswap,0x6f45e045f8c944420696e2eb55fac5f4e6c23769fd1d1c361bcbc3fc731073cf,https://dexscreener.com/robinhood/0x6f45e045f8c944420696e2eb55fac5f4e6c23769fd1d1c361bcbc3fc731073cf,2026-09-05T17:20:39+00:00,19977.52,275.9,8,7,2.017e-05,v4
2026-09-06T06:20:15.476079+00:00,TSM,Taiwan Semiconductor Manufacturing • Robinhood Token,0x58ffe4a942d3885baa22d7520691f611ef09e7aa,https://robinhoodchain.blockscout.com/token/0x58ffe4a942d3885baa22d7520691f611ef09e7aa,WAFER,Wafer,0xf962d36e1b7ec6bf75ab0228086635e0258b1e18,https://robinhoodchain.blockscout.com/token/0xf962d36e1b7ec6bf75ab0228086635e0258b1e18,uniswap,0x5b65a2fe0a2f7c6d4a367e7951a911e39d0c1346c78176ac2b7c1941b53e9391,https://dexscreener.com/robinhood/0x5b65a2fe0a2f7c6d4a367e7951a911e39d0c1346c78176ac2b7c1941b53e9391,2026-09-05T12:20:47+00:00,19973.84,962.62,3,3,1.997e-05,v4
2026-09-06T06:20:24.307365+00:00,WYFI,"WhiteFiber, Inc. • Robinhood Token",0x9e7abd3c9139d14e4c86dce0e455aab7a0c2fb3e,https://robinhoodchain.blockscout.com/token/0x9e7abd3c9139d14e4c86dce0e455aab7a0c2fb3e,WIGGA,WIGGA,0x78caec6139abb4b8be567d130ff6b6fc4793d395,https://robinhoodchain.blockscout.com/token/0x78caec6139abb4b8be567d130ff6b6fc4793d395,uniswap,0x942a4daa797c7eb0e9848063d85a7ff666c2044e3fc5db79408e759483ee08bd,https://dexscreener.com/robinhood/0x942a4daa797c7eb0e9848063d85a7ff666c2044e3fc5db79408e759483ee08bd,2026-09-05T08:28:33+00:00,19965.72,29510.54,13,13,0.0001002,v4
2026-09-06T06:18:36.203214+00:00,AMD,AMD • Robinhood Token,0x86923f96303d656e4aa86d9d42d1e57ad2023fdc,https://robinhoodchain.blockscout.com/token/0x86923f96303d656e4aa86d9d42d1e57ad2023fdc,CHIP,Cyber Hardware-Integrated Pup,0xe38b1c963afc21f06b9e82a2de36a84fbb9c6e59,https://robinhoodchain.blockscout.com/token/0xe38b1c963afc21f06b9e82a2de36a84fbb9c6e59,uniswap,0x051535496d045a87f9abe2380aba1bb3d5eaa744953478ea1fc1c1d84ed58b10,https://dexscreener.com/robinhood/0x051535496d045a87f9abe2380aba1bb3d5eaa744953478ea1fc1c1d84ed58b10,2026-09-01T02:42:47+00:00,19958.9,42626.1,212,174,5.927e-05,v4
2026-09-06T06:20:22.160904+00:00,VST,Vistra • Robinhood Token,0x561e2a49212b7ccf47f2744ccb83e200722fadbc,https://robinhoodchain.blockscout.com/token/0x561e2a49212b7ccf47f2744ccb83e200722fadbc,IN,Invest,0xd7f36b60939f92c91fa9a582763a692af700ab03,https://robinhoodchain.blockscout.com/token/0xd7f36b60939f92c91fa9a582763a692af700ab03,uniswap,0xb645551cc5fd71d24a779669a555ff3e33177a0f1d4155984e7cc3b20f90d930,https://dexscreener.com/robinhood/0xb645551cc5fd71d24a779669a555ff3e33177a0f1d4155984e7cc3b20f90d930,2026-09-05T21:26:32+00:00,19950.63,93.21,3,3,1.995e-05,v4
2026-09-06T06:19:09.754091+00:00,GE,General Electric • Robinhood Token,0x63b814ddbd6bf339f25fed8c36158a008d5b373e,https://robinhoodchain.blockscout.com/token/0x63b814ddbd6bf339f25fed8c36158a008d5b373e,RO,RogeCoin,0x9d5cd8d94608097834cc81cd84c5dc90bac71e18,https://robinhoodchain.blockscout.com/token/0x9d5cd8d94608097834cc81cd84c5dc90bac71e18,uniswap,0x403bafad66f5cc1d6e998ce3312e70b23b3fddcbd8145f25324c5127e8f8d257,https://dexscreener.com/robinhood/0x403bafad66f5cc1d6e998ce3312e70b23b3fddcbd8145f25324c5127e8f8d257,2026-09-05T21:10:51+00:00,19949.03,9176.11,36,64,1.994e-05,v4
2026-09-06T06:19:51.064239+00:00,PFE,Pfizer • Robinhood Token,0x7066a64c24e4206cd62e83bf198c1e7eb361f51e,https://robinhoodchain.blockscout.com/token/0x7066a64c24e4206cd62e83bf198c1e7eb361f51e,VACCINU,VACCINU,0x9fa41013c614c424c764e11f641fee6da40e1e18,https://robinhoodchain.blockscout.com/token/0x9fa41013c614c424c764e11f641fee6da40e1e18,uniswap,0x0f193e550d5fa4aa1d8a0f24aedf98c0f45a93e97ee569e4cf6d878408cabfe8,https://dexscreener.com/robinhood/0x0f193e550d5fa4aa1d8a0f24aedf98c0f45a93e97ee569e4cf6d878408cabfe8,2026-09-05T21:07:49+00:00,19935.96,4308.29,24,24,1.989e-05,v4
2026-09-06T06:19:51.064239+00:00,PFE,Pfizer • Robinhood Token,0x7066a64c24e4206cd62e83bf198c1e7eb361f51e,https://robinhoodchain.blockscout.com/token/0x7066a64c24e4206cd62e83bf198c1e7eb361f51e,LABS,Labs,0xd4932a61a0d8375d5986c6b0a94ffcd054311e18,https://robinhoodchain.blockscout.com/token/0xd4932a61a0d8375d5986c6b0a94ffcd054311e18,uniswap,0xf8c44ba74f89b2e57c0425d47f9c72e88fb51c3869e80fa4edf265be7ff901a9,https://dexscreener.com/robinhood/0xf8c44ba74f89b2e57c0425d47f9c72e88fb51c3869e80fa4edf265be7ff901a9,2026-09-05T21:05:12+00:00,19933.78,801.04,4,5,1.992e-05,v4
2026-09-06T06:19:27.393829+00:00,LMT,Lockheed • Robinhood Token,0x329fcaceb9ad6f9580dd5f643fed0646900d043c,https://robinhoodchain.blockscout.com/token/0x329fcaceb9ad6f9580dd5f643fed0646900d043c,SKUNK,Skunk Works,0xe0b83fd7e6e95f8dbfe492378ebb270f81eb1e18,https://robinhoodchain.blockscout.com/token/0xe0b83fd7e6e95f8dbfe492378ebb270f81eb1e18,uniswap,0x6df6333219d63727c5ad04bdf2f20adf9db67d6d19a20eeeec8194eaba834e0a,https://dexscreener.com/robinhood/0x6df6333219d63727c5ad04bdf2f20adf9db67d6d19a20eeeec8194eaba834e0a,2026-09-05T21:13:43+00:00,19931.1,967.46,9,9,1.991e-05,v4
2026-09-06T06:19:27.393829+00:00,LMT,Lockheed • Robinhood Token,0x329fcaceb9ad6f9580dd5f643fed0646900d043c,https://robinhoodchain.blockscout.com/token/0x329fcaceb9ad6f9580dd5f643fed0646900d043c,WARDOGE,WARDOGE,0x903a4805e0eea3aab5960ba610566809f43f1e18,https://robinhoodchain.blockscout.com/token/0x903a4805e0eea3aab5960ba610566809f43f1e18,uniswap,0xf8d469781effbfa8c1e23f5d3a0d7fa4132a2c79926d84ad4e55f9d15f853339,https://dexscreener.com/robinhood/0xf8d469781effbfa8c1e23f5d3a0d7fa4132a2c79926d84ad4e55f9d15f853339,2026-09-05T21:26:41+00:00,19913.37,580.71,3,3,1.991e-05,v4
2026-09-06T06:19:27.393829+00:00,LMT,Lockheed • Robinhood Token,0x329fcaceb9ad6f9580dd5f643fed0646900d043c,https://robinhoodchain.blockscout.com/token/0x329fcaceb9ad6f9580dd5f643fed0646900d043c,JETFUEL,JETFUEL,0x5461acae90fed6d6147aac4f7cc9633784151e18,https://robinhoodchain.blockscout.com/token/0x5461acae90fed6d6147aac4f7cc9633784151e18,uniswap,0x933557e3d20bf29908fefdb9f64d74b12af4da75bec3b8873668df047d962acc,https://dexscreener.com/robinhood/0x933557e3d20bf29908fefdb9f64d74b12af4da75bec3b8873668df047d962acc,2026-09-05T21:09:25+00:00,19903.14,1208.36,6,6,1.989e-05,v4
2026-09-06T06:18:45.799965+00:00,BB,Blackberry • Robinhood Token,0x48e39e56acdba37b09020c0b734a613c9a2f100a,https://robinhoodchain.blockscout.com/token/0x48e39e56acdba37b09020c0b734a613c9a2f100a,RIM,RIM coin,0xf1dd5b624784134895b2cd4357dfefc1c4f21e18,https://robinhoodchain.blockscout.com/token/0xf1dd5b624784134895b2cd4357dfefc1c4f21e18,uniswap,0x533417f1ee6b4912e428c65937c6c42f46b647eb5a90fa5e4152632f4adab670,https://dexscreener.com/robinhood/0x533417f1ee6b4912e428c65937c6c42f46b647eb5a90fa5e4152632f4adab670,2026-08-31T19:40:49+00:00,19900.87,49.91,3,3,1.973e-05,v4
2026-09-06T06:19:39.642014+00:00,NFLX,Netflix • Robinhood Token,0xe0444ef8bf4ed74f74fd73686e2ddf4c1c5591e8,https://robinhoodchain.blockscout.com/token/0xe0444ef8bf4ed74f74fd73686e2ddf4c1c5591e8,KIBBLE,KIBBLE,0xce5873ddd1e68e715ed3523b25e144ba3781257f,https://robinhoodchain.blockscout.com/token/0xce5873ddd1e68e715ed3523b25e144ba3781257f,uniswap,0x88461259413b684c22bbb1c59bab6d92b34c3fbe3b5c49935923766996d084a5,https://dexscreener.com/robinhood/0x88461259413b684c22bbb1c59bab6d92b34c3fbe3b5c49935923766996d084a5,2026-09-02T23:42:01+00:00,19895.45,413.83,1,18,1.998e-05,v4
2026-09-06T06:19:22.218506+00:00,JNJ,Johnson & Johnson • Robinhood Token,0x03dfbbe0ac4e7bcdafd08ed41a400326b77d8c80,https://robinhoodchain.blockscout.com/token/0x03dfbbe0ac4e7bcdafd08ed41a400326b77d8c80,JOHNSON,JOHNSON,0x137fb096250f56bd9198889827cfce6fbc421e18,https://robinhoodchain.blockscout.com/token/0x137fb096250f56bd9198889827cfce6fbc421e18,uniswap,0xb4bb5bc6b691cb0ba3126f4c3442d038430be3ae87a20e4af6a2442048848b46,https://dexscreener.com/robinhood/0xb4bb5bc6b691cb0ba3126f4c3442d038430be3ae87a20e4af6a2442048848b46,2026-09-05T22:06:32+00:00,19884.77,246.41,3,3,1.988e-05,v4
2026-09-06T06:18:47.213404+00:00,BULL,Webull • Robinhood Token,0xcef9027c7d6985b85f0ba431125073529a947a68,https://robinhoodchain.blockscout.com/token/0xcef9027c7d6985b85f0ba431125073529a947a68,RALLY,RALLY,0x921b9de066394344755a1b8e6b0bfff819581e18,https://robinhoodchain.blockscout.com/token/0x921b9de066394344755a1b8e6b0bfff819581e18,uniswap,0xa3084b4627339a85ff2328f8d61c968eda10a8234ab244b4ecb15c0095ca9a0d,https://dexscreener.com/robinhood/0xa3084b4627339a85ff2328f8d61c968eda10a8234ab244b4ecb15c0095ca9a0d,2026-09-05T18:56:38+00:00,19824.18,2513.91,15,15,2.001e-05,v4
2026-09-06T06:19:16.415254+00:00,IBM,IBM • Robinhood Token,0x980dcf6766fa79f5cf0c4aadb3ab477ff15a9619,https://robinhoodchain.blockscout.com/token/0x980dcf6766fa79f5cf0c4aadb3ab477ff15a9619,BOOMR,I Boomer Money,0x3da959a89bac78e4d765b829cf5e888fed971e18,https://robinhoodchain.blockscout.com/token/0x3da959a89bac78e4d765b829cf5e888fed971e18,uniswap,0x1b662c44fd6ae3e72951b0b23241a14acf3a67911b5cb7cf79069c5d7dd6d03a,https://dexscreener.com/robinhood/0x1b662c44fd6ae3e72951b0b23241a14acf3a67911b5cb7cf79069c5d7dd6d03a,2026-09-05T14:36:57+00:00,19800.58,550.44,6,6,1.979e-05,v4
2026-09-06T06:19:22.218506+00:00,JNJ,Johnson & Johnson • Robinhood Token,0x03dfbbe0ac4e7bcdafd08ed41a400326b77d8c80,https://robinhoodchain.blockscout.com/token/0x03dfbbe0ac4e7bcdafd08ed41a400326b77d8c80,CATAMINE,Catamine the Cat,0xc1a7ca482a77a60aaae666b1feacb54b69711e18,https://robinhoodchain.blockscout.com/token/0xc1a7ca482a77a60aaae666b1feacb54b69711e18,uniswap,0x767f433187433bcdce8509e7883609e6163a05ca9e9b958f5d66e8c14505e94f,https://dexscreener.com/robinhood/0x767f433187433bcdce8509e7883609e6163a05ca9e9b958f5d66e8c14505e94f,2026-09-05T20:52:12+00:00,19784.3,338.38,6,6,1.978e-05,v4
2026-09-06T06:19:05.786691+00:00,FIX,Comfort Systems • Robinhood Token,0x93dbb1d2dc5d63f4abacff30485273f538df68ac,https://robinhoodchain.blockscout.com/token/0x93dbb1d2dc5d63f4abacff30485273f538df68ac,HER,I can fix her,0x076297836173143afde727076b359f5e21ab1e18,https://robinhoodchain.blockscout.com/token/0x076297836173143afde727076b359f5e21ab1e18,uniswap,0xe2c673814cc8619c768befdf27fade811841e537483c045d237b0ef7dd8d2381,https://dexscreener.com/robinhood/0xe2c673814cc8619c768befdf27fade811841e537483c045d237b0ef7dd8d2381,2026-09-03T23:08:33+00:00,19779.04,2.64,2,1,1.991e-05,v4
2026-09-06T06:19:51.064239+00:00,PFE,Pfizer • Robinhood Token,0x7066a64c24e4206cd62e83bf198c1e7eb361f51e,https://robinhoodchain.blockscout.com/token/0x7066a64c24e4206cd62e83bf198c1e7eb361f51e,HOPIUM,HOPIUM,0x7a8fa983956dd50597bc514e107ab7d4cbc11e18,https://robinhoodchain.blockscout.com/token/0x7a8fa983956dd50597bc514e107ab7d4cbc11e18,uniswap,0xbdc95bd555bcab8433f861dba8144ff9804ff547c2fdacb5b4bb4f20b4b2f931,https://dexscreener.com/robinhood/0xbdc95bd555bcab8433f861dba8144ff9804ff547c2fdacb5b4bb4f20b4b2f931,2026-09-05T21:05:33+00:00,19769.2,13645.56,148,143,1.969e-05,v4
2026-09-06T06:19:16.415254+00:00,IBM,IBM • Robinhood Token,0x980dcf6766fa79f5cf0c4aadb3ab477ff15a9619,https://robinhoodchain.blockscout.com/token/0x980dcf6766fa79f5cf0c4aadb3ab477ff15a9619,NPC,NPC,0x5dcf192060e883f4ab8af3d0e1bb4a190a171e18,https://robinhoodchain.blockscout.com/token/0x5dcf192060e883f4ab8af3d0e1bb4a190a171e18,uniswap,0x70b0c2dbe3cf39b7bde49ea9ca0acc1ac87caaeed407f26a985c292c3bf476c3,https://dexscreener.com/robinhood/0x70b0c2dbe3cf39b7bde49ea9ca0acc1ac87caaeed407f26a985c292c3bf476c3,2026-09-05T21:07:42+00:00,19761.25,476.54,6,6,1.975e-05,v4
2026-09-06T06:20:02.280731+00:00,RKLB,Rocket Lab Corporation • Robinhood Token,0x3b14c39e89d60d627b42a1a4ca45b5bb45fc12e2,https://robinhoodchain.blockscout.com/token/0x3b14c39e89d60d627b42a1a4ca45b5bb45fc12e2,MOON,To The Moon,0x73ec8cca566ab0387749fb57fdacb91849bd6ba3,https://robinhoodchain.blockscout.com/token/0x73ec8cca566ab0387749fb57fdacb91849bd6ba3,uniswap,0xc2debcc5f3ad2c3ed0243b470c56e021cfef0e610f1eb36d1abb2866a447e885,https://dexscreener.com/robinhood/0xc2debcc5f3ad2c3ed0243b470c56e021cfef0e610f1eb36d1abb2866a447e885,2026-09-05T19:50:23+00:00,19753.21,201822.77,1337,2016,2.266e-07,v4
2026-09-06T06:19:16.415254+00:00,IBM,IBM • Robinhood Token,0x980dcf6766fa79f5cf0c4aadb3ab477ff15a9619,https://robinhoodchain.blockscout.com/token/0x980dcf6766fa79f5cf0c4aadb3ab477ff15a9619,IBM,I Buy Memes,0x8f6983fa39bf888ffeee6eb597ba4de338ba1e18,https://robinhoodchain.blockscout.com/token/0x8f6983fa39bf888ffeee6eb597ba4de338ba1e18,uniswap,0x05ee880dd5a3470c5ff6068a27ef053fb17ac0f3e6d6572895411f481b0c7877,https://dexscreener.com/robinhood/0x05ee880dd5a3470c5ff6068a27ef053fb17ac0f3e6d6572895411f481b0c7877,2026-09-05T10:30:25+00:00,19737.75,49.55,3,3,1.973e-05,v4
2026-09-06T06:18:48.492583+00:00,CCL,Carnival Corporation • Robinhood Token,0x9651342cea770ae9a2969ba2a52611523146aef9,https://robinhoodchain.blockscout.com/token/0x9651342cea770ae9a2969ba2a52611523146aef9,SHEEEIT,Cruise Sheeeit,0xbb74c6bb863a2be63ef9b710cebebc3f24f01e18,https://robinhoodchain.blockscout.com/token/0xbb74c6bb863a2be63ef9b710cebebc3f24f01e18,uniswap,0x0d23063c1b00cd4bde0101050fb02a1b6593a0203abc60c6ed652c6fcd293a1e,https://dexscreener.com/robinhood/0x0d23063c1b00cd4bde0101050fb02a1b6593a0203abc60c6ed652c6fcd293a1e,2026-09-05T12:09:12+00:00,19693.68,359.41,6,6,1.968e-05,v4
2026-09-06T06:19:42.060578+00:00,NU,Nu • Robinhood Token,0x408c14038a04f7bd235329e26d2bf569ee20e250,https://robinhoodchain.blockscout.com/token/0x408c14038a04f7bd235329e26d2bf569ee20e250,SHIBAI,SHIBA INU,0xacdf68efa0566688ed84038bb4e9f509fe471e18,https://robinhoodchain.blockscout.com/token/0xacdf68efa0566688ed84038bb4e9f509fe471e18,uniswap,0xf43a60396b1fb5ce3e134361c00f4bab1930638579e4581e6e3a08eadb8d2c1d,https://dexscreener.com/robinhood/0xf43a60396b1fb5ce3e134361c00f4bab1930638579e4581e6e3a08eadb8d2c1d,2026-09-04T10:26:27+00:00,19688.81,59.89,2,1,1.968e-05,v4
2026-09-06T06:19:42.060578+00:00,NU,Nu • Robinhood Token,0x408c14038a04f7bd235329e26d2bf569ee20e250,https://robinhoodchain.blockscout.com/token/0x408c14038a04f7bd235329e26d2bf569ee20e250,NU,No Utility,0xda0957dc4b7738fd98267b57ae72c42e25a11e18,https://robinhoodchain.blockscout.com/token/0xda0957dc4b7738fd98267b57ae72c42e25a11e18,uniswap,0x3a0973550225e45e135850901a4068d627b9eb8a7109b2a0932df0be717c28d7,https://dexscreener.com/robinhood/0x3a0973550225e45e135850901a4068d627b9eb8a7109b2a0932df0be717c28d7,2026-09-04T05:21:06+00:00,19638.68,16.72,2,1,1.95e-05,v4
2026-09-06T06:18:58.568651+00:00,CRWV,CoreWeave • Robinhood Token,0x5f10a1c971b69e47e059e1dc91901b59b3fb49c3,https://robinhoodchain.blockscout.com/token/0x5f10a1c971b69e47e059e1dc91901b59b3fb49c3,BUBL,BUBBLE,0xebae79f13fc0c59d1b0a66e8d65cb8fd782d1e18,https://robinhoodchain.blockscout.com/token/0xebae79f13fc0c59d1b0a66e8d65cb8fd782d1e18,uniswap,0x55c284120cadbb9c52d27a8b7e688122c480bde73f773d0c261f1a26e05a5b7d,https://dexscreener.com/robinhood/0x55c284120cadbb9c52d27a8b7e688122c480bde73f773d0c261f1a26e05a5b7d,2026-09-05T17:33:56+00:00,19611.26,1.18,1,2,1.961e-05,v4
2026-09-06T06:19:01.128821+00:00,DELL,Dell • Robinhood Token,0x941ae714ec6d8130c7b75d67160ca08f1e7d11dd,https://robinhoodchain.blockscout.com/token/0x941ae714ec6d8130c7b75d67160ca08f1e7d11dd,DIAMONDS,Pressure Makes Diamonds,0x92ac2cd4bda3e9c873fba0e91401e458cdde1e18,https://robinhoodchain.blockscout.com/token/0x92ac2cd4bda3e9c873fba0e91401e458cdde1e18,uniswap,0x61f041c924353f0cdb059e62d1020c7635fa6304216e2bc10d58ede8eea228f1,https://dexscreener.com/robinhood/0x61f041c924353f0cdb059e62d1020c7635fa6304216e2bc10d58ede8eea228f1,2026-09-05T19:22:56+00:00,19610.86,3851.19,26,25,1.96e-05,v4
2026-09-06T06:20:03.225696+00:00,RUN,Sunrun • Robinhood Token,0x756bc80af765c82da966a788858d65adf14f3793,https://robinhoodchain.blockscout.com/token/0x756bc80af765c82da966a788858d65adf14f3793,SONIC,Sonic,0x69b8dca535952a196885eeca83cef5981f221e18,https://robinhoodchain.blockscout.com/token/0x69b8dca535952a196885eeca83cef5981f221e18,uniswap,0x8ffeaf00cbc333455c5d1b78c54625d7f298113b87790026d8c1a41cb98a24b3,https://dexscreener.com/robinhood/0x8ffeaf00cbc333455c5d1b78c54625d7f298113b87790026d8c1a41cb98a24b3,2026-09-06T04:03:57+00:00,19609.28,2560.57,12,12,1.96e-05,v4
2026-09-06T06:20:03.225696+00:00,RUN,Sunrun • Robinhood Token,0x756bc80af765c82da966a788858d65adf14f3793,https://robinhoodchain.blockscout.com/token/0x756bc80af765c82da966a788858d65adf14f3793,FORREST,Run Forrest Run,0x8864b67f98c4a2a80a2d6c464e8b67ce1c7a1e18,https://robinhoodchain.blockscout.com/token/0x8864b67f98c4a2a80a2d6c464e8b67ce1c7a1e18,uniswap,0x2bb9358ba444acf1089ab61e0766e5f7e09175aca38716c297adcc441065336a,https://dexscreener.com/robinhood/0x2bb9358ba444acf1089ab61e0766e5f7e09175aca38716c297adcc441065336a,2026-09-06T04:01:09+00:00,19609.0,713.55,18,18,1.96e-05,v4
2026-09-06T06:18:58.568651+00:00,CRWV,CoreWeave • Robinhood Token,0x5f10a1c971b69e47e059e1dc91901b59b3fb49c3,https://robinhoodchain.blockscout.com/token/0x5f10a1c971b69e47e059e1dc91901b59b3fb49c3,EZPW,EZCORP Inc,0xde952e5c3b847a935b4c3f500520d2fb33941e18,https://robinhoodchain.blockscout.com/token/0xde952e5c3b847a935b4c3f500520d2fb33941e18,uniswap,0xa75473015c5205b62cc2718e1aa3eeb57c8e666f03c3336bced1f263cf18cbd6,https://dexscreener.com/robinhood/0xa75473015c5205b62cc2718e1aa3eeb57c8e666f03c3336bced1f263cf18cbd6,2026-09-05T20:12:50+00:00,19608.93,0.0,3,3,1.96e-05,v4
2026-09-06T06:19:38.832169+00:00,NET,"Cloudflare, Inc. Class A common stock • Robinhood Token",0x116f00968269b7bfbad4109ce591d6e74c0601d4,https://robinhoodchain.blockscout.com/token/0x116f00968269b7bfbad4109ce591d6e74c0601d4,DOT,.,0x4fd349be1240486a03cab4deaf53e8a645b11e18,https://robinhoodchain.blockscout.com/token/0x4fd349be1240486a03cab4deaf53e8a645b11e18,uniswap,0xe8abfdc58a5d2c18bc75836cdad2e2f7cd93eb3e8ffaaf4d99aa8cb3d466cbf5,https://dexscreener.com/robinhood/0xe8abfdc58a5d2c18bc75836cdad2e2f7cd93eb3e8ffaaf4d99aa8cb3d466cbf5,2026-09-04T08:31:10+00:00,19590.76,40.17,2,1,1.957e-05,v4
2026-09-06T06:19:45.048778+00:00,ON,ON Semiconductor • Robinhood Token,0xbbd09f72b025360fee5c928053dca6248d35be54,https://robinhoodchain.blockscout.com/token/0xbbd09f72b025360fee5c928053dca6248d35be54,TYTH,Mike Tython,0x2e03d42e8bed6c4079766683dd696d7b910b1e18,https://robinhoodchain.blockscout.com/token/0x2e03d42e8bed6c4079766683dd696d7b910b1e18,uniswap,0xe4313d8463ae1458fee4bbfc3cc2cb3f8d546503df785c311263528f2ced0cd8,https://dexscreener.com/robinhood/0xe4313d8463ae1458fee4bbfc3cc2cb3f8d546503df785c311263528f2ced0cd8,2026-09-04T20:49:21+00:00,19581.28,0.0,2,1,1.967e-05,v4
2026-09-06T06:20:03.225696+00:00,RUN,Sunrun • Robinhood Token,0x756bc80af765c82da966a788858d65adf14f3793,https://robinhoodchain.blockscout.com/token/0x756bc80af765c82da966a788858d65adf14f3793,FLASH,Flash,0x1d3e2f1e8382e490223bfdedaafbd12465281e18,https://robinhoodchain.blockscout.com/token/0x1d3e2f1e8382e490223bfdedaafbd12465281e18,uniswap,0xafb3d3e853974d63acb63458e5086dc87c46c5d6313e5b5c58cc7f4a54eb2f64,https://dexscreener.com/robinhood/0xafb3d3e853974d63acb63458e5086dc87c46c5d6313e5b5c58cc7f4a54eb2f64,2026-09-06T04:10:02+00:00,19577.38,50.8,5,4,1.957e-05,v4
2026-09-06T06:20:22.736294+00:00,WDAY,Workday • Robinhood Token,0x82da4646242e1d962e96e932269dc644c94a9caa,https://robinhoodchain.blockscout.com/token/0x82da4646242e1d962e96e932269dc644c94a9caa,JOB,jobcoin,0x49ca240712788260afb028240a9dafd2fa8e1e18,https://robinhoodchain.blockscout.com/token/0x49ca240712788260afb028240a9dafd2fa8e1e18,uniswap,0x06750e7e4c98c1d02dc247c14bbabe1f72a6c212a55a304495499b71345e7d36,https://dexscreener.com/robinhood/0x06750e7e4c98c1d02dc247c14bbabe1f72a6c212a55a304495499b71345e7d36,2026-09-03T22:55:42+00:00,19573.3,212.05,2,1,1.973e-05,v4
2026-09-06T06:19:38.832169+00:00,NET,"Cloudflare, Inc. Class A common stock • Robinhood Token",0x116f00968269b7bfbad4109ce591d6e74c0601d4,https://robinhoodchain.blockscout.com/token/0x116f00968269b7bfbad4109ce591d6e74c0601d4,PHISHING,PHISHING,0xf1486b51f6c065c07341dac817531e929e8a1e18,https://robinhoodchain.blockscout.com/token/0xf1486b51f6c065c07341dac817531e929e8a1e18,uniswap,0x05673da5d4eb356d3db6b10f09a780e33857a55333183efe23fdd42b1e69488b,https://dexscreener.com/robinhood/0x05673da5d4eb356d3db6b10f09a780e33857a55333183efe23fdd42b1e69488b,2026-09-03T21:29:41+00:00,19565.55,495.96,8,4,1.975e-05,v4
2026-09-06T06:19:03.182999+00:00,F,Ford Motor • Robinhood Token,0x25c288e6d899b9bc30160965ad9644c67e73be0c,https://robinhoodchain.blockscout.com/token/0x25c288e6d899b9bc30160965ad9644c67e73be0c,HARRISON,HARRISON,0x1bd5144ffeea7e9759d988b1a0e414276cc87dcf,https://robinhoodchain.blockscout.com/token/0x1bd5144ffeea7e9759d988b1a0e414276cc87dcf,uniswap,0xba18699a0573dfc94210415e9f5dd5edd141672ba8b0091822de7aec4e2d73d5,https://dexscreener.com/robinhood/0xba18699a0573dfc94210415e9f5dd5edd141672ba8b0091822de7aec4e2d73d5,2026-09-04T18:12:59+00:00,19558.95,69021.07,299,275,4.303e-05,v4
2026-09-06T06:20:22.736294+00:00,WDAY,Workday • Robinhood Token,0x82da4646242e1d962e96e932269dc644c94a9caa,https://robinhoodchain.blockscout.com/token/0x82da4646242e1d962e96e932269dc644c94a9caa,NEET,NEET,0x80e48f628f83ad60bd322e18b38d976b83741e18,https://robinhoodchain.blockscout.com/token/0x80e48f628f83ad60bd322e18b38d976b83741e18,uniswap,0xf503426feafb05485f5ac7deb30c5a67dfda1802180ff4b69651fe4ec20c347a,https://dexscreener.com/robinhood/0xf503426feafb05485f5ac7deb30c5a67dfda1802180ff4b69651fe4ec20c347a,2026-09-03T23:32:24+00:00,19547.94,233.22,2,1,1.955e-05,v4
2026-09-06T06:18:58.568651+00:00,CRWV,CoreWeave • Robinhood Token,0x5f10a1c971b69e47e059e1dc91901b59b3fb49c3,https://robinhoodchain.blockscout.com/token/0x5f10a1c971b69e47e059e1dc91901b59b3fb49c3,RACK,Rack,0x6b2c631f4bd0797e1c3c29d253a58cb4428f1e18,https://robinhoodchain.blockscout.com/token/0x6b2c631f4bd0797e1c3c29d253a58cb4428f1e18,uniswap,0xbade2d07246483e5ba15f542f5472ec668e1e065dac275e0cd5b1c263e7592c9,https://dexscreener.com/robinhood/0xbade2d07246483e5ba15f542f5472ec668e1e065dac275e0cd5b1c263e7592c9,2026-09-04T19:43:08+00:00,19540.91,0.09,2,1,1.952e-05,v4
2026-09-06T06:19:01.128821+00:00,DELL,Dell • Robinhood Token,0x941ae714ec6d8130c7b75d67160ca08f1e7d11dd,https://robinhoodchain.blockscout.com/token/0x941ae714ec6d8130c7b75d67160ca08f1e7d11dd,DIAMOND,Pressure Makes Diamonds,0xc9d17bf2b352c8c46590ab09257ce5c84b5a1e18,https://robinhoodchain.blockscout.com/token/0xc9d17bf2b352c8c46590ab09257ce5c84b5a1e18,uniswap,0x1706fee36c0ca96078ea50ccbd73cd0d04949044a770aa1efee6c9e587d54fa7,https://dexscreener.com/robinhood/0x1706fee36c0ca96078ea50ccbd73cd0d04949044a770aa1efee6c9e587d54fa7,2026-09-05T19:23:17+00:00,19536.73,1519.09,4,8,1.953e-05,v4
2026-09-06T06:19:01.128821+00:00,DELL,Dell • Robinhood Token,0x941ae714ec6d8130c7b75d67160ca08f1e7d11dd,https://robinhoodchain.blockscout.com/token/0x941ae714ec6d8130c7b75d67160ca08f1e7d11dd,DEL,ctrl + alt dell,0x469eb9841e9b179a9b9d6f7838ccacf8e1f61e18,https://robinhoodchain.blockscout.com/token/0x469eb9841e9b179a9b9d6f7838ccacf8e1f61e18,uniswap,0x44b7ee0806f3ed780e1c66310c3abd336d1945b5855dbd30fe71c38a4812b12d,https://dexscreener.com/robinhood/0x44b7ee0806f3ed780e1c66310c3abd336d1945b5855dbd30fe71c38a4812b12d,2026-09-04T09:04:03+00:00,19531.69,47.63,2,1,1.952e-05,v4
2026-09-06T06:19:01.128821+00:00,DELL,Dell • Robinhood Token,0x941ae714ec6d8130c7b75d67160ca08f1e7d11dd,https://robinhoodchain.blockscout.com/token/0x941ae714ec6d8130c7b75d67160ca08f1e7d11dd,METRICS,HoodMetrics,0x14ac53604e6d18b1ca2767d38623cd03ce8d1e18,https://robinhoodchain.blockscout.com/token/0x14ac53604e6d18b1ca2767d38623cd03ce8d1e18,uniswap,0xcee0a7a67bae622c07c1421b47c7155d472261f93eb190598c634d981687103c,https://dexscreener.com/robinhood/0xcee0a7a67bae622c07c1421b47c7155d472261f93eb190598c634d981687103c,2026-09-05T19:25:59+00:00,19527.29,476.63,3,3,1.952e-05,v4
2026-09-06T06:19:01.128821+00:00,DELL,Dell • Robinhood Token,0x941ae714ec6d8130c7b75d67160ca08f1e7d11dd,https://robinhoodchain.blockscout.com/token/0x941ae714ec6d8130c7b75d67160ca08f1e7d11dd,DUDE,DUDE,0x4421e2cad210834021865ed5ec5be7af78231e18,https://robinhoodchain.blockscout.com/token/0x4421e2cad210834021865ed5ec5be7af78231e18,uniswap,0x122e03102513c028fff1542376872a3b242dd3e51e37ad8e151cbceba6fb90b6,https://dexscreener.com/robinhood/0x122e03102513c028fff1542376872a3b242dd3e51e37ad8e151cbceba6fb90b6,2026-09-05T09:25:02+00:00,19526.12,2002.66,18,18,1.952e-05,v4
2026-09-06T06:19:01.634065+00:00,DJT,Trump Media & Technology Group • Robinhood Token,0x1d11f0496982706c5e14a514d4e79f2e6bde4516,https://robinhoodchain.blockscout.com/token/0x1d11f0496982706c5e14a514d4e79f2e6bde4516,YUGE,yuge,0xa241401510fdbfc100c086d00d350a839fbb79db,https://robinhoodchain.blockscout.com/token/0xa241401510fdbfc100c086d00d350a839fbb79db,uniswap,0x0f92bbb9e0ec807d6a388ac188883ec4ea0c3781adf32f1dbe4eee3a79022cbf,https://dexscreener.com/robinhood/0x0f92bbb9e0ec807d6a388ac188883ec4ea0c3781adf32f1dbe4eee3a79022cbf,2026-09-04T13:52:20+00:00,19518.35,80833.5,287,303,5.501e-05,v4
2026-09-06T06:19:38.832169+00:00,NET,"Cloudflare, Inc. Class A common stock • Robinhood Token",0x116f00968269b7bfbad4109ce591d6e74c0601d4,https://robinhoodchain.blockscout.com/token/0x116f00968269b7bfbad4109ce591d6e74c0601d4,LAVALAMP,Lava Lamp,0x67b2f532e689f889fda7a9c95776e14440611e18,https://robinhoodchain.blockscout.com/token/0x67b2f532e689f889fda7a9c95776e14440611e18,uniswap,0x878fd03d9f9dfd6f6f3b0dfbac0aed1aaabf48a52a6ec4f62a59d54e8411c30a,https://dexscreener.com/robinhood/0x878fd03d9f9dfd6f6f3b0dfbac0aed1aaabf48a52a6ec4f62a59d54e8411c30a,2026-08-14T11:12:56+00:00,19505.7,20.88,4,2,1.949e-05,v4
2026-09-06T06:19:04.693077+00:00,FIG,Figma • Robinhood Token,0x41f4267525a8aff329540ef24fd83d9044758b33,https://robinhoodchain.blockscout.com/token/0x41f4267525a8aff329540ef24fd83d9044758b33,FIGGER,FIGGER,0x544fde38d8b5a46151baef2722e79ed36c6b1e18,https://robinhoodchain.blockscout.com/token/0x544fde38d8b5a46151baef2722e79ed36c6b1e18,uniswap,0x5724e63e8d4da0cc0140cbfd1e3af3e6df6cb403baf781d322eae665b2f84686,https://dexscreener.com/robinhood/0x5724e63e8d4da0cc0140cbfd1e3af3e6df6cb403baf781d322eae665b2f84686,2026-09-02T15:40:01+00:00,19500.58,20.74,2,1,1.935e-05,v4
2026-09-06T06:19:26.891455+00:00,LLY,Eli Lilly • Robinhood Token,0x8005d266423c7ea827372c9c864491e5786600ea,https://robinhoodchain.blockscout.com/token/0x8005d266423c7ea827372c9c864491e5786600ea,PH,Peptidehood,0xf79a4dc07395de315870b634d9ddcda24e13debd,https://robinhoodchain.blockscout.com/token/0xf79a4dc07395de315870b634d9ddcda24e13debd,uniswap,0x2e15de26a4f088b0934acf3b9d4e18cb7eab765e25ae6f0e59ad5e5691ae09e4,https://dexscreener.com/robinhood/0x2e15de26a4f088b0934acf3b9d4e18cb7eab765e25ae6f0e59ad5e5691ae09e4,2026-09-02T20:10:35+00:00,19365.76,127731.51,383,339,4.6e-05,v4
2026-09-06T06:19:01.128821+00:00,DELL,Dell • Robinhood Token,0x941ae714ec6d8130c7b75d67160ca08f1e7d11dd,https://robinhoodchain.blockscout.com/token/0x941ae714ec6d8130c7b75d67160ca08f1e7d11dd,CTRLALT,REBOOT,0x1057d5c69ead527d9ebe7aa416ce327ba6f51e18,https://robinhoodchain.blockscout.com/token/0x1057d5c69ead527d9ebe7aa416ce327ba6f51e18,uniswap,0xd6661d8adfd5a91206747a8933d66259d526a25cce43fe5bf3b6458909a273c7,https://dexscreener.com/robinhood/0xd6661d8adfd5a91206747a8933d66259d526a25cce43fe5bf3b6458909a273c7,2026-09-04T21:23:52+00:00,19340.01,232.48,2,1,1.933e-05,v4
2026-09-06T06:20:07.577878+00:00,SNAP,Snap • Robinhood Token,0xf6589f11bc40b669e584073f428b05562f568733,https://robinhoodchain.blockscout.com/token/0xf6589f11bc40b669e584073f428b05562f568733,CHAT,ChatSnap,0x45945f8be303442a6cfd055c1cfb1dadf5161e18,https://robinhoodchain.blockscout.com/token/0x45945f8be303442a6cfd055c1cfb1dadf5161e18,uniswap,0xe52c76bc8e980bc4f79374ccfaff9169c15ebf9013171adcdd5c58e0123a94e2,https://dexscreener.com/robinhood/0xe52c76bc8e980bc4f79374ccfaff9169c15ebf9013171adcdd5c58e0123a94e2,2026-09-04T10:01:37+00:00,19285.09,10.21,2,1,1.926e-05,v4
2026-09-06T06:19:51.064239+00:00,PFE,Pfizer • Robinhood Token,0x7066a64c24e4206cd62e83bf198c1e7eb361f51e,https://robinhoodchain.blockscout.com/token/0x7066a64c24e4206cd62e83bf198c1e7eb361f51e,BONER,BonerCoin,0x96063cb6d2dc387c56031868f94e09f048f81e18,https://robinhoodchain.blockscout.com/token/0x96063cb6d2dc387c56031868f94e09f048f81e18,uniswap,0xada43ef9784c91a5a89cfb49416e7b14b25b4de3b7ea29daf9660863fb4077e1,https://dexscreener.com/robinhood/0xada43ef9784c91a5a89cfb49416e7b14b25b4de3b7ea29daf9660863fb4077e1,2026-09-05T20:52:14+00:00,19242.46,1250.87,1,2,1.932e-05,v4
2026-09-06T06:20:10.885968+00:00,TE,T1 Energy • Robinhood Token,0xb1969f6604ca1ae7a2cd3f1827876e914594ca2d,https://robinhoodchain.blockscout.com/token/0xb1969f6604ca1ae7a2cd3f1827876e914594ca2d,KIT,Kitte,0x7840e68e9cec47a96ef5ba346785888681979e4c,https://robinhoodchain.blockscout.com/token/0x7840e68e9cec47a96ef5ba346785888681979e4c,uniswap,0xf41a9a91beb61fab435f40f1fe38bb1839390deca6e1a0823c9f2f6fb39be78f,https://dexscreener.com/robinhood/0xf41a9a91beb61fab435f40f1fe38bb1839390deca6e1a0823c9f2f6fb39be78f,2026-09-05T09:39:13+00:00,19233.06,461.58,6,6,1.923e-05,v4
2026-09-06T06:20:04.904459+00:00,SKHY,SK hynix Inc. American Depositary Shares • Robinhood Token,0x84cab63bc87912e71ad199ff14a0ba45de68fef8,https://robinhoodchain.blockscout.com/token/0x84cab63bc87912e71ad199ff14a0ba45de68fef8,IAM,IAM,0x66c91c90e61a9efb8440b0fc93d7e5b760491e18,https://robinhoodchain.blockscout.com/token/0x66c91c90e61a9efb8440b0fc93d7e5b760491e18,uniswap,0xe27461e28ce7c8fc55e739fa67d4e447e097b791a00aeeb39e8dc6a115436064,https://dexscreener.com/robinhood/0xe27461e28ce7c8fc55e739fa67d4e447e097b791a00aeeb39e8dc6a115436064,2026-09-04T23:12:31+00:00,19216.79,63.52,2,1,1.94e-05,v4
2026-09-06T06:19:04.693077+00:00,FIG,Figma • Robinhood Token,0x41f4267525a8aff329540ef24fd83d9044758b33,https://robinhoodchain.blockscout.com/token/0x41f4267525a8aff329540ef24fd83d9044758b33,SHADERS,SHADERS,0xe41d1063abc12471d9265d3ced57ae54711e1e18,https://robinhoodchain.blockscout.com/token/0xe41d1063abc12471d9265d3ced57ae54711e1e18,uniswap,0xb9ce41d5f2852c1babadf0beaaaa07accde4f90be4e0808c71d55ff3355c8e4e,https://dexscreener.com/robinhood/0xb9ce41d5f2852c1babadf0beaaaa07accde4f90be4e0808c71d55ff3355c8e4e,2026-09-03T17:25:01+00:00,19200.28,31.72,4,2,1.918e-05,v4
2026-09-06T06:19:22.218506+00:00,JNJ,Johnson & Johnson • Robinhood Token,0x03dfbbe0ac4e7bcdafd08ed41a400326b77d8c80,https://robinhoodchain.blockscout.com/token/0x03dfbbe0ac4e7bcdafd08ed41a400326b77d8c80,BABYOIL,Babyoil,0xb52f82064435be10766ac06155d2f930fef10ac7,https://robinhoodchain.blockscout.com/token/0xb52f82064435be10766ac06155d2f930fef10ac7,uniswap,0x4ffb5b6ae6a1d732ac72648b8eed43cfa8cc30922f838da05af6356b6efac238,https://dexscreener.com/robinhood/0x4ffb5b6ae6a1d732ac72648b8eed43cfa8cc30922f838da05af6356b6efac238,2026-09-05T07:32:34+00:00,19139.29,238.26,3,3,1.913e-05,v4
2026-09-06T06:20:03.225696+00:00,RUN,Sunrun • Robinhood Token,0x756bc80af765c82da966a788858d65adf14f3793,https://robinhoodchain.blockscout.com/token/0x756bc80af765c82da966a788858d65adf14f3793,BULL,BULL,0x8f8fe20222528bcb040e1ce9fecd60507c23fe01,https://robinhoodchain.blockscout.com/token/0x8f8fe20222528bcb040e1ce9fecd60507c23fe01,uniswap,0xf3374e38fc07d5648a9c5236ca9168242a7e0af368cf3e7d9964ff2e32229212,https://dexscreener.com/robinhood/0xf3374e38fc07d5648a9c5236ca9168242a7e0af368cf3e7d9964ff2e32229212,2026-09-02T20:34:11+00:00,18986.23,5240.31,23,37,3.237e-05,v4
2026-09-06T06:18:45.221065+00:00,BABA,Alibaba • Robinhood Token,0xad25ac6c84d497db898fa1e8387bf6af3532a1c4,https://robinhoodchain.blockscout.com/token/0xad25ac6c84d497db898fa1e8387bf6af3532a1c4,ANIU,阿牛,0xb0eebdc3df5cc112394e1f2a8dad54075c7a1c01,https://robinhoodchain.blockscout.com/token/0xb0eebdc3df5cc112394e1f2a8dad54075c7a1c01,uniswap,0x813069c0b502b2b2e8dbe91d2c7e9b3309809a9672178bf941f00c3ad59b53ca,https://dexscreener.com/robinhood/0x813069c0b502b2b2e8dbe91d2c7e9b3309809a9672178bf941f00c3ad59b53ca,2026-09-03T08:11:47+00:00,18929.83,25950.69,178,92,3.193e-05,v4
2026-09-06T06:19:04.693077+00:00,FIG,Figma • Robinhood Token,0x41f4267525a8aff329540ef24fd83d9044758b33,https://robinhoodchain.blockscout.com/token/0x41f4267525a8aff329540ef24fd83d9044758b33,ZOON,Zoon Society,0x6b34c5312e881163f275d7339ef084b305b11e18,https://robinhoodchain.blockscout.com/token/0x6b34c5312e881163f275d7339ef084b305b11e18,uniswap,0x9891c0e0d0e32837691c94f4af341e20fcd197d700c3e1a9db20d6e4f46bfe46,https://dexscreener.com/robinhood/0x9891c0e0d0e32837691c94f4af341e20fcd197d700c3e1a9db20d6e4f46bfe46,2026-09-02T14:23:42+00:00,18821.38,3.18,2,1,1.88e-05,v4
2026-09-06T06:20:18.514194+00:00,UPS,UPS • Robinhood Token,0xf23250dac154d05bb671cb0d0ebef3c635c79ce2,https://robinhoodchain.blockscout.com/token/0xf23250dac154d05bb671cb0d0ebef3c635c79ce2,VAN TENEV,VAN TENEV,0x0d1310515c71ab52fb38b09cefe54e1dc1311358,https://robinhoodchain.blockscout.com/token/0x0d1310515c71ab52fb38b09cefe54e1dc1311358,uniswap,0x5da44cfbcac9eaa39b4ef18b47ca51ce1ad412421ce5e1b941384f8ff30f2196,https://dexscreener.com/robinhood/0x5da44cfbcac9eaa39b4ef18b47ca51ce1ad412421ce5e1b941384f8ff30f2196,2026-09-04T20:08:19+00:00,18803.13,130944.65,577,500,4.05e-05,v4
2026-09-06T06:19:22.218506+00:00,JNJ,Johnson & Johnson • Robinhood Token,0x03dfbbe0ac4e7bcdafd08ed41a400326b77d8c80,https://robinhoodchain.blockscout.com/token/0x03dfbbe0ac4e7bcdafd08ed41a400326b77d8c80,JNJND,Johnson & Johnson & Diddy,0x5f11d06b97f98d34b57c64d2934be23c6febfba3,https://robinhoodchain.blockscout.com/token/0x5f11d06b97f98d34b57c64d2934be23c6febfba3,uniswap,0xbfaaa90f87b13b9fda1f0050d21b93b4a63125bdc592dac15ee52fc3b3e5653b,https://dexscreener.com/robinhood/0xbfaaa90f87b13b9fda1f0050d21b93b4a63125bdc592dac15ee52fc3b3e5653b,2026-09-01T14:09:52+00:00,18722.73,53.97,2,2,2.198e-07,v4
2026-09-06T06:18:45.799965+00:00,BB,Blackberry • Robinhood Token,0x48e39e56acdba37b09020c0b734a613c9a2f100a,https://robinhoodchain.blockscout.com/token/0x48e39e56acdba37b09020c0b734a613c9a2f100a,CRACK,crackberry,0x402de848c5722361f604974399e2f5e953509aa1,https://robinhoodchain.blockscout.com/token/0x402de848c5722361f604974399e2f5e953509aa1,uniswap,0xd22b14464b128bc33141656548bd5005c3e5ca2fe5c751f26ad4a752a9e788fe,https://dexscreener.com/robinhood/0xd22b14464b128bc33141656548bd5005c3e5ca2fe5c751f26ad4a752a9e788fe,2026-08-28T23:47:12+00:00,18696.65,8615.85,16,25,4.313e-05,v4
2026-09-06T06:19:40.473117+00:00,NNE,Nano Nuclear Energy • Robinhood Token,0xbef75684c43c4ea7bd18dd532a2244674ee8b926,https://robinhoodchain.blockscout.com/token/0xbef75684c43c4ea7bd18dd532a2244674ee8b926,ZEUS,Zeus,0x034eafee22729b3ae2a5bcc620b74d937fc55c01,https://robinhoodchain.blockscout.com/token/0x034eafee22729b3ae2a5bcc620b74d937fc55c01,uniswap,0x6477ce1c350b40d823978d63483f2e6f18900423092d164df7a8a699267f4b80,https://dexscreener.com/robinhood/0x6477ce1c350b40d823978d63483f2e6f18900423092d164df7a8a699267f4b80,2026-09-05T16:16:21+00:00,18604.24,67692.43,342,208,2.71e-05,v4
2026-09-06T06:19:59.083087+00:00,RDDT,Reddit • Robinhood Token,0x05b37fb53a299a1b874a619e1c4c404d52c36f4c,https://robinhoodchain.blockscout.com/token/0x05b37fb53a299a1b874a619e1c4c404d52c36f4c,ROGE,Reddit Doge,0xfd2108b05fda5e5fa761b813f760cff092dde9a0,https://robinhoodchain.blockscout.com/token/0xfd2108b05fda5e5fa761b813f760cff092dde9a0,uniswap,0x21ec698f00365cbae289455b11a182f2691036fd22ef1bd987e224677fb972e7,https://dexscreener.com/robinhood/0x21ec698f00365cbae289455b11a182f2691036fd22ef1bd987e224677fb972e7,2026-09-02T01:54:50+00:00,18469.7,29741.19,161,162,6.377e-05,v4
2026-09-06T06:19:26.891455+00:00,LLY,Eli Lilly • Robinhood Token,0x8005d266423c7ea827372c9c864491e5786600ea,https://robinhoodchain.blockscout.com/token/0x8005d266423c7ea827372c9c864491e5786600ea,RETA,Retatrutide,0x65eeaf07b545c9560dcbd8a72f239fa1ab961501,https://robinhoodchain.blockscout.com/token/0x65eeaf07b545c9560dcbd8a72f239fa1ab961501,uniswap,0x1ac9887599c845268c642f479d363023910ddbed4daa78579ffe8ed9b8b645e6,https://dexscreener.com/robinhood/0x1ac9887599c845268c642f479d363023910ddbed4daa78579ffe8ed9b8b645e6,2026-08-31T22:46:10+00:00,18414.19,6769.77,45,47,3.268e-05,v4
2026-09-06T06:19:59.083087+00:00,RDDT,Reddit • Robinhood Token,0x05b37fb53a299a1b874a619e1c4c404d52c36f4c,https://robinhoodchain.blockscout.com/token/0x05b37fb53a299a1b874a619e1c4c404d52c36f4c,chud,chud,0x982965547e3b1f6da55ee93b515834bd34081feb,https://robinhoodchain.blockscout.com/token/0x982965547e3b1f6da55ee93b515834bd34081feb,uniswap,0x5536f40294acc2dae177dca05ffd0966f1c7f126772f53528168c1ca60bd476f,https://dexscreener.com/robinhood/0x5536f40294acc2dae177dca05ffd0966f1c7f126772f53528168c1ca60bd476f,2026-09-01T19:01:00+00:00,18235.42,29825.16,83,85,6.216e-05,v4
2026-09-06T06:20:15.476079+00:00,TSM,Taiwan Semiconductor Manufacturing • Robinhood Token,0x58ffe4a942d3885baa22d7520691f611ef09e7aa,https://robinhoodchain.blockscout.com/token/0x58ffe4a942d3885baa22d7520691f611ef09e7aa,GEEG,GEEG,0x5ec338c96e67252e2e8419a79aae8988cc4cee36,https://robinhoodchain.blockscout.com/token/0x5ec338c96e67252e2e8419a79aae8988cc4cee36,uniswap,0xa380a7639c61b1333e1e46cdcc58c05352ca408816b3c52e0061e9d21fb7c373,https://dexscreener.com/robinhood/0xa380a7639c61b1333e1e46cdcc58c05352ca408816b3c52e0061e9d21fb7c373,2026-09-04T02:50:01+00:00,17936.9,24596.88,59,56,3.653e-05,v4
2026-09-06T06:19:18.914056+00:00,INTC,Intel • Robinhood Token,0xc72b96e0e48ecd4dc75e1e45396e26300bc39681,https://robinhoodchain.blockscout.com/token/0xc72b96e0e48ecd4dc75e1e45396e26300bc39681,CHIPS,Chips Party Pack,0xbcd09284dffe06f868a4650546233e3e9abe4d97,https://robinhoodchain.blockscout.com/token/0xbcd09284dffe06f868a4650546233e3e9abe4d97,uniswap,0x6a53cbeef4b66f66aa22efff11f709d394db44078f0d3f347959cc4f6fc285cf,https://dexscreener.com/robinhood/0x6a53cbeef4b66f66aa22efff11f709d394db44078f0d3f347959cc4f6fc285cf,2026-08-26T13:53:52+00:00,17647.8,82392.41,244,215,0.0003765,v4
2026-09-06T06:19:51.064239+00:00,PFE,Pfizer • Robinhood Token,0x7066a64c24e4206cd62e83bf198c1e7eb361f51e,https://robinhoodchain.blockscout.com/token/0x7066a64c24e4206cd62e83bf198c1e7eb361f51e,nuBTC,Unvaxxed Sperm,0x0cfee38b217eb02dee212674c9af901073a23801,https://robinhoodchain.blockscout.com/token/0x0cfee38b217eb02dee212674c9af901073a23801,uniswap,0x8e4344b0a81ca1dd29d291d79476c45994688db95aa6cfc47e9abd6962c96725,https://dexscreener.com/robinhood/0x8e4344b0a81ca1dd29d291d79476c45994688db95aa6cfc47e9abd6962c96725,2026-09-02T17:06:59+00:00,17632.12,8534.22,38,42,2.691e-05,v4
2026-09-06T06:20:04.904459+00:00,SKHY,SK hynix Inc. American Depositary Shares • Robinhood Token,0x84cab63bc87912e71ad199ff14a0ba45de68fef8,https://robinhoodchain.blockscout.com/token/0x84cab63bc87912e71ad199ff14a0ba45de68fef8,SHROOM,MUSHROOM,0xab093def657f15df31b33922a95e047add645b29,https://robinhoodchain.blockscout.com/token/0xab093def657f15df31b33922a95e047add645b29,uniswap,0x95aaa8e58a0b771a6e489749e34bd2910109d95188dfead207854dca9598d19d,https://dexscreener.com/robinhood/0x95aaa8e58a0b771a6e489749e34bd2910109d95188dfead207854dca9598d19d,2026-09-03T18:55:53+00:00,17563.44,75776.01,299,350,176.64,v4
2026-09-06T06:19:38.832169+00:00,NET,"Cloudflare, Inc. Class A common stock • Robinhood Token",0x116f00968269b7bfbad4109ce591d6e74c0601d4,https://robinhoodchain.blockscout.com/token/0x116f00968269b7bfbad4109ce591d6e74c0601d4,NETDOLLAR,NETDOLLAR,0xae5a1fc4e941a46ded30bad8cd5079360f451e18,https://robinhoodchain.blockscout.com/token/0xae5a1fc4e941a46ded30bad8cd5079360f451e18,uniswap,0x8323cd43f58d386bd8e3f4124e2dda3ddbe7eff400b06f9258eb754056086794,https://dexscreener.com/robinhood/0x8323cd43f58d386bd8e3f4124e2dda3ddbe7eff400b06f9258eb754056086794,2026-09-04T18:39:27+00:00,17425.92,119.99,2,1,1.74e-05,v4
2026-09-06T06:19:36.142293+00:00,MU,Micron Technology • Robinhood Token,0xff080c8ce2e5feadaca0da81314ae59d232d4afd,https://robinhoodchain.blockscout.com/token/0xff080c8ce2e5feadaca0da81314ae59d232d4afd,CHIPS,Chips Party Pack,0xbcd09284dffe06f868a4650546233e3e9abe4d97,https://robinhoodchain.blockscout.com/token/0xbcd09284dffe06f868a4650546233e3e9abe4d97,uniswap,0x2fa33960dc06890f8d2c01402fc2f79950f6e99447dba16795a770df308035e7,https://dexscreener.com/robinhood/0x2fa33960dc06890f8d2c01402fc2f79950f6e99447dba16795a770df308035e7,2026-08-26T13:53:52+00:00,17353.53,128507.83,360,355,0.0003747,v4
2026-09-06T06:19:26.891455+00:00,LLY,Eli Lilly • Robinhood Token,0x8005d266423c7ea827372c9c864491e5786600ea,https://robinhoodchain.blockscout.com/token/0x8005d266423c7ea827372c9c864491e5786600ea,RETARD,Retardatide,0xef455bee1e4fa2974a7111d0dc9a1e53660a4501,https://robinhoodchain.blockscout.com/token/0xef455bee1e4fa2974a7111d0dc9a1e53660a4501,uniswap,0xffb47e8699525abe568b81a5b151d368a3c2f58656b31d3f9b49bc864b3e219f,https://dexscreener.com/robinhood/0xffb47e8699525abe568b81a5b151d368a3c2f58656b31d3f9b49bc864b3e219f,2026-09-01T21:49:27+00:00,17298.15,19459.41,62,88,2.942e-05,v4
2026-09-06T06:20:15.476079+00:00,TSM,Taiwan Semiconductor Manufacturing • Robinhood Token,0x58ffe4a942d3885baa22d7520691f611ef09e7aa,https://robinhoodchain.blockscout.com/token/0x58ffe4a942d3885baa22d7520691f611ef09e7aa,SHROOM,MUSHROOM,0xab093def657f15df31b33922a95e047add645b29,https://robinhoodchain.blockscout.com/token/0xab093def657f15df31b33922a95e047add645b29,uniswap,0x946fb975a04efe8ac506eef988183da5937838cc5c0aa9638b96f9801eb2372b,https://dexscreener.com/robinhood/0x946fb975a04efe8ac506eef988183da5937838cc5c0aa9638b96f9801eb2372b,2026-09-03T19:03:44+00:00,17168.34,71718.41,369,318,0.04729,v4
2026-09-06T06:18:54.926065+00:00,COIN,Coinbase • Robinhood Token,0x6330d8c3178a418788df01a47479c0ce7ccf450b,https://robinhoodchain.blockscout.com/token/0x6330d8c3178a418788df01a47479c0ce7ccf450b,SHIT,A Shit Coin,0x0a83fe17ab7557eeef300b7664f8e25f1677fcab,https://robinhoodchain.blockscout.com/token/0x0a83fe17ab7557eeef300b7664f8e25f1677fcab,uniswap,0x6c4cc81c9f84e6d12f990bc1431e523875efe45a2e0ae91e3ceae6baffd845a5,https://dexscreener.com/robinhood/0x6c4cc81c9f84e6d12f990bc1431e523875efe45a2e0ae91e3ceae6baffd845a5,2026-09-04T08:57:53+00:00,17015.27,120056.33,639,607,3.438e-05,v4
2026-09-06T06:18:36.203214+00:00,AMD,AMD • Robinhood Token,0x86923f96303d656e4aa86d9d42d1e57ad2023fdc,https://robinhoodchain.blockscout.com/token/0x86923f96303d656e4aa86d9d42d1e57ad2023fdc,CHIPS,Chips Party Pack,0xbcd09284dffe06f868a4650546233e3e9abe4d97,https://robinhoodchain.blockscout.com/token/0xbcd09284dffe06f868a4650546233e3e9abe4d97,uniswap,0x1111c56c15c6aa5cf8fee9cad230f3b4632d8f36bb103188e9840817dba69aeb,https://dexscreener.com/robinhood/0x1111c56c15c6aa5cf8fee9cad230f3b4632d8f36bb103188e9840817dba69aeb,2026-08-26T13:53:52+00:00,16853.93,58987.0,228,175,0.000384,v4
2026-09-06T06:18:36.203214+00:00,AMD,AMD • Robinhood Token,0x86923f96303d656e4aa86d9d42d1e57ad2023fdc,https://robinhoodchain.blockscout.com/token/0x86923f96303d656e4aa86d9d42d1e57ad2023fdc,PACK,Wolf Pack,0x0145acbccefbed6f303c420beeaaac72e905430b,https://robinhoodchain.blockscout.com/token/0x0145acbccefbed6f303c420beeaaac72e905430b,uniswap,0xfe3e6151a19b798d83a254d165f69d14420025896fbc642f21b2216241faaa45,https://dexscreener.com/robinhood/0xfe3e6151a19b798d83a254d165f69d14420025896fbc642f21b2216241faaa45,2026-08-12T21:31:25+00:00,16829.27,51143.93,193,215,0.0009929,v4
2026-09-06T06:19:39.642014+00:00,NFLX,Netflix • Robinhood Token,0xe0444ef8bf4ed74f74fd73686e2ddf4c1c5591e8,https://robinhoodchain.blockscout.com/token/0xe0444ef8bf4ed74f74fd73686e2ddf4c1c5591e8,CHILL,Netflix and Chill,0xf699aea8a333202a7dc610abc664c213c9dc4111,https://robinhoodchain.blockscout.com/token/0xf699aea8a333202a7dc610abc664c213c9dc4111,uniswap,0x1431c115bd89cab1c78e0df9c97de9433a39f4f3a9e3be60a68a406e06d8b6d6,https://dexscreener.com/robinhood/0x1431c115bd89cab1c78e0df9c97de9433a39f4f3a9e3be60a68a406e06d8b6d6,2026-07-19T16:40:45+00:00,16803.19,6607.26,19,18,7.067e-05,v4
2026-09-06T06:19:34.442877+00:00,MSFT,Microsoft • Robinhood Token,0xe93237c50d904957cf27e7b1133b510c669c2e74,https://robinhoodchain.blockscout.com/token/0xe93237c50d904957cf27e7b1133b510c669c2e74,PACK,Wolf Pack,0x0145acbccefbed6f303c420beeaaac72e905430b,https://robinhoodchain.blockscout.com/token/0x0145acbccefbed6f303c420beeaaac72e905430b,uniswap,0x5ecdeabbf5448615109e2a2423bfb151062d849a23819b66e5a42bfcb2aea131,https://dexscreener.com/robinhood/0x5ecdeabbf5448615109e2a2423bfb151062d849a23819b66e5a42bfcb2aea131,2026-08-12T21:31:25+00:00,16768.06,58128.14,217,263,0.0009642,v4
2026-09-06T06:19:16.415254+00:00,IBM,IBM • Robinhood Token,0x980dcf6766fa79f5cf0c4aadb3ab477ff15a9619,https://robinhoodchain.blockscout.com/token/0x980dcf6766fa79f5cf0c4aadb3ab477ff15a9619,SHROOM,MUSHROOM,0xab093def657f15df31b33922a95e047add645b29,https://robinhoodchain.blockscout.com/token/0xab093def657f15df31b33922a95e047add645b29,uniswap,0x940ea4d62f32efa0e208992ea778342b7aae44f9022108ccd565ebb23ec17c7d,https://dexscreener.com/robinhood/0x940ea4d62f32efa0e208992ea778342b7aae44f9022108ccd565ebb23ec17c7d,2026-09-03T19:24:53+00:00,16759.81,64220.62,304,349,239.26,v4
2026-09-06T06:19:50.313486+00:00,PENG,Penguin Solutions • Robinhood Token,0x9b23573b156b52565012f5ce02cdf60afbaa70be,https://robinhoodchain.blockscout.com/token/0x9b23573b156b52565012f5ce02cdf60afbaa70be,PENG,Penguin Solutions Inc.,0xfa073265bb9c7c8f98c27b48790bb19a705e1e18,https://robinhoodchain.blockscout.com/token/0xfa073265bb9c7c8f98c27b48790bb19a705e1e18,uniswap,0xe0bdeb42ef66a727d757f71c6e51f1106540eb3df1398d636996005c99c51e6f,https://dexscreener.com/robinhood/0xe0bdeb42ef66a727d757f71c6e51f1106540eb3df1398d636996005c99c51e6f,2026-09-05T03:42:38+00:00,16682.46,552.65,6,3,1.661e-05,v4
2026-09-06T06:18:55.423631+00:00,COST,Costco • Robinhood Token,0x4ea005168d7f09a7a0ba9d1def21a479950e44c2,https://robinhoodchain.blockscout.com/token/0x4ea005168d7f09a7a0ba9d1def21a479950e44c2,HOTDOG,Costco Hot Dog,0xb89d67d60f94c9b3bef6d108e0be57fd90017e2f,https://robinhoodchain.blockscout.com/token/0xb89d67d60f94c9b3bef6d108e0be57fd90017e2f,uniswap,0x0c3e58a5b53ca2d43b9ad4b5a020cb80def8191dd680600fa6f2c7717c957f2c,https://dexscreener.com/robinhood/0x0c3e58a5b53ca2d43b9ad4b5a020cb80def8191dd680600fa6f2c7717c957f2c,2026-07-31T05:04:53+00:00,16636.42,1216.04,10,11,6.101e-08,v4
2026-09-06T06:18:36.203214+00:00,AMD,AMD • Robinhood Token,0x86923f96303d656e4aa86d9d42d1e57ad2023fdc,https://robinhoodchain.blockscout.com/token/0x86923f96303d656e4aa86d9d42d1e57ad2023fdc,SHROOM,MUSHROOM,0xab093def657f15df31b33922a95e047add645b29,https://robinhoodchain.blockscout.com/token/0xab093def657f15df31b33922a95e047add645b29,uniswap,0xea1a8080a9dc5c40449554798201fc5f041261dc9fad7276f1af2ebb7fabcb2f,https://dexscreener.com/robinhood/0xea1a8080a9dc5c40449554798201fc5f041261dc9fad7276f1af2ebb7fabcb2f,2026-09-03T19:50:35+00:00,16463.96,85414.51,297,354,476.17,v4
2026-09-06T06:19:38.832169+00:00,NET,"Cloudflare, Inc. Class A common stock • Robinhood Token",0x116f00968269b7bfbad4109ce591d6e74c0601d4,https://robinhoodchain.blockscout.com/token/0x116f00968269b7bfbad4109ce591d6e74c0601d4,ND,NET Dollar,0x769c505b92d567ac2386c727c93edb52b7db1e18,https://robinhoodchain.blockscout.com/token/0x769c505b92d567ac2386c727c93edb52b7db1e18,uniswap,0x0c0bef03dab1c3b53975d20d85d706b0eb2066c45340d0e0a24e9602535bc1da,https://dexscreener.com/robinhood/0x0c0bef03dab1c3b53975d20d85d706b0eb2066c45340d0e0a24e9602535bc1da,2026-09-04T18:40:30+00:00,16440.86,25.5,6,3,1.606e-05,v4
2026-09-06T06:19:38.832169+00:00,NET,"Cloudflare, Inc. Class A common stock • Robinhood Token",0x116f00968269b7bfbad4109ce591d6e74c0601d4,https://robinhoodchain.blockscout.com/token/0x116f00968269b7bfbad4109ce591d6e74c0601d4,SHROOM,MUSHROOM,0xab093def657f15df31b33922a95e047add645b29,https://robinhoodchain.blockscout.com/token/0xab093def657f15df31b33922a95e047add645b29,uniswap,0x4250ffd8ba50dfa29e0179715048b8cb9afda38d623df846dad633481ee5a123,https://dexscreener.com/robinhood/0x4250ffd8ba50dfa29e0179715048b8cb9afda38d623df846dad633481ee5a123,2026-09-03T19:12:04+00:00,15916.71,59659.84,256,292,281.86,v4
2026-09-06T06:19:38.832169+00:00,NET,"Cloudflare, Inc. Class A common stock • Robinhood Token",0x116f00968269b7bfbad4109ce591d6e74c0601d4,https://robinhoodchain.blockscout.com/token/0x116f00968269b7bfbad4109ce591d6e74c0601d4,CATCHA,Catcha,0x7038d2f85a57433b2eefe31d513b42ae41911e18,https://robinhoodchain.blockscout.com/token/0x7038d2f85a57433b2eefe31d513b42ae41911e18,uniswap,0x375bf5f96bf9642bbff855b836418546386b39b2c7d188034730f4a79604c7b8,https://dexscreener.com/robinhood/0x375bf5f96bf9642bbff855b836418546386b39b2c7d188034730f4a79604c7b8,2026-09-04T18:40:52+00:00,15880.4,1.61,2,1,1.568e-05,v4
2026-09-06T06:19:52.459864+00:00,PLTR,Palantir Technologies • Robinhood Token,0x894e1ec2d74ffe5aef8dc8a9e84686accb964f2a,https://robinhoodchain.blockscout.com/token/0x894e1ec2d74ffe5aef8dc8a9e84686accb964f2a,HI,human intelligence,0xfe33976b064eb945446ec1b1c5dba65ce7b3dde3,https://robinhoodchain.blockscout.com/token/0xfe33976b064eb945446ec1b1c5dba65ce7b3dde3,uniswap,0x7fb1665d527415e1ad857d790dd11a25ce1a3d75261e4d622cc2bc43f82161f2,https://dexscreener.com/robinhood/0x7fb1665d527415e1ad857d790dd11a25ce1a3d75261e4d622cc2bc43f82161f2,2026-09-01T02:06:03+00:00,15792.29,16273.54,77,85,3.578e-05,v4
2026-09-06T06:18:56.031479+00:00,CRCL,Circle Internet Group • Robinhood Token,0xdf0992e440dd0be65bd8439b609d6d4366bf1cb5,https://robinhoodchain.blockscout.com/token/0xdf0992e440dd0be65bd8439b609d6d4366bf1cb5,UNPEG,UNPegcoin,0xd2243cbeba8cea17f7fb97f80729cbae2ba81e18,https://robinhoodchain.blockscout.com/token/0xd2243cbeba8cea17f7fb97f80729cbae2ba81e18,uniswap,0x0da49aa946efc99b1f218b9cb747d0a7c847bfeaf2af41cbf977efa789bc2975,https://dexscreener.com/robinhood/0x0da49aa946efc99b1f218b9cb747d0a7c847bfeaf2af41cbf977efa789bc2975,2026-09-04T01:42:04+00:00,15655.09,836.81,7,8,1.611e-05,v4
2026-09-06T06:19:52.459864+00:00,PLTR,Palantir Technologies • Robinhood Token,0x894e1ec2d74ffe5aef8dc8a9e84686accb964f2a,https://robinhoodchain.blockscout.com/token/0x894e1ec2d74ffe5aef8dc8a9e84686accb964f2a,SHROOM,MUSHROOM,0xab093def657f15df31b33922a95e047add645b29,https://robinhoodchain.blockscout.com/token/0xab093def657f15df31b33922a95e047add645b29,uniswap,0x053b69a0d55f98dc318e8a3909ca34b771aa16023ff25d47502923cce22f8b5b,https://dexscreener.com/robinhood/0x053b69a0d55f98dc318e8a3909ca34b771aa16023ff25d47502923cce22f8b5b,2026-09-03T21:26:06+00:00,15653.71,71906.59,353,310,0.04705,v4
2026-09-06T06:18:42.328879+00:00,AVGO,Broadcom • Robinhood Token,0x156e175dd063a8ce274c50654ef40e0032b3fbcf,https://robinhoodchain.blockscout.com/token/0x156e175dd063a8ce274c50654ef40e0032b3fbcf,SHROOM,MUSHROOM,0xab093def657f15df31b33922a95e047add645b29,https://robinhoodchain.blockscout.com/token/0xab093def657f15df31b33922a95e047add645b29,uniswap,0xcb013571869ed3fe377ad11eaf1d6eb856e56cb69e0bd0bbc449996fcd1012d4,https://dexscreener.com/robinhood/0xcb013571869ed3fe377ad11eaf1d6eb856e56cb69e0bd0bbc449996fcd1012d4,2026-09-03T20:05:09+00:00,15619.02,54703.86,267,275,367.61,v4
2026-09-06T06:19:03.182999+00:00,F,Ford Motor • Robinhood Token,0x25c288e6d899b9bc30160965ad9644c67e73be0c,https://robinhoodchain.blockscout.com/token/0x25c288e6d899b9bc30160965ad9644c67e73be0c,FART,GAS IT,0x3deac9099e2b38e4f838a393207aa36ecf2b7e3f,https://robinhoodchain.blockscout.com/token/0x3deac9099e2b38e4f838a393207aa36ecf2b7e3f,uniswap,0xb8c352a930078f80a60b3a59b51f1e49507d00d09fefc8fb1314509e0ccf2788,https://dexscreener.com/robinhood/0xb8c352a930078f80a60b3a59b51f1e49507d00d09fefc8fb1314509e0ccf2788,2026-09-05T16:58:12+00:00,15508.3,233859.04,1035,903,2.705e-05,v4
2026-09-06T06:18:47.213404+00:00,BULL,Webull • Robinhood Token,0xcef9027c7d6985b85f0ba431125073529a947a68,https://robinhoodchain.blockscout.com/token/0xcef9027c7d6985b85f0ba431125073529a947a68,MUMU,Mumu,0x1eacf235fcd1b6a637e9c8cb39e08c2258725968,https://robinhoodchain.blockscout.com/token/0x1eacf235fcd1b6a637e9c8cb39e08c2258725968,uniswap,0xe224d13d6e8ec962a8f00bc997eb0ef4fcc8d5bf743da6230a568c066237a5fa,https://dexscreener.com/robinhood/0xe224d13d6e8ec962a8f00bc997eb0ef4fcc8d5bf743da6230a568c066237a5fa,2026-09-05T16:20:55+00:00,15381.26,510427.59,1796,1914,2.6e-05,v4
2026-09-06T06:20:17.976175+00:00,UNH,UnitedHealth • Robinhood Token,0xcf364ea52787e289de6f32077834056e3e70d6a8,https://robinhoodchain.blockscout.com/token/0xcf364ea52787e289de6f32077834056e3e70d6a8,LUIGI,Luigi Mangione,0x0ba2bbb25850ad1005a28bf71d19bce11dfcfa01,https://robinhoodchain.blockscout.com/token/0x0ba2bbb25850ad1005a28bf71d19bce11dfcfa01,uniswap,0x7e57cbed3b3f37a2f3788af5bcf6f94d3ca4bf2b7cea28e3d5a3f5887e9b10f4,https://dexscreener.com/robinhood/0x7e57cbed3b3f37a2f3788af5bcf6f94d3ca4bf2b7cea28e3d5a3f5887e9b10f4,2026-09-01T20:02:36+00:00,15338.85,1958.47,4,11,2.346e-05,v4
2026-09-06T06:18:47.213404+00:00,BULL,Webull • Robinhood Token,0xcef9027c7d6985b85f0ba431125073529a947a68,https://robinhoodchain.blockscout.com/token/0xcef9027c7d6985b85f0ba431125073529a947a68,RETAIL,WEBULL,0x146d5f0956f9e2634f10fb8d1bdda086a4c69482,https://robinhoodchain.blockscout.com/token/0x146d5f0956f9e2634f10fb8d1bdda086a4c69482,uniswap,0x9d05f8cd9420f38425eff66aa3d0e46c5ca74369fe9659b269e097e6d24697ed,https://dexscreener.com/robinhood/0x9d05f8cd9420f38425eff66aa3d0e46c5ca74369fe9659b269e097e6d24697ed,2026-08-31T23:47:03+00:00,15270.77,4427.61,23,16,2.491e-05,v4
2026-09-06T06:18:37.273929+00:00,AMZN,Amazon • Robinhood Token,0x12f190a9f9d7d37a250758b26824b97ce941bf54,https://robinhoodchain.blockscout.com/token/0x12f190a9f9d7d37a250758b26824b97ce941bf54,SHROOM,MUSHROOM,0xab093def657f15df31b33922a95e047add645b29,https://robinhoodchain.blockscout.com/token/0xab093def657f15df31b33922a95e047add645b29,uniswap,0xf3bac9a38d77b0bcfb24253b6190cf908d17bd8915ea730e0632a1da54f85a33,https://dexscreener.com/robinhood/0xf3bac9a38d77b0bcfb24253b6190cf908d17bd8915ea730e0632a1da54f85a33,2026-09-03T19:19:32+00:00,15034.03,68620.0,377,331,0.04576,v4
2026-09-06T06:18:39.560976+00:00,ASML,ASML Holding NV • Robinhood Token,0x47f93d52cbec7c6d2cfc080e154002370a60daea,https://robinhoodchain.blockscout.com/token/0x47f93d52cbec7c6d2cfc080e154002370a60daea,SHROOM,MUSHROOM,0xab093def657f15df31b33922a95e047add645b29,https://robinhoodchain.blockscout.com/token/0xab093def657f15df31b33922a95e047add645b29,uniswap,0xf1f9dd02441051468c2d77acea810d0d753f6a4aa4ac522b6a1903914095596e,https://dexscreener.com/robinhood/0xf1f9dd02441051468c2d77acea810d0d753f6a4aa4ac522b6a1903914095596e,2026-09-03T19:47:13+00:00,15022.55,60815.07,255,290,1724.67,v4
2026-09-06T06:18:45.221065+00:00,BABA,Alibaba • Robinhood Token,0xad25ac6c84d497db898fa1e8387bf6af3532a1c4,https://robinhoodchain.blockscout.com/token/0xad25ac6c84d497db898fa1e8387bf6af3532a1c4,TAOBAO,淘公仔,0xa2032f9529dd19d4df269f195f32035f43685501,https://robinhoodchain.blockscout.com/token/0xa2032f9529dd19d4df269f195f32035f43685501,uniswap,0xb83c54aef4409c3ea7d130bd84b0f092a7ad1259e2a283de00b458c5107c9d12,https://dexscreener.com/robinhood/0xb83c54aef4409c3ea7d130bd84b0f092a7ad1259e2a283de00b458c5107c9d12,2026-09-03T05:08:16+00:00,14907.62,7635.59,34,55,2.178e-05,v4
2026-09-06T06:19:09.754091+00:00,GE,General Electric • Robinhood Token,0x63b814ddbd6bf339f25fed8c36158a008d5b373e,https://robinhoodchain.blockscout.com/token/0x63b814ddbd6bf339f25fed8c36158a008d5b373e,DO,DOGE,0xdcbec7815d3e3045786fdcd331c02e9abe466e01,https://robinhoodchain.blockscout.com/token/0xdcbec7815d3e3045786fdcd331c02e9abe466e01,uniswap,0x0d2fbade6dbb3daf68d225347bb4835b1fc6ee647e83c3b027c5777e0a5c864b,https://dexscreener.com/robinhood/0x0d2fbade6dbb3daf68d225347bb4835b1fc6ee647e83c3b027c5777e0a5c864b,2026-08-31T20:52:50+00:00,14845.97,54891.62,223,195,2.321e-05,v4
2026-09-06T06:19:33.646497+00:00,MRVL,Marvell Technology • Robinhood Token,0x62fd0668e10d8b72339be2dcf7643001688ff13b,https://robinhoodchain.blockscout.com/token/0x62fd0668e10d8b72339be2dcf7643001688ff13b,Spoderman,Spoderman,0x76940e049d98513b3508a6e34eae03365485ed01,https://robinhoodchain.blockscout.com/token/0x76940e049d98513b3508a6e34eae03365485ed01,uniswap,0x56ea7e113f0aef825b67401b53083ec83589b9cdb2422c217cfcbbe4c3962996,https://dexscreener.com/robinhood/0x56ea7e113f0aef825b67401b53083ec83589b9cdb2422c217cfcbbe4c3962996,2026-09-02T08:57:13+00:00,14844.64,3852.21,21,47,1.945e-05,v4
2026-09-06T06:18:37.273929+00:00,AMZN,Amazon • Robinhood Token,0x12f190a9f9d7d37a250758b26824b97ce941bf54,https://robinhoodchain.blockscout.com/token/0x12f190a9f9d7d37a250758b26824b97ce941bf54,ALEXA,Alexa,0x187010dac5991d980a2b578f3ac84f36cd87164a,https://robinhoodchain.blockscout.com/token/0x187010dac5991d980a2b578f3ac84f36cd87164a,uniswap,0xec55cbe1f376ecd43f9166e7b70a90bc9e7609ec8a5e95a47de2a95562f4b153,https://dexscreener.com/robinhood/0xec55cbe1f376ecd43f9166e7b70a90bc9e7609ec8a5e95a47de2a95562f4b153,2026-09-04T10:19:07+00:00,14816.12,104476.33,426,389,3.528e-05,v4
2026-09-06T06:18:36.203214+00:00,AMD,AMD • Robinhood Token,0x86923f96303d656e4aa86d9d42d1e57ad2023fdc,https://robinhoodchain.blockscout.com/token/0x86923f96303d656e4aa86d9d42d1e57ad2023fdc,RUBY,RUBY,0x27956daee2f9ff8dfd1cbaabf8120bd449c300d5,https://robinhoodchain.blockscout.com/token/0x27956daee2f9ff8dfd1cbaabf8120bd449c300d5,uniswap,0x280947e0fc296ac76a3597d37c1262a20eba224b3c7e9c5c31466cfcf5d3c159,https://dexscreener.com/robinhood/0x280947e0fc296ac76a3597d37c1262a20eba224b3c7e9c5c31466cfcf5d3c159,2026-08-30T04:15:04+00:00,14578.7,2107.45,16,22,3.155e-05,v4
2026-09-06T06:19:35.005904+00:00,MSTR,Strategy Inc. • Robinhood Token,0xec262a75e413fafd0df80480274532c79d42da09,https://robinhoodchain.blockscout.com/token/0xec262a75e413fafd0df80480274532c79d42da09,PONZI,Ponzi,0xea98cb2f45f75485ddd95187bae9f623cf2d74ac,https://robinhoodchain.blockscout.com/token/0xea98cb2f45f75485ddd95187bae9f623cf2d74ac,uniswap,0xe07f1c4c535d340df2c850184429ca03a4b04ef7abfa3d020bf4c4b96bd46ec1,https://dexscreener.com/robinhood/0xe07f1c4c535d340df2c850184429ca03a4b04ef7abfa3d020bf4c4b96bd46ec1,2026-08-30T13:13:36+00:00,14432.5,8933.27,46,38,2.089e-05,v4
2026-09-06T06:19:18.914056+00:00,INTC,Intel • Robinhood Token,0xc72b96e0e48ecd4dc75e1e45396e26300bc39681,https://robinhoodchain.blockscout.com/token/0xc72b96e0e48ecd4dc75e1e45396e26300bc39681,SHROOM,MUSHROOM,0xab093def657f15df31b33922a95e047add645b29,https://robinhoodchain.blockscout.com/token/0xab093def657f15df31b33922a95e047add645b29,uniswap,0x84a9700e07537eba5b9760ad2d2985d6f2b12154fe5eccb9d1fc605cfa3b01fc,https://dexscreener.com/robinhood/0x84a9700e07537eba5b9760ad2d2985d6f2b12154fe5eccb9d1fc605cfa3b01fc,2026-09-03T18:40:58+00:00,14363.2,52118.4,266,297,95.53,v4
2026-09-06T06:19:30.962397+00:00,META,Meta Platforms • Robinhood Token,0xc0d6457c16cc70d6790dd43521c899c87ce02f35,https://robinhoodchain.blockscout.com/token/0xc0d6457c16cc70d6790dd43521c899c87ce02f35,SHROOM,MUSHROOM,0xab093def657f15df31b33922a95e047add645b29,https://robinhoodchain.blockscout.com/token/0xab093def657f15df31b33922a95e047add645b29,uniswap,0x7a2d5bea7c2c04e83733129c5a6c7156eb2dd946b04a9e8a065f6052a8630c23,https://dexscreener.com/robinhood/0x7a2d5bea7c2c04e83733129c5a6c7156eb2dd946b04a9e8a065f6052a8630c23,2026-09-03T21:32:19+00:00,14189.67,65623.38,297,329,609.14,v4
2026-09-06T06:18:56.031479+00:00,CRCL,Circle Internet Group • Robinhood Token,0xdf0992e440dd0be65bd8439b609d6d4366bf1cb5,https://robinhoodchain.blockscout.com/token/0xdf0992e440dd0be65bd8439b609d6d4366bf1cb5,JERK,Circle Jerk,0xb240214ed38a215ce3d1a105e4d0d4e84602361c,https://robinhoodchain.blockscout.com/token/0xb240214ed38a215ce3d1a105e4d0d4e84602361c,uniswap,0x9d569c8feaf899321934bcf6f138e1c089bc3167e953ebff48451ecc8c2e990f,https://dexscreener.com/robinhood/0x9d569c8feaf899321934bcf6f138e1c089bc3167e953ebff48451ecc8c2e990f,2026-09-02T11:54:13+00:00,14134.14,6969.97,33,66,1.957e-05,v4
2026-09-06T06:18:56.031479+00:00,CRCL,Circle Internet Group • Robinhood Token,0xdf0992e440dd0be65bd8439b609d6d4366bf1cb5,https://robinhoodchain.blockscout.com/token/0xdf0992e440dd0be65bd8439b609d6d4366bf1cb5,USDC,Upsidedowncat,0x0453dcf836dc35da9f8523ea2bb928268f16f073,https://robinhoodchain.blockscout.com/token/0x0453dcf836dc35da9f8523ea2bb928268f16f073,uniswap,0x2d9f7b462cbf8863c7f5df035723c7e13f93bc005de96d27d82975a953af35d3,https://dexscreener.com/robinhood/0x2d9f7b462cbf8863c7f5df035723c7e13f93bc005de96d27d82975a953af35d3,2026-09-04T22:29:34+00:00,14110.64,80749.62,373,378,1.951e-05,v4
2026-09-06T06:19:33.012710+00:00,MRNA,Moderna • Robinhood Token,0x43b07d15ce533bec5476d70c22a78a1b2b662155,https://robinhoodchain.blockscout.com/token/0x43b07d15ce533bec5476d70c22a78a1b2b662155,INTISMERAN,The Cancer Vaccine,0xc12a72d5be9709ab0c27a034759f765026f51e18,https://robinhoodchain.blockscout.com/token/0xc12a72d5be9709ab0c27a034759f765026f51e18,uniswap,0x8e4ee155fac0d3a2e4910cde2e1bf94a7da094a2337f27d005023bd7bc702c9b,https://dexscreener.com/robinhood/0x8e4ee155fac0d3a2e4910cde2e1bf94a7da094a2337f27d005023bd7bc702c9b,2026-08-19T12:33:43+00:00,14095.13,2112.33,33,21,2.325e-05,v4
2026-09-06T06:19:58.013138+00:00,RBLX,Roblox • Robinhood Token,0xf0c4bf4c582cb3836e98394b1d4e7b7281101be8,https://robinhoodchain.blockscout.com/token/0xf0c4bf4c582cb3836e98394b1d4e7b7281101be8,TRIPLET,Tung Tung Tung Sahur,0x768f384e82208cdd647f49b66d89bb113a44b10f,https://robinhoodchain.blockscout.com/token/0x768f384e82208cdd647f49b66d89bb113a44b10f,uniswap,0x629a8c7a8d223b17d17fb038432dd71689581f7b82228c9142db8dd3e75e3db3,https://dexscreener.com/robinhood/0x629a8c7a8d223b17d17fb038432dd71689581f7b82228c9142db8dd3e75e3db3,2026-09-02T21:32:53+00:00,13770.46,5237.86,18,20,2.173e-05,v4
2026-09-06T06:19:34.442877+00:00,MSFT,Microsoft • Robinhood Token,0xe93237c50d904957cf27e7b1133b510c669c2e74,https://robinhoodchain.blockscout.com/token/0xe93237c50d904957cf27e7b1133b510c669c2e74,BILL,Pregnant Bill,0xbc8ceb43b9f5f90a740c8174ae8c1fa13b4ba4ed,https://robinhoodchain.blockscout.com/token/0xbc8ceb43b9f5f90a740c8174ae8c1fa13b4ba4ed,uniswap,0x82e101f96efa1020a2024295020b1636c29e0717f5d6b0689fec674a164a11d4,https://dexscreener.com/robinhood/0x82e101f96efa1020a2024295020b1636c29e0717f5d6b0689fec674a164a11d4,2026-09-04T17:48:28+00:00,13540.71,20536.87,136,152,2.766e-05,v4
2026-09-06T06:18:56.031479+00:00,CRCL,Circle Internet Group • Robinhood Token,0xdf0992e440dd0be65bd8439b609d6d4366bf1cb5,https://robinhoodchain.blockscout.com/token/0xdf0992e440dd0be65bd8439b609d6d4366bf1cb5,PEG,Pegcoin,0xb768438870789bd9742cbba26aed052a9e4287d5,https://robinhoodchain.blockscout.com/token/0xb768438870789bd9742cbba26aed052a9e4287d5,uniswap,0x32ff3eb8e305ec82ddda3797797c302fc2745aecab316141ea0120ca0cc01369,https://dexscreener.com/robinhood/0x32ff3eb8e305ec82ddda3797797c302fc2745aecab316141ea0120ca0cc01369,2026-09-04T01:36:41+00:00,12991.58,11647.75,56,83,1.653e-05,v4
2026-09-06T06:19:58.583475+00:00,RCAT,Red Cat • Robinhood Token,0xfde6b5d9bb419b10c23268c74e369abff39c0460,https://robinhoodchain.blockscout.com/token/0xfde6b5d9bb419b10c23268c74e369abff39c0460,CATDOG,CATDOG,0xcc4106ca4ad17ad8afd5fd84b880a87ebf6caaff,https://robinhoodchain.blockscout.com/token/0xcc4106ca4ad17ad8afd5fd84b880a87ebf6caaff,uniswap,0x078e8e73609f26f022190154663b6c74f25f798d24bcb97dcb1066674e670af9,https://dexscreener.com/robinhood/0x078e8e73609f26f022190154663b6c74f25f798d24bcb97dcb1066674e670af9,2026-09-01T00:45:09+00:00,12923.18,16526.61,97,71,6.349e-05,v4
2026-09-06T06:19:51.064239+00:00,PFE,Pfizer • Robinhood Token,0x7066a64c24e4206cd62e83bf198c1e7eb361f51e,https://robinhoodchain.blockscout.com/token/0x7066a64c24e4206cd62e83bf198c1e7eb361f51e,VIAGRA,Viagra,0xcd70acb57bcd1712c493aeaa63dd74a45b822102,https://robinhoodchain.blockscout.com/token/0xcd70acb57bcd1712c493aeaa63dd74a45b822102,uniswap,0x68d576b6044ae036195b5cf54c67756a061f9f67e4534fbd85d221d3aeee0e9b,https://dexscreener.com/robinhood/0x68d576b6044ae036195b5cf54c67756a061f9f67e4534fbd85d221d3aeee0e9b,2026-09-03T00:03:57+00:00,12715.46,21532.74,105,105,1.859e-05,v4
2026-09-06T06:20:09.765906+00:00,SOUN,SoundHound AI • Robinhood Token,0x6e3dfd9f7e1649baa14d25cac18c94d62db10a54,https://robinhoodchain.blockscout.com/token/0x6e3dfd9f7e1649baa14d25cac18c94d62db10a54,FOX,Synthetic Audio Signal Fox,0x255dbb4b8102616fc999d44cf3f8e3df063e4501,https://robinhoodchain.blockscout.com/token/0x255dbb4b8102616fc999d44cf3f8e3df063e4501,uniswap,0x856ea651fbb3b2ffb98d2fa0bee00fd6e66dfa39b165ce38e027a8067ec19fb6,https://dexscreener.com/robinhood/0x856ea651fbb3b2ffb98d2fa0bee00fd6e66dfa39b165ce38e027a8067ec19fb6,2026-08-31T20:29:11+00:00,12700.34,5800.94,20,52,1.852e-05,v4
2026-09-06T06:18:45.221065+00:00,BABA,Alibaba • Robinhood Token,0xad25ac6c84d497db898fa1e8387bf6af3532a1c4,https://robinhoodchain.blockscout.com/token/0xad25ac6c84d497db898fa1e8387bf6af3532a1c4,LARP,LarpCoin,0x43fb250234419a47544091ca1b41dcf1cce23b00,https://robinhoodchain.blockscout.com/token/0x43fb250234419a47544091ca1b41dcf1cce23b00,uniswap,0xe6d753925e7760faa894e4f8dfb48f7bca369a0e3de3ac98867afe797217356c,https://dexscreener.com/robinhood/0xe6d753925e7760faa894e4f8dfb48f7bca369a0e3de3ac98867afe797217356c,2026-09-04T17:27:49+00:00,12675.07,18846.58,79,128,1.82e-05,v4
2026-09-06T06:19:27.393829+00:00,LMT,Lockheed • Robinhood Token,0x329fcaceb9ad6f9580dd5f643fed0646900d043c,https://robinhoodchain.blockscout.com/token/0x329fcaceb9ad6f9580dd5f643fed0646900d043c,LMI,Lockheed Martin Inu,0x2cf6ef01d73a6f81ffe65b0e3c073d33803ca101,https://robinhoodchain.blockscout.com/token/0x2cf6ef01d73a6f81ffe65b0e3c073d33803ca101,uniswap,0xf5b98bbe6d40c1ce2de64e545cbfe8c737db9020d58d93a96af3751f33558d54,https://dexscreener.com/robinhood/0xf5b98bbe6d40c1ce2de64e545cbfe8c737db9020d58d93a96af3751f33558d54,2026-09-01T20:29:42+00:00,12388.95,10019.37,28,37,1.782e-05,v4
2026-09-06T06:19:21.114784+00:00,IREN,IREN Limited • Robinhood Token,0xf0ab0c93be6f41369d302e55db1a96b3c430212d,https://robinhoodchain.blockscout.com/token/0xf0ab0c93be6f41369d302e55db1a96b3c430212d,IREN,IREN,0xf8cd1e290f3b0c72389ed39825d5c03486e6fba3,https://robinhoodchain.blockscout.com/token/0xf8cd1e290f3b0c72389ed39825d5c03486e6fba3,uniswap,0x5d9ab66424d9653d8e796c29249375026f805a40f00a6128a798d661dfff00c2,https://dexscreener.com/robinhood/0x5d9ab66424d9653d8e796c29249375026f805a40f00a6128a798d661dfff00c2,2026-08-20T14:54:53+00:00,12210.27,19.53,1,1,1.438e-07,v4
2026-09-06T06:19:00.629440+00:00,DDOG,Datadog • Robinhood Token,0x27c99fbde9d0d2aa4f4bfb4943f237843ddf6958,https://robinhoodchain.blockscout.com/token/0x27c99fbde9d0d2aa4f4bfb4943f237843ddf6958,CATDOG,CATDOG,0xcc4106ca4ad17ad8afd5fd84b880a87ebf6caaff,https://robinhoodchain.blockscout.com/token/0xcc4106ca4ad17ad8afd5fd84b880a87ebf6caaff,uniswap,0x62b67a41f00fb8cbd658cd93a83e37f6527ce113b813fd41781eadbf5e7a844b,https://dexscreener.com/robinhood/0x62b67a41f00fb8cbd658cd93a83e37f6527ce113b813fd41781eadbf5e7a844b,2026-09-01T00:45:09+00:00,11636.95,24310.38,104,86,5.984e-05,v4
2026-09-06T06:18:49.132851+00:00,CEG,Constellation Energy • Robinhood Token,0xae517a2903e68bd929dfd15be875f8369d53e94a,https://robinhoodchain.blockscout.com/token/0xae517a2903e68bd929dfd15be875f8369d53e94a,ENERGY,Energy Coin,0x0c17271fa472eeefcbb4f55cd1ed6cf320989001,https://robinhoodchain.blockscout.com/token/0x0c17271fa472eeefcbb4f55cd1ed6cf320989001,uniswap,0xf35fed19467cf03aa11c99b9c38d4d894f5fee3c841422c87597f766c8ee33ff,https://dexscreener.com/robinhood/0xf35fed19467cf03aa11c99b9c38d4d894f5fee3c841422c87597f766c8ee33ff,2026-09-02T19:08:17+00:00,11628.24,9507.63,18,59,1.501e-05,v4
2026-09-06T06:20:02.280731+00:00,RKLB,Rocket Lab Corporation • Robinhood Token,0x3b14c39e89d60d627b42a1a4ca45b5bb45fc12e2,https://robinhoodchain.blockscout.com/token/0x3b14c39e89d60d627b42a1a4ca45b5bb45fc12e2,RKST,rocket strategy,0x8d1612b4b78ebf08cfbf01a04fa270ccbb0509a2,https://robinhoodchain.blockscout.com/token/0x8d1612b4b78ebf08cfbf01a04fa270ccbb0509a2,uniswap,0x99bd87d4077875888f9a19a086e2228b0539fe8ef7111bdd537f973492ed79d4,https://dexscreener.com/robinhood/0x99bd87d4077875888f9a19a086e2228b0539fe8ef7111bdd537f973492ed79d4,2026-09-06T01:18:17+00:00,11574.96,2089.93,12,4,0.00393,v4
2026-09-06T06:18:45.221065+00:00,BABA,Alibaba • Robinhood Token,0xad25ac6c84d497db898fa1e8387bf6af3532a1c4,https://robinhoodchain.blockscout.com/token/0xad25ac6c84d497db898fa1e8387bf6af3532a1c4,爸爸,daddy,0x2600928d10c88fe78f4aa65bf17090e9afd76612,https://robinhoodchain.blockscout.com/token/0x2600928d10c88fe78f4aa65bf17090e9afd76612,uniswap,0x4b0033da158b22c7e4011e17a99eaa1f35e35a46034000148e61ccce3983b266,https://dexscreener.com/robinhood/0x4b0033da158b22c7e4011e17a99eaa1f35e35a46034000148e61ccce3983b266,2026-08-30T11:26:04+00:00,11485.84,1563.42,6,10,1.52e-05,v4
2026-09-06T06:20:08.149298+00:00,SNDK,Sandisk Corporation • Robinhood Token,0xb90a19ff0af67f7779aff50a882a9cff42446400,https://robinhoodchain.blockscout.com/token/0xb90a19ff0af67f7779aff50a882a9cff42446400,SNDK,Sandicks,0x36a34f6e6f213ff880bf759bff9f1b4d305c06bd,https://robinhoodchain.blockscout.com/token/0x36a34f6e6f213ff880bf759bff9f1b4d305c06bd,uniswap,0x08460bc2e922c208a349e188211e14cee48c2cbc9d72a4f53c3ff1af5fa23c9b,https://dexscreener.com/robinhood/0x08460bc2e922c208a349e188211e14cee48c2cbc9d72a4f53c3ff1af5fa23c9b,2026-09-05T19:56:35+00:00,11476.45,251099.61,1645,1297,1.398e-05,v4
2026-09-06T06:20:26.113208+00:00,ZM,Zoom • Robinhood Token,0x44c4f142009036cf477ed2d09932051843137cf1,https://robinhoodchain.blockscout.com/token/0x44c4f142009036cf477ed2d09932051843137cf1,ZOOMER,ZOOMER,0xb13d9c586f6bc12f6c27c5ef32b24ea51fe61e18,https://robinhoodchain.blockscout.com/token/0xb13d9c586f6bc12f6c27c5ef32b24ea51fe61e18,uniswap,0xf45c90dc15853ec4777fda78afbd7894b28eab6606b4dfe713c7b39374ffca07,https://dexscreener.com/robinhood/0xf45c90dc15853ec4777fda78afbd7894b28eab6606b4dfe713c7b39374ffca07,2026-09-03T21:35:26+00:00,11270.55,450.48,6,3,1.103e-05,v4
2026-09-06T06:19:07.510029+00:00,FLY,Firefly Aerospace Inc. • Robinhood Token,0x03bc731ffb162cdd7b98d3c6542bfc291126075d,https://robinhoodchain.blockscout.com/token/0x03bc731ffb162cdd7b98d3c6542bfc291126075d,GIGA,GIGAFLY,0x3d484c1f72fd5913b2b31bf286bfe15778b66601,https://robinhoodchain.blockscout.com/token/0x3d484c1f72fd5913b2b31bf286bfe15778b66601,uniswap,0x62804c734bf966c7b25a881d0cbc6a7f7ce00568b1abd706b51739870cc82e81,https://dexscreener.com/robinhood/0x62804c734bf966c7b25a881d0cbc6a7f7ce00568b1abd706b51739870cc82e81,2026-09-05T06:18:37+00:00,11164.51,122745.62,774,678,1.402e-05,v4
2026-09-06T06:18:37.273929+00:00,AMZN,Amazon • Robinhood Token,0x12f190a9f9d7d37a250758b26824b97ce941bf54,https://robinhoodchain.blockscout.com/token/0x12f190a9f9d7d37a250758b26824b97ce941bf54,AWS,Ape With Size,0x8b18c01c16e27e199cdd2eb0d22010440d5f0421,https://robinhoodchain.blockscout.com/token/0x8b18c01c16e27e199cdd2eb0d22010440d5f0421,uniswap,0x7e69995b94958a06f9b79564eacd5540e47bc8339347f2932a0817dc2add7325,https://dexscreener.com/robinhood/0x7e69995b94958a06f9b79564eacd5540e47bc8339347f2932a0817dc2add7325,2026-09-05T22:57:42+00:00,11159.59,616262.9,2929,2827,2.001e-05,v4
2026-09-06T06:20:06.895082+00:00,SMR,NuScale Power • Robinhood Token,0x1eebee7f74517e0279dfb09d25b0407beec3fdd6,https://robinhoodchain.blockscout.com/token/0x1eebee7f74517e0279dfb09d25b0407beec3fdd6,RASMR,rasmr,0xab84cffe731f818e2a131622c4cd2a2d20b01e18,https://robinhoodchain.blockscout.com/token/0xab84cffe731f818e2a131622c4cd2a2d20b01e18,uniswap,0xfbd19f8ef3afcd9fa6dfca2b4d78e8ae7057f90f639b0b696a4ab0ccf44c60be,https://dexscreener.com/robinhood/0xfbd19f8ef3afcd9fa6dfca2b4d78e8ae7057f90f639b0b696a4ab0ccf44c60be,2026-09-04T18:41:05+00:00,11158.17,10.31,4,2,1.11e-05,v4
2026-09-06T06:18:44.582363+00:00,BA,Boeing • Robinhood Token,0x4d21483a44bf67a86b77e3da301411880797d452,https://robinhoodchain.blockscout.com/token/0x4d21483a44bf67a86b77e3da301411880797d452,JOEING,Joeing,0xa29269714b34eb79ca49780c7c76da45038e1880,https://robinhoodchain.blockscout.com/token/0xa29269714b34eb79ca49780c7c76da45038e1880,uniswap,0x4b81b0949a2167cc472106ce1926962e6d7f761a1d8a64174b09df47eeec27e9,https://dexscreener.com/robinhood/0x4b81b0949a2167cc472106ce1926962e6d7f761a1d8a64174b09df47eeec27e9,2026-09-01T02:44:19+00:00,10920.48,3704.84,10,22,1.604e-05,v4
2026-09-06T06:18:45.221065+00:00,BABA,Alibaba • Robinhood Token,0xad25ac6c84d497db898fa1e8387bf6af3532a1c4,https://robinhoodchain.blockscout.com/token/0xad25ac6c84d497db898fa1e8387bf6af3532a1c4,Bababoi,巴巴博一,0xe50b4fc7eb99a94a587d59b2d90e737c786ae354,https://robinhoodchain.blockscout.com/token/0xe50b4fc7eb99a94a587d59b2d90e737c786ae354,uniswap,0xeff2204d7831de8773851a6759f2baace59fe8034af76bfcafa80aed53fbe344,https://dexscreener.com/robinhood/0xeff2204d7831de8773851a6759f2baace59fe8034af76bfcafa80aed53fbe344,2026-09-04T17:23:17+00:00,10878.83,102512.78,458,391,1.341e-05,v4
2026-09-06T06:19:16.415254+00:00,IBM,IBM • Robinhood Token,0x980dcf6766fa79f5cf0c4aadb3ab477ff15a9619,https://robinhoodchain.blockscout.com/token/0x980dcf6766fa79f5cf0c4aadb3ab477ff15a9619,NPC,Non Playable Character,0x61778fc79d741ee3df3b7bc4f15fb793e5961edb,https://robinhoodchain.blockscout.com/token/0x61778fc79d741ee3df3b7bc4f15fb793e5961edb,uniswap,0xeb42f61c585df595d5f19d80291c89624b713632ab883d177e8639f09dec99a4,https://dexscreener.com/robinhood/0xeb42f61c585df595d5f19d80291c89624b713632ab883d177e8639f09dec99a4,2026-09-05T07:14:21+00:00,10834.69,182870.2,925,805,1.377e-05,v4
2026-09-06T06:20:08.648016+00:00,SNOW,Snowflake • Robinhood Token,0xba0cab75495255d0cb58e22b648bfed4ecd1f47e,https://robinhoodchain.blockscout.com/token/0xba0cab75495255d0cb58e22b648bfed4ecd1f47e,COCAINE,COCAINE,0x688a39ab62b1caae9bedaac0e0638dce01540c01,https://robinhoodchain.blockscout.com/token/0x688a39ab62b1caae9bedaac0e0638dce01540c01,uniswap,0x3eecd69c947d540e98b43e1b37c241a82eaaf4df1aaf77dd1aeca2fac1474df2,https://dexscreener.com/robinhood/0x3eecd69c947d540e98b43e1b37c241a82eaaf4df1aaf77dd1aeca2fac1474df2,2026-09-05T20:50:34+00:00,10812.46,531937.04,2214,2117,1.33e-05,v4
2026-09-06T06:19:33.646497+00:00,MRVL,Marvell Technology • Robinhood Token,0x62fd0668e10d8b72339be2dcf7643001688ff13b,https://robinhoodchain.blockscout.com/token/0x62fd0668e10d8b72339be2dcf7643001688ff13b,JUGGERNAUT,JUGGERNAUT,0x3fdd406ed0f3552ff38592c88bdc49fb28247301,https://robinhoodchain.blockscout.com/token/0x3fdd406ed0f3552ff38592c88bdc49fb28247301,uniswap,0xea962bfbdf91dd822fff2ce355713e2649443b6b4767ee1056999aba791f75c6,https://dexscreener.com/robinhood/0xea962bfbdf91dd822fff2ce355713e2649443b6b4767ee1056999aba791f75c6,2026-09-01T20:17:11+00:00,10774.18,2107.15,5,11,1.233e-05,v4
2026-09-06T06:18:57.821791+00:00,CRWD,CrowdStrike Holdings • Robinhood Token,0xea72ecca2d0f6bfa1394dbbcff85b52cd4233931,https://robinhoodchain.blockscout.com/token/0xea72ecca2d0f6bfa1394dbbcff85b52cd4233931,C291,Channel File 291,0x3e05705b6a631ff63c1b7e21fea848a3f655cba3,https://robinhoodchain.blockscout.com/token/0x3e05705b6a631ff63c1b7e21fea848a3f655cba3,uniswap,0x672fd685152f8057d2b313ac525a649910c8537cc34fab41207a23880f604d0d,https://dexscreener.com/robinhood/0x672fd685152f8057d2b313ac525a649910c8537cc34fab41207a23880f604d0d,2026-09-05T22:48:49+00:00,10632.57,11.25,1,2,1.063e-07,v4
2026-09-06T06:20:15.476079+00:00,TSM,Taiwan Semiconductor Manufacturing • Robinhood Token,0x58ffe4a942d3885baa22d7520691f611ef09e7aa,https://robinhoodchain.blockscout.com/token/0x58ffe4a942d3885baa22d7520691f611ef09e7aa,AU,Autism,0x4b8cb3de930008eb96faeda5f281e3a717146627,https://robinhoodchain.blockscout.com/token/0x4b8cb3de930008eb96faeda5f281e3a717146627,uniswap,0xdf76ab50dae60cded312543ddbac0116c8780d3c306cfd279e0a1be3c3469b84,https://dexscreener.com/robinhood/0xdf76ab50dae60cded312543ddbac0116c8780d3c306cfd279e0a1be3c3469b84,2026-09-05T14:17:54+00:00,10596.59,4558.67,110,41,1.06e-05,v4
2026-09-06T06:19:36.142293+00:00,MU,Micron Technology • Robinhood Token,0xff080c8ce2e5feadaca0da81314ae59d232d4afd,https://robinhoodchain.blockscout.com/token/0xff080c8ce2e5feadaca0da81314ae59d232d4afd,SHROOM,MUSHROOM,0xab093def657f15df31b33922a95e047add645b29,https://robinhoodchain.blockscout.com/token/0xab093def657f15df31b33922a95e047add645b29,uniswap,0x8f9e36e5244964a67b29c45b6cc1a6dbd068065c3c2f11934ed48365b7f437cc,https://dexscreener.com/robinhood/0x8f9e36e5244964a67b29c45b6cc1a6dbd068065c3c2f11934ed48365b7f437cc,2026-09-06T01:27:32+00:00,10529.69,5898.37,24,30,0.04565,v4
2026-09-06T06:20:07.577878+00:00,SNAP,Snap • Robinhood Token,0xf6589f11bc40b669e584073f428b05562f568733,https://robinhoodchain.blockscout.com/token/0xf6589f11bc40b669e584073f428b05562f568733,SELFIE,SELFIE DOG,0x57886902f922dc39af881dccaf632c1969c7ca01,https://robinhoodchain.blockscout.com/token/0x57886902f922dc39af881dccaf632c1969c7ca01,uniswap,0xcae5478cdb1f412c8135eada39c375e96ca599f3f2f4bcfb3ac1067cd77a53ba,https://dexscreener.com/robinhood/0xcae5478cdb1f412c8135eada39c375e96ca599f3f2f4bcfb3ac1067cd77a53ba,2026-09-01T23:56:13+00:00,10526.66,7978.34,48,34,1.298e-05,v4
2026-09-06T06:20:08.149298+00:00,SNDK,Sandisk Corporation • Robinhood Token,0xb90a19ff0af67f7779aff50a882a9cff42446400,https://robinhoodchain.blockscout.com/token/0xb90a19ff0af67f7779aff50a882a9cff42446400,MEMORYMAN,Memory Man,0xa1817524cb925d3468760613435600f233ff8b5e,https://robinhoodchain.blockscout.com/token/0xa1817524cb925d3468760613435600f233ff8b5e,uniswap,0x9408c6b448352212b7d7ee001bf415015326af5cbb192d4693521f59fdff7ca8,https://dexscreener.com/robinhood/0x9408c6b448352212b7d7ee001bf415015326af5cbb192d4693521f59fdff7ca8,2026-09-02T11:39:28+00:00,10439.11,7970.32,40,42,1.157e-05,v4
2026-09-06T06:19:29.030901+00:00,LULU,Lululemon • Robinhood Token,0x4e62068525ab11fe768e29dfd00ef909b9803016,https://robinhoodchain.blockscout.com/token/0x4e62068525ab11fe768e29dfd00ef909b9803016,DELULU,Delusional Coin,0xada85e113fc5c33046cae2fc66006fd84f093c9b,https://robinhoodchain.blockscout.com/token/0xada85e113fc5c33046cae2fc66006fd84f093c9b,uniswap,0x279a01d4459f06e70ffe06dcfbf1d3c7e254f51f512ae2519e1a5a23fbeaabb0,https://dexscreener.com/robinhood/0x279a01d4459f06e70ffe06dcfbf1d3c7e254f51f512ae2519e1a5a23fbeaabb0,2026-09-03T22:10:54+00:00,10385.16,18378.78,89,154,1.498e-05,v4
2026-09-06T06:20:08.648016+00:00,SNOW,Snowflake • Robinhood Token,0xba0cab75495255d0cb58e22b648bfed4ecd1f47e,https://robinhoodchain.blockscout.com/token/0xba0cab75495255d0cb58e22b648bfed4ecd1f47e,SNOWBALL,Snowball,0xba45ae83f353939451810450ac3a42c5bc169422,https://robinhoodchain.blockscout.com/token/0xba45ae83f353939451810450ac3a42c5bc169422,uniswap,0xeaac2a110b789d902ab89e59c74d08a6c0b497388fdfa51f703f6dfc9b61f64a,https://dexscreener.com/robinhood/0xeaac2a110b789d902ab89e59c74d08a6c0b497388fdfa51f703f6dfc9b61f64a,2026-09-04T20:41:14+00:00,10277.16,41521.07,192,185,1.165e-05,v4
2026-09-06T06:18:47.213404+00:00,BULL,Webull • Robinhood Token,0xcef9027c7d6985b85f0ba431125073529a947a68,https://robinhoodchain.blockscout.com/token/0xcef9027c7d6985b85f0ba431125073529a947a68,delusional ,bull,0x83f8a4e6dc541201dd48706f23ae9ae61e4a7a01,https://robinhoodchain.blockscout.com/token/0x83f8a4e6dc541201dd48706f23ae9ae61e4a7a01,uniswap,0x8f283a4cc3d43ee2d56bcc47c95f0c3a635b3388a00d6e2c3d1f79bb20ef66b4,https://dexscreener.com/robinhood/0x8f283a4cc3d43ee2d56bcc47c95f0c3a635b3388a00d6e2c3d1f79bb20ef66b4,2026-09-02T20:38:55+00:00,10269.4,2660.92,4,21,1.218e-05,v4
2026-09-06T06:19:38.832169+00:00,NET,"Cloudflare, Inc. Class A common stock • Robinhood Token",0x116f00968269b7bfbad4109ce591d6e74c0601d4,https://robinhoodchain.blockscout.com/token/0x116f00968269b7bfbad4109ce591d6e74c0601d4,LAVALAMP,Lava Lamp,0xbf4737ac652cda93eeecfc03808befe7184d1e18,https://robinhoodchain.blockscout.com/token/0xbf4737ac652cda93eeecfc03808befe7184d1e18,uniswap,0xf72025b36b9ed26b27b85f026baf4b82e3f84c506df478cf5a8f2b43d05dba73,https://dexscreener.com/robinhood/0xf72025b36b9ed26b27b85f026baf4b82e3f84c506df478cf5a8f2b43d05dba73,2026-09-04T18:37:33+00:00,10168.45,18.48,2,1,1.01e-05,v4
2026-09-06T06:20:16.854792+00:00,TTWO,Take-Two Interactive Software • Robinhood Token,0x5e81213613b6b86eab4c6c50d718d34359459786,https://robinhoodchain.blockscout.com/token/0x5e81213613b6b86eab4c6c50d718d34359459786,EVP,EVP,0x8dcb5663bc2149e001a0776585ad59a144da1b2f,https://robinhoodchain.blockscout.com/token/0x8dcb5663bc2149e001a0776585ad59a144da1b2f,uniswap,0xb83317638f34e25ad2354fca76dd5dacd070c7b9138fc1aeb91b3db223d533c1,https://dexscreener.com/robinhood/0xb83317638f34e25ad2354fca76dd5dacd070c7b9138fc1aeb91b3db223d533c1,2026-09-02T08:48:01+00:00,10099.15,52.24,0,3,0.0005366,v4
2026-09-06T06:19:34.442877+00:00,MSFT,Microsoft • Robinhood Token,0xe93237c50d904957cf27e7b1133b510c669c2e74,https://robinhoodchain.blockscout.com/token/0xe93237c50d904957cf27e7b1133b510c669c2e74,WOJAK,Wojak,0xbac1fac924c18f6d11e7025ef4babfe3e191cdfb,https://robinhoodchain.blockscout.com/token/0xbac1fac924c18f6d11e7025ef4babfe3e191cdfb,uniswap,0x6adc3a318aa2a542a93ff744dbe2e2c293e7e871885440fd22159098df937eea,https://dexscreener.com/robinhood/0x6adc3a318aa2a542a93ff744dbe2e2c293e7e871885440fd22159098df937eea,2026-09-04T02:26:51+00:00,10052.89,10838.69,86,104,1.521e-05,v4
2026-09-06T06:20:15.476079+00:00,TSM,Taiwan Semiconductor Manufacturing • Robinhood Token,0x58ffe4a942d3885baa22d7520691f611ef09e7aa,https://robinhoodchain.blockscout.com/token/0x58ffe4a942d3885baa22d7520691f611ef09e7aa,TYSM,THANK YOU SO MUCH,0xdb71a6fff061339f11670916b8118c1f7498d052,https://robinhoodchain.blockscout.com/token/0xdb71a6fff061339f11670916b8118c1f7498d052,uniswap,0x8e7c090c9d5118fab19d7c5f4a4b24722cc37913b72d113225686712840b23c4,https://dexscreener.com/robinhood/0x8e7c090c9d5118fab19d7c5f4a4b24722cc37913b72d113225686712840b23c4,2026-09-05T14:32:07+00:00,10035.61,21.06,1,0,1.003e-05,v4
2026-09-06T06:19:34.442877+00:00,MSFT,Microsoft • Robinhood Token,0xe93237c50d904957cf27e7b1133b510c669c2e74,https://robinhoodchain.blockscout.com/token/0xe93237c50d904957cf27e7b1133b510c669c2e74,INTERNET,Internet Coin,0x88888cc1c17ffcba563f418c61596b3fa2ca2e2c,https://robinhoodchain.blockscout.com/token/0x88888cc1c17ffcba563f418c61596b3fa2ca2e2c,uniswap,0xe4c48aaa4cb6ccf733af68cc98b19f403cce1c28eb9deaf788983da96bf44958,https://dexscreener.com/robinhood/0xe4c48aaa4cb6ccf733af68cc98b19f403cce1c28eb9deaf788983da96bf44958,2026-09-05T17:02:48+00:00,10030.45,320916.83,1725,1432,1.513e-05,v4
2026-09-06T06:18:37.273929+00:00,AMZN,Amazon • Robinhood Token,0x12f190a9f9d7d37a250758b26824b97ce941bf54,https://robinhoodchain.blockscout.com/token/0x12f190a9f9d7d37a250758b26824b97ce941bf54,PayUp,PayUp,0x71f5a281caffb30b7e601934035516fc41842704,https://robinhoodchain.blockscout.com/token/0x71f5a281caffb30b7e601934035516fc41842704,uniswap,0x255f4654383f290d2719da55e988cb22adfb106e7430ea8fdf989e631a82bc63,https://dexscreener.com/robinhood/0x255f4654383f290d2719da55e988cb22adfb106e7430ea8fdf989e631a82bc63,2026-09-05T08:13:02+00:00,9850.73,83245.8,549,493,1.56e-05,v4
2026-09-06T06:19:40.473117+00:00,NNE,Nano Nuclear Energy • Robinhood Token,0xbef75684c43c4ea7bd18dd532a2244674ee8b926,https://robinhoodchain.blockscout.com/token/0xbef75684c43c4ea7bd18dd532a2244674ee8b926,FROG,Nano Nuclear Frog,0x75b258e7e08f7e2b15b90ec9394c6c007d317d01,https://robinhoodchain.blockscout.com/token/0x75b258e7e08f7e2b15b90ec9394c6c007d317d01,uniswap,0xcaaa93b11a4028289431ac45a574d841c1ca2eb3d59fdd276ea2d0b73126ed68,https://dexscreener.com/robinhood/0xcaaa93b11a4028289431ac45a574d841c1ca2eb3d59fdd276ea2d0b73126ed68,2026-08-31T20:16:41+00:00,9790.25,2601.19,10,14,9.858e-06,v4
2026-09-06T06:19:33.646497+00:00,MRVL,Marvell Technology • Robinhood Token,0x62fd0668e10d8b72339be2dcf7643001688ff13b,https://robinhoodchain.blockscout.com/token/0x62fd0668e10d8b72339be2dcf7643001688ff13b,HULK,hulk,0xbb0a14b28db546e6309a86c4e829f04d51d11fd1,https://robinhoodchain.blockscout.com/token/0xbb0a14b28db546e6309a86c4e829f04d51d11fd1,uniswap,0x5657506c07796537918112921e4d63c4e9be0a5a9dc34c7b44099cab9c4614ad,https://dexscreener.com/robinhood/0x5657506c07796537918112921e4d63c4e9be0a5a9dc34c7b44099cab9c4614ad,2026-09-03T18:01:06+00:00,9722.88,4482.09,28,42,1.109e-05,v4
2026-09-06T06:19:40.473117+00:00,NNE,Nano Nuclear Energy • Robinhood Token,0xbef75684c43c4ea7bd18dd532a2244674ee8b926,https://robinhoodchain.blockscout.com/token/0xbef75684c43c4ea7bd18dd532a2244674ee8b926,NNE,Nano Nuclear Frog,0x0b3b3ee95c842b8dd79409e5d33cbc3d6c1cf001,https://robinhoodchain.blockscout.com/token/0x0b3b3ee95c842b8dd79409e5d33cbc3d6c1cf001,uniswap,0x8fd1b74030c86fb7066bcbc77297a140fe375efd386d9bc4023c97e84cb5fe38,https://dexscreener.com/robinhood/0x8fd1b74030c86fb7066bcbc77297a140fe375efd386d9bc4023c97e84cb5fe38,2026-08-31T23:26:38+00:00,9542.27,963.26,6,7,9.543e-06,v4
2026-09-06T06:19:33.012710+00:00,MRNA,Moderna • Robinhood Token,0x43b07d15ce533bec5476d70c22a78a1b2b662155,https://robinhoodchain.blockscout.com/token/0x43b07d15ce533bec5476d70c22a78a1b2b662155,VACCINE,Intismeran,0xdb20177ce0a56f9a0256fceed7d66493f2fbd3be,https://robinhoodchain.blockscout.com/token/0xdb20177ce0a56f9a0256fceed7d66493f2fbd3be,uniswap,0x908cce9d0cf3f8836d9b0ae48cb56adb1b9072040469cf73a5759a985d0b6f1b,https://dexscreener.com/robinhood/0x908cce9d0cf3f8836d9b0ae48cb56adb1b9072040469cf73a5759a985d0b6f1b,2026-08-19T12:17:28+00:00,9494.87,4.8,0,1,9.6e-06,v4
2026-09-06T06:19:45.048778+00:00,ON,ON Semiconductor • Robinhood Token,0xbbd09f72b025360fee5c928053dca6248d35be54,https://robinhoodchain.blockscout.com/token/0xbbd09f72b025360fee5c928053dca6248d35be54,MO,MOON,0xff593970adc8ff3e625001f674e1e5f3dcdfdc01,https://robinhoodchain.blockscout.com/token/0xff593970adc8ff3e625001f674e1e5f3dcdfdc01,uniswap,0xf63527ddd04b640b9040c5afe1265dd7affb471d29b94148129d871fac0fbad2,https://dexscreener.com/robinhood/0xf63527ddd04b640b9040c5afe1265dd7affb471d29b94148129d871fac0fbad2,2026-09-01T21:33:23+00:00,9440.19,591.57,1,11,1.187e-05,v4
2026-09-06T06:19:14.541277+00:00,HIMS,Hims & Hers Health • Robinhood Token,0xccee82fe024c36fa15e1005ede3e9e4787e23d09,https://robinhoodchain.blockscout.com/token/0xccee82fe024c36fa15e1005ede3e9e4787e23d09,EVP,EVP,0x8dcb5663bc2149e001a0776585ad59a144da1b2f,https://robinhoodchain.blockscout.com/token/0x8dcb5663bc2149e001a0776585ad59a144da1b2f,uniswap,0xeba883be1dda0d4589fd9fe59f83f7673e6ba3fe143bdf9e4cd8bc26533f95ec,https://dexscreener.com/robinhood/0xeba883be1dda0d4589fd9fe59f83f7673e6ba3fe143bdf9e4cd8bc26533f95ec,2026-09-02T08:48:04+00:00,9402.0,109.83,1,2,0.0005007,v4
2026-09-06T06:18:47.213404+00:00,BULL,Webull • Robinhood Token,0xcef9027c7d6985b85f0ba431125073529a947a68,https://robinhoodchain.blockscout.com/token/0xcef9027c7d6985b85f0ba431125073529a947a68,MUMU,Mumu The Bull,0xaa37680c7456fe3e38ecbd88ed20e124b4e53045,https://robinhoodchain.blockscout.com/token/0xaa37680c7456fe3e38ecbd88ed20e124b4e53045,uniswap,0x60ab372852d81f258f1545dec82fdf34d713dd4e946a6af55490c45adb2c2e25,https://dexscreener.com/robinhood/0x60ab372852d81f258f1545dec82fdf34d713dd4e946a6af55490c45adb2c2e25,2026-09-05T00:09:29+00:00,9376.09,33084.51,164,182,9.719e-06,v4
2026-09-06T06:19:36.142293+00:00,MU,Micron Technology • Robinhood Token,0xff080c8ce2e5feadaca0da81314ae59d232d4afd,https://robinhoodchain.blockscout.com/token/0xff080c8ce2e5feadaca0da81314ae59d232d4afd,SHROOM,MUSHROOM,0xab093def657f15df31b33922a95e047add645b29,https://robinhoodchain.blockscout.com/token/0xab093def657f15df31b33922a95e047add645b29,uniswap,0xf0e8eb0f629e07fd99eeedad68e5d78e1d30d43443f777359b51511d6dcdff48,https://dexscreener.com/robinhood/0xf0e8eb0f629e07fd99eeedad68e5d78e1d30d43443f777359b51511d6dcdff48,2026-09-06T01:30:21+00:00,9339.58,2394.07,11,16,0.04363,v4
2026-09-06T06:19:34.442877+00:00,MSFT,Microsoft • Robinhood Token,0xe93237c50d904957cf27e7b1133b510c669c2e74,https://robinhoodchain.blockscout.com/token/0xe93237c50d904957cf27e7b1133b510c669c2e74,EVP,EVP,0x8dcb5663bc2149e001a0776585ad59a144da1b2f,https://robinhoodchain.blockscout.com/token/0x8dcb5663bc2149e001a0776585ad59a144da1b2f,uniswap,0x3a0e7ffa9364a1281da8c0296101c988717c3c7b3889cb18d4399a8448dd61a2,https://dexscreener.com/robinhood/0x3a0e7ffa9364a1281da8c0296101c988717c3c7b3889cb18d4399a8448dd61a2,2026-09-02T08:47:57+00:00,9304.96,11.04,0,2,0.0004942,v4
2026-09-06T06:19:36.142293+00:00,MU,Micron Technology • Robinhood Token,0xff080c8ce2e5feadaca0da81314ae59d232d4afd,https://robinhoodchain.blockscout.com/token/0xff080c8ce2e5feadaca0da81314ae59d232d4afd,SHROOM,MUSHROOM,0xab093def657f15df31b33922a95e047add645b29,https://robinhoodchain.blockscout.com/token/0xab093def657f15df31b33922a95e047add645b29,uniswap,0xee1da8e16df7b3d4c3893be1be14a9cdc00ed404df94ea63a745be814cc1715a,https://dexscreener.com/robinhood/0xee1da8e16df7b3d4c3893be1be14a9cdc00ed404df94ea63a745be814cc1715a,2026-09-06T01:32:45+00:00,9286.67,1795.41,8,14,0.04378,v4
2026-09-06T06:19:58.013138+00:00,RBLX,Roblox • Robinhood Token,0xf0c4bf4c582cb3836e98394b1d4e7b7281101be8,https://robinhoodchain.blockscout.com/token/0xf0c4bf4c582cb3836e98394b1d4e7b7281101be8,Tabby,Tabby Cat,0xd51ff9b1612e5099245b068ce0b6803d8f4adc8e,https://robinhoodchain.blockscout.com/token/0xd51ff9b1612e5099245b068ce0b6803d8f4adc8e,uniswap,0x18750a6e2af00ef3ae60b4daaaa492e94ef29b88294211465c0ed363cd7e1534,https://dexscreener.com/robinhood/0x18750a6e2af00ef3ae60b4daaaa492e94ef29b88294211465c0ed363cd7e1534,2026-09-04T19:56:55+00:00,9236.55,8816.64,93,175,9.78e-06,v4
2026-09-06T06:20:01.479682+00:00,RIVN,Rivian Automotive • Robinhood Token,0xb1bf26c1d20ff267a4f93550d1e0d06ac40a114b,https://robinhoodchain.blockscout.com/token/0xb1bf26c1d20ff267a4f93550d1e0d06ac40a114b,RIVN,Rivian Automotive,0x7344fc83244f8d5feaa0db99d164257e416f7e01,https://robinhoodchain.blockscout.com/token/0x7344fc83244f8d5feaa0db99d164257e416f7e01,uniswap,0xa588c6c2878972712690217e22c5f992e85974363fd66129d8721de63139c853,https://dexscreener.com/robinhood/0xa588c6c2878972712690217e22c5f992e85974363fd66129d8721de63139c853,2026-09-02T03:50:14+00:00,9229.15,1410.39,8,17,1.074e-05,v4
2026-09-06T06:19:57.459118+00:00,QUBT,Quantum Computing • Robinhood Token,0x59818904ab4ce163b3ce4ffb64f2d6ca02c434b4,https://robinhoodchain.blockscout.com/token/0x59818904ab4ce163b3ce4ffb64f2d6ca02c434b4,QCAT,Quantum Cat,0x97737986245c3a9fd61c40424ac98c816451d301,https://robinhoodchain.blockscout.com/token/0x97737986245c3a9fd61c40424ac98c816451d301,uniswap,0x2c0da25af6b13fa1afa632a68db29422ae553f27856d7a0d92b66a3ca2e52960,https://dexscreener.com/robinhood/0x2c0da25af6b13fa1afa632a68db29422ae553f27856d7a0d92b66a3ca2e52960,2026-09-01T09:39:21+00:00,9207.21,736.76,1,12,1.054e-05,v4
2026-09-06T06:19:33.646497+00:00,MRVL,Marvell Technology • Robinhood Token,0x62fd0668e10d8b72339be2dcf7643001688ff13b,https://robinhoodchain.blockscout.com/token/0x62fd0668e10d8b72339be2dcf7643001688ff13b,AVENGERS,The Avengers,0x035ba91978c0d859659db72a77540fa8dbc27701,https://robinhoodchain.blockscout.com/token/0x035ba91978c0d859659db72a77540fa8dbc27701,uniswap,0x510a36ae3d1102bef4f55ab2577acc0b7d2cdbc967158d1e21b130266097b560,https://dexscreener.com/robinhood/0x510a36ae3d1102bef4f55ab2577acc0b7d2cdbc967158d1e21b130266097b560,2026-08-31T19:55:54+00:00,9173.54,99.28,3,1,1e-05,v4
2026-09-06T06:19:58.583475+00:00,RCAT,Red Cat • Robinhood Token,0xfde6b5d9bb419b10c23268c74e369abff39c0460,https://robinhoodchain.blockscout.com/token/0xfde6b5d9bb419b10c23268c74e369abff39c0460,STRIKE,Red Cat,0xf09e7355eef8d7cd43c61294971d7f376a073801,https://robinhoodchain.blockscout.com/token/0xf09e7355eef8d7cd43c61294971d7f376a073801,uniswap,0x311f5cae2a1f0037f98e725569f4de5dfd129ca4ac9da42c8d5a3d0cb8e499b2,https://dexscreener.com/robinhood/0x311f5cae2a1f0037f98e725569f4de5dfd129ca4ac9da42c8d5a3d0cb8e499b2,2026-09-01T20:34:09+00:00,9062.62,9239.39,33,44,1.144e-05,v4
2026-09-06T06:18:55.423631+00:00,COST,Costco • Robinhood Token,0x4ea005168d7f09a7a0ba9d1def21a479950e44c2,https://robinhoodchain.blockscout.com/token/0x4ea005168d7f09a7a0ba9d1def21a479950e44c2,GLIZZY,Costco Hotdog,0xde3549041c1252675ed83e14ee489b4c1fc9f310,https://robinhoodchain.blockscout.com/token/0xde3549041c1252675ed83e14ee489b4c1fc9f310,uniswap,0xd3ba40f7176aae12b6a5dd00ecc408dfb5ab705567288a6ec785735d8ff766e4,https://dexscreener.com/robinhood/0xd3ba40f7176aae12b6a5dd00ecc408dfb5ab705567288a6ec785735d8ff766e4,2026-08-27T23:34:44+00:00,8988.06,3654.5,19,33,1.236e-05,v4
2026-09-06T06:19:35.005904+00:00,MSTR,Strategy Inc. • Robinhood Token,0xec262a75e413fafd0df80480274532c79d42da09,https://robinhoodchain.blockscout.com/token/0xec262a75e413fafd0df80480274532c79d42da09,MSTR,MicroStrategy On-chain,0x4e6fd69e1e09b6e79e5d6b10da2dd74e5a3fbf31,https://robinhoodchain.blockscout.com/token/0x4e6fd69e1e09b6e79e5d6b10da2dd74e5a3fbf31,uniswap,0xfa90972da3d11d798529115c652ae824ae888aa6968fd0194892278c5e00c2c2,https://dexscreener.com/robinhood/0xfa90972da3d11d798529115c652ae824ae888aa6968fd0194892278c5e00c2c2,2026-09-03T20:46:52+00:00,8981.27,4146.5,15,52,8.092e-06,v4
2026-09-06T06:19:45.048778+00:00,ON,ON Semiconductor • Robinhood Token,0xbbd09f72b025360fee5c928053dca6248d35be54,https://robinhoodchain.blockscout.com/token/0xbbd09f72b025360fee5c928053dca6248d35be54,MO,MO,0x11c6f61c58ab671c4fc4b8a87ac30e16a20b4c01,https://robinhoodchain.blockscout.com/token/0x11c6f61c58ab671c4fc4b8a87ac30e16a20b4c01,uniswap,0x23fa4be8d972ecc3247099d66424d8cb9275e973ee384f19d978bb6589e47d42,https://dexscreener.com/robinhood/0x23fa4be8d972ecc3247099d66424d8cb9275e973ee384f19d978bb6589e47d42,2026-09-02T12:18:51+00:00,8936.57,1339.88,5,12,1.097e-05,v4
2026-09-06T06:20:25.478945+00:00,XOM,ExxonMobil Holdings Corporation • Robinhood Token,0xf9b46d3d1b22199d4d1025a9cedb540a33f1a2d5,https://robinhoodchain.blockscout.com/token/0xf9b46d3d1b22199d4d1025a9cedb540a33f1a2d5,METHANE,MR Methane,0xbc633d9e69fa1b51dd7f23a3b421f0eac8771301,https://robinhoodchain.blockscout.com/token/0xbc633d9e69fa1b51dd7f23a3b421f0eac8771301,uniswap,0x975e27bde00c24ea42955263048fc33aa55d3a7d366f7c91be670f349240ca16,https://dexscreener.com/robinhood/0x975e27bde00c24ea42955263048fc33aa55d3a7d366f7c91be670f349240ca16,2026-09-05T23:59:34+00:00,8884.2,116069.74,542,421,1.013e-05,v4
2026-09-06T06:18:36.203214+00:00,AMD,AMD • Robinhood Token,0x86923f96303d656e4aa86d9d42d1e57ad2023fdc,https://robinhoodchain.blockscout.com/token/0x86923f96303d656e4aa86d9d42d1e57ad2023fdc,GB,Gigabyte,0xd78650f3a96e55e0710282c4f459ac556ef3517e,https://robinhoodchain.blockscout.com/token/0xd78650f3a96e55e0710282c4f459ac556ef3517e,uniswap,0x9264f0d740eab13c8417baa0d27cedfb3ba63950e55a50e413678e7d55967635,https://dexscreener.com/robinhood/0x9264f0d740eab13c8417baa0d27cedfb3ba63950e55a50e413678e7d55967635,2026-09-01T22:17:28+00:00,8871.34,1693.65,18,33,1.171e-05,v4
2026-09-06T06:19:51.064239+00:00,PFE,Pfizer • Robinhood Token,0x7066a64c24e4206cd62e83bf198c1e7eb361f51e,https://robinhoodchain.blockscout.com/token/0x7066a64c24e4206cd62e83bf198c1e7eb361f51e,COPIUM,Copium,0x6c002de352a8e12d6fa5267041fd139f389b2501,https://robinhoodchain.blockscout.com/token/0x6c002de352a8e12d6fa5267041fd139f389b2501,uniswap,0x905fe9a2988948d660b5a8f8015d79837c78910e85fa84b4efce3c742680c199,https://dexscreener.com/robinhood/0x905fe9a2988948d660b5a8f8015d79837c78910e85fa84b4efce3c742680c199,2026-09-02T20:17:39+00:00,8802.07,10822.57,68,44,9.967e-06,v4
2026-09-06T06:20:26.113208+00:00,ZM,Zoom • Robinhood Token,0x44c4f142009036cf477ed2d09932051843137cf1,https://robinhoodchain.blockscout.com/token/0x44c4f142009036cf477ed2d09932051843137cf1,ZOOMER,Zoomer,0x9f5632d4925495f4c6e5fc92c68ca17beba11e18,https://robinhoodchain.blockscout.com/token/0x9f5632d4925495f4c6e5fc92c68ca17beba11e18,uniswap,0xfee766dc254f5147102a7a51f2c542d73dcdebe490fca52fd7fea551d9e8fc10,https://dexscreener.com/robinhood/0xfee766dc254f5147102a7a51f2c542d73dcdebe490fca52fd7fea551d9e8fc10,2026-09-05T20:07:15+00:00,8765.85,7501.66,103,110,8.836e-06,v4
2026-09-06T06:20:26.113208+00:00,ZM,Zoom • Robinhood Token,0x44c4f142009036cf477ed2d09932051843137cf1,https://robinhoodchain.blockscout.com/token/0x44c4f142009036cf477ed2d09932051843137cf1,PANTSLESS,Pantless Coin,0x7fcad0b55c1da54dce3573caeec86902027d1e18,https://robinhoodchain.blockscout.com/token/0x7fcad0b55c1da54dce3573caeec86902027d1e18,uniswap,0xc49b15e5d740aafa4936a830b17ed4800bbef66517435d6a1403836bbe404fc4,https://dexscreener.com/robinhood/0xc49b15e5d740aafa4936a830b17ed4800bbef66517435d6a1403836bbe404fc4,2026-09-04T02:20:48+00:00,8691.31,219.11,4,2,8.777e-06,v4
2026-09-06T06:20:15.476079+00:00,TSM,Taiwan Semiconductor Manufacturing • Robinhood Token,0x58ffe4a942d3885baa22d7520691f611ef09e7aa,https://robinhoodchain.blockscout.com/token/0x58ffe4a942d3885baa22d7520691f611ef09e7aa,TSM,Tokenized Stock Meme,0x6789ef31ae7796042b87cada42c23f2995f92b6d,https://robinhoodchain.blockscout.com/token/0x6789ef31ae7796042b87cada42c23f2995f92b6d,uniswap,0x7c4a0a757037699d106747e21bb2a4eb42754c3d34f6dd6f1095d3ce74764d3e,https://dexscreener.com/robinhood/0x7c4a0a757037699d106747e21bb2a4eb42754c3d34f6dd6f1095d3ce74764d3e,2026-09-04T09:23:31+00:00,8620.22,3326.6,28,73,8.437e-06,v4
2026-09-06T06:19:57.459118+00:00,QUBT,Quantum Computing • Robinhood Token,0x59818904ab4ce163b3ce4ffb64f2d6ca02c434b4,https://robinhoodchain.blockscout.com/token/0x59818904ab4ce163b3ce4ffb64f2d6ca02c434b4,QTARD,Quantum Tardigrade,0x4aa5e58c73ebb268a8a97a441a8ef674e0bd9301,https://robinhoodchain.blockscout.com/token/0x4aa5e58c73ebb268a8a97a441a8ef674e0bd9301,uniswap,0x2f7a236de9f323871eaa37c99a7bdecae7ad59e9639aaf2eef64d6aa6882665d,https://dexscreener.com/robinhood/0x2f7a236de9f323871eaa37c99a7bdecae7ad59e9639aaf2eef64d6aa6882665d,2026-09-01T08:10:16+00:00,8606.09,1823.57,9,16,9.647e-06,v4
2026-09-06T06:20:08.648016+00:00,SNOW,Snowflake • Robinhood Token,0xba0cab75495255d0cb58e22b648bfed4ecd1f47e,https://robinhoodchain.blockscout.com/token/0xba0cab75495255d0cb58e22b648bfed4ecd1f47e,PABLO,Pablo Escobar,0xb83d6aad78dc1619900ccd908962f25b8d7ea401,https://robinhoodchain.blockscout.com/token/0xb83d6aad78dc1619900ccd908962f25b8d7ea401,uniswap,0xf8f0dca2341c53c60671168f0ed1b6fc875df1d6534789c9a9e884952fe8cd01,https://dexscreener.com/robinhood/0xf8f0dca2341c53c60671168f0ed1b6fc875df1d6534789c9a9e884952fe8cd01,2026-09-02T20:46:08+00:00,8597.45,3108.01,10,19,9.687e-06,v4
2026-09-06T06:19:29.030901+00:00,LULU,Lululemon • Robinhood Token,0x4e62068525ab11fe768e29dfd00ef909b9803016,https://robinhoodchain.blockscout.com/token/0x4e62068525ab11fe768e29dfd00ef909b9803016,DE,Delusional Optimist,0x6c5591a2463c52dc1986018ef9a966db812754ce,https://robinhoodchain.blockscout.com/token/0x6c5591a2463c52dc1986018ef9a966db812754ce,uniswap,0x90e875c418e6caf2461d09644bbfc9a69d6e2be03229908b3077dd20d4192bd0,https://dexscreener.com/robinhood/0x90e875c418e6caf2461d09644bbfc9a69d6e2be03229908b3077dd20d4192bd0,2026-09-03T16:59:06+00:00,8585.92,3289.84,14,35,1.024e-05,v4
2026-09-06T06:18:45.221065+00:00,BABA,Alibaba • Robinhood Token,0xad25ac6c84d497db898fa1e8387bf6af3532a1c4,https://robinhoodchain.blockscout.com/token/0xad25ac6c84d497db898fa1e8387bf6af3532a1c4,NAILONG,Nailong,0x36b8f67d3439edb17fc14b5c01505d72aa20f60a,https://robinhoodchain.blockscout.com/token/0x36b8f67d3439edb17fc14b5c01505d72aa20f60a,uniswap,0xf63ea55ff0a88a1c5984ff26232195f2af77b4d53b753e0b7274beaa6fe82095,https://dexscreener.com/robinhood/0xf63ea55ff0a88a1c5984ff26232195f2af77b4d53b753e0b7274beaa6fe82095,2026-09-05T03:52:14+00:00,8563.18,101821.75,477,492,8.31e-06,v4
2026-09-06T06:20:04.904459+00:00,SKHY,SK hynix Inc. American Depositary Shares • Robinhood Token,0x84cab63bc87912e71ad199ff14a0ba45de68fef8,https://robinhoodchain.blockscout.com/token/0x84cab63bc87912e71ad199ff14a0ba45de68fef8,FAKER,Faker,0x19877466a25afa9e433a83d8d1b9952c7d561a38,https://robinhoodchain.blockscout.com/token/0x19877466a25afa9e433a83d8d1b9952c7d561a38,uniswap,0xfe4ea8f473e544793c205cf0a10063cb091b1e824cede69b767aac487f65d076,https://dexscreener.com/robinhood/0xfe4ea8f473e544793c205cf0a10063cb091b1e824cede69b767aac487f65d076,2026-09-02T12:49:33+00:00,8511.96,664.85,6,11,8.173e-06,v4
2026-09-06T06:19:16.415254+00:00,IBM,IBM • Robinhood Token,0x980dcf6766fa79f5cf0c4aadb3ab477ff15a9619,https://robinhoodchain.blockscout.com/token/0x980dcf6766fa79f5cf0c4aadb3ab477ff15a9619,NPC,npc,0xfe60addda2a64d0b7f9209f60b31c8d943ba41e4,https://robinhoodchain.blockscout.com/token/0xfe60addda2a64d0b7f9209f60b31c8d943ba41e4,uniswap,0x9184912b622f828b7ffb2806bcaae953756198ba629a32846bb61f26112df72b,https://dexscreener.com/robinhood/0x9184912b622f828b7ffb2806bcaae953756198ba629a32846bb61f26112df72b,2026-09-05T21:05:47+00:00,8501.95,493983.01,2508,2439,8.479e-06,v4
2026-09-06T06:18:56.031479+00:00,CRCL,Circle Internet Group • Robinhood Token,0xdf0992e440dd0be65bd8439b609d6d4366bf1cb5,https://robinhoodchain.blockscout.com/token/0xdf0992e440dd0be65bd8439b609d6d4366bf1cb5,CIRCLEJERK,Circlejerk,0x5614587115c01fa7123861c52c80831ef5dbdbdb,https://robinhoodchain.blockscout.com/token/0x5614587115c01fa7123861c52c80831ef5dbdbdb,uniswap,0x255E809b88a9F2C8FC1fb9D95353277a48433359,https://dexscreener.com/robinhood/0x255e809b88a9f2c8fc1fb9d95353277a48433359,2026-09-04T09:27:21+00:00,8468.39,11.27,1,0,8.581e-06,v3
2026-09-06T06:19:30.962397+00:00,META,Meta Platforms • Robinhood Token,0xc0d6457c16cc70d6790dd43521c899c87ce02f35,https://robinhoodchain.blockscout.com/token/0xc0d6457c16cc70d6790dd43521c899c87ce02f35,BENNY,Benny,0x1674ad3c2222ab3983d140e72227b2ce5db4e6c6,https://robinhoodchain.blockscout.com/token/0x1674ad3c2222ab3983d140e72227b2ce5db4e6c6,uniswap,0xaaf241070470c6ae7a5b0629b365094a5a94e521242e45aa67101b3be942b678,https://dexscreener.com/robinhood/0xaaf241070470c6ae7a5b0629b365094a5a94e521242e45aa67101b3be942b678,2026-08-31T03:34:23+00:00,8362.26,497.22,11,15,1.008e-05,v4
2026-09-06T06:19:01.128821+00:00,DELL,Dell • Robinhood Token,0x941ae714ec6d8130c7b75d67160ca08f1e7d11dd,https://robinhoodchain.blockscout.com/token/0x941ae714ec6d8130c7b75d67160ca08f1e7d11dd,Dellicopter,Dellicopter,0xbcfa20a927f59715b730a3525e3fa7e6db7adf02,https://robinhoodchain.blockscout.com/token/0xbcfa20a927f59715b730a3525e3fa7e6db7adf02,uniswap,0x9fcbc5f7a960a4f58b2b6b058d917ac697f7174b71da7a7fb128e7ca8f41a9f3,https://dexscreener.com/robinhood/0x9fcbc5f7a960a4f58b2b6b058d917ac697f7174b71da7a7fb128e7ca8f41a9f3,2026-09-02T21:12:09+00:00,8253.11,475.51,1,6,6.772e-06,v4
2026-09-06T06:19:34.442877+00:00,MSFT,Microsoft • Robinhood Token,0xe93237c50d904957cf27e7b1133b510c669c2e74,https://robinhoodchain.blockscout.com/token/0xe93237c50d904957cf27e7b1133b510c669c2e74,SHROOM,MUSHROOM,0xab093def657f15df31b33922a95e047add645b29,https://robinhoodchain.blockscout.com/token/0xab093def657f15df31b33922a95e047add645b29,uniswap,0xbe684fff2412de15b4a12ecc39879b69aa7629dc452b878032697ddaa50bcfae,https://dexscreener.com/robinhood/0xbe684fff2412de15b4a12ecc39879b69aa7629dc452b878032697ddaa50bcfae,2026-09-04T00:56:43+00:00,8212.67,9413.49,83,60,0.04606,v4
2026-09-06T06:19:58.013138+00:00,RBLX,Roblox • Robinhood Token,0xf0c4bf4c582cb3836e98394b1d4e7b7281101be8,https://robinhoodchain.blockscout.com/token/0xf0c4bf4c582cb3836e98394b1d4e7b7281101be8,STEVIE,Deployed by Stevie,0x9fe6d319ccf4c16fd7e42905be33fa0a07c20a76,https://robinhoodchain.blockscout.com/token/0x9fe6d319ccf4c16fd7e42905be33fa0a07c20a76,uniswap,0x08f74041e7e83584da951cb1044fae4e2dbf503cad5ae672ee5ebf9ab84dbe18,https://dexscreener.com/robinhood/0x08f74041e7e83584da951cb1044fae4e2dbf503cad5ae672ee5ebf9ab84dbe18,2026-09-03T23:28:19+00:00,8173.87,8116.9,30,52,7.691e-06,v4
2026-09-06T06:19:42.060578+00:00,NU,Nu • Robinhood Token,0x408c14038a04f7bd235329e26d2bf569ee20e250,https://robinhoodchain.blockscout.com/token/0x408c14038a04f7bd235329e26d2bf569ee20e250,I,INU,0x86b01f98d71d38b2d7d0c9f588ee705c2c8cbf01,https://robinhoodchain.blockscout.com/token/0x86b01f98d71d38b2d7d0c9f588ee705c2c8cbf01,uniswap,0xa46a992887a81d0dc72cadf44632570e86ea6869a943e98abb01a0ec8aa4203a,https://dexscreener.com/robinhood/0xa46a992887a81d0dc72cadf44632570e86ea6869a943e98abb01a0ec8aa4203a,2026-08-31T20:17:29+00:00,8147.45,282.42,0,5,9.095e-06,v4
2026-09-06T06:18:57.267036+00:00,CRM,Salesforce • Robinhood Token,0xd95b44124e475743a7589e68f3d74008a5536d44,https://robinhoodchain.blockscout.com/token/0xd95b44124e475743a7589e68f3d74008a5536d44,PEN,Sell me this pen,0x666cfae70e6f2f6b96b9367db7ccda644e623801,https://robinhoodchain.blockscout.com/token/0x666cfae70e6f2f6b96b9367db7ccda644e623801,uniswap,0xd0d351dd12a7941b5d2823cf538ee1bd04a5d73ddbbe74c9773b05ee1b440de1,https://dexscreener.com/robinhood/0xd0d351dd12a7941b5d2823cf538ee1bd04a5d73ddbbe74c9773b05ee1b440de1,2026-09-02T23:15:21+00:00,8139.0,268.36,0,7,9.022e-06,v4
2026-09-06T06:18:55.423631+00:00,COST,Costco • Robinhood Token,0x4ea005168d7f09a7a0ba9d1def21a479950e44c2,https://robinhoodchain.blockscout.com/token/0x4ea005168d7f09a7a0ba9d1def21a479950e44c2,RIZZLER,RIZZLER,0x59ccd2519c57c7d06331caa984326bd33e36db01,https://robinhoodchain.blockscout.com/token/0x59ccd2519c57c7d06331caa984326bd33e36db01,uniswap,0xc5427117c9e24248907ce1dfe180d0ecded142b7c358d05f22a094b4add13dbd,https://dexscreener.com/robinhood/0xc5427117c9e24248907ce1dfe180d0ecded142b7c358d05f22a094b4add13dbd,2026-09-02T18:21:12+00:00,8124.1,909.2,0,10,9.217e-06,v4
2026-09-06T06:20:01.479682+00:00,RIVN,Rivian Automotive • Robinhood Token,0xb1bf26c1d20ff267a4f93550d1e0d06ac40a114b,https://robinhoodchain.blockscout.com/token/0xb1bf26c1d20ff267a4f93550d1e0d06ac40a114b,GARY,GEAR GUARD GARY,0x401923511ec7356aec6b7717207394fea97cea01,https://robinhoodchain.blockscout.com/token/0x401923511ec7356aec6b7717207394fea97cea01,uniswap,0x17f1144200cac91a074d2787900117d0d7803177c1b4d00f80810c189a41a99e,https://dexscreener.com/robinhood/0x17f1144200cac91a074d2787900117d0d7803177c1b4d00f80810c189a41a99e,2026-09-01T20:59:55+00:00,8108.93,1259.88,2,10,9.015e-06,v4
2026-09-06T06:20:03.825738+00:00,SHOP,Shopify • Robinhood Token,0xf53f66751b1eff985311b693531e3290f600c410,https://robinhoodchain.blockscout.com/token/0xf53f66751b1eff985311b693531e3290f600c410,COURSE,BUY MY COURSE,0xe3026b75479e4e17b0eb6be3230e61b88601dc01,https://robinhoodchain.blockscout.com/token/0xe3026b75479e4e17b0eb6be3230e61b88601dc01,uniswap,0xd55f8a1ea18e16b39a21668c2a888bed052bc97df2a37f82220a73374e4b37ad,https://dexscreener.com/robinhood/0xd55f8a1ea18e16b39a21668c2a888bed052bc97df2a37f82220a73374e4b37ad,2026-09-03T07:39:29+00:00,8002.41,1556.92,3,12,8.922e-06,v4
2026-09-06T06:20:26.113208+00:00,ZM,Zoom • Robinhood Token,0x44c4f142009036cf477ed2d09932051843137cf1,https://robinhoodchain.blockscout.com/token/0x44c4f142009036cf477ed2d09932051843137cf1,ZOOMER,Zoomer,0xff90cbad2f4f9bdc401e72bdde79a529c7c75501,https://robinhoodchain.blockscout.com/token/0xff90cbad2f4f9bdc401e72bdde79a529c7c75501,uniswap,0x335b644daab32b75267e255af48f026ac12ad15c365813d71a812e6273b2bc96,https://dexscreener.com/robinhood/0x335b644daab32b75267e255af48f026ac12ad15c365813d71a812e6273b2bc96,2026-08-31T14:23:01+00:00,7969.16,215.49,0,9,8.723e-06,v4
2026-09-06T06:18:36.203214+00:00,AMD,AMD • Robinhood Token,0x86923f96303d656e4aa86d9d42d1e57ad2023fdc,https://robinhoodchain.blockscout.com/token/0x86923f96303d656e4aa86d9d42d1e57ad2023fdc,RYZEN,Ryzen Kitty,0x50d0d0da00ffd195d2d1d2448617ad039855ad2b,https://robinhoodchain.blockscout.com/token/0x50d0d0da00ffd195d2d1d2448617ad039855ad2b,uniswap,0xae6cdf3b4647d5eac2788562e35941b9dc825466597961f2f8dbedff068fd4c1,https://dexscreener.com/robinhood/0xae6cdf3b4647d5eac2788562e35941b9dc825466597961f2f8dbedff068fd4c1,2026-08-28T21:51:48+00:00,7952.28,2449.32,21,27,9.41e-06,v4
2026-09-06T06:19:58.013138+00:00,RBLX,Roblox • Robinhood Token,0xf0c4bf4c582cb3836e98394b1d4e7b7281101be8,https://robinhoodchain.blockscout.com/token/0xf0c4bf4c582cb3836e98394b1d4e7b7281101be8,NOOB,noob,0x5027cef79ee4afb9cb3fb7792339d22d38c5a5df,https://robinhoodchain.blockscout.com/token/0x5027cef79ee4afb9cb3fb7792339d22d38c5a5df,uniswap,0x5f4133c22c81ff348131837f35aea342122b39568d2c12d44276ab83cd78dafd,https://dexscreener.com/robinhood/0x5f4133c22c81ff348131837f35aea342122b39568d2c12d44276ab83cd78dafd,2026-09-02T20:16:57+00:00,7941.07,2367.9,22,52,7.259e-06,v4
2026-09-06T06:19:24.044470+00:00,KSS,Kohls Corporation • Robinhood Token,0x12e3c047bf9aecaf9ddc98c05c31bfd1dd043993,https://robinhoodchain.blockscout.com/token/0x12e3c047bf9aecaf9ddc98c05c31bfd1dd043993,KCASH,Kohl's Cash,0x74e6de80d11def78f103a3d5793816328575bfda,https://robinhoodchain.blockscout.com/token/0x74e6de80d11def78f103a3d5793816328575bfda,uniswap,0x69e44b37f307a96771a894a4ab4103b3bb2280b807ffad0c41dc63876605b167,https://dexscreener.com/robinhood/0x69e44b37f307a96771a894a4ab4103b3bb2280b807ffad0c41dc63876605b167,2026-09-01T00:02:48+00:00,7885.25,712.87,3,5,8.642e-06,v4
2026-09-06T06:20:02.280731+00:00,RKLB,Rocket Lab Corporation • Robinhood Token,0x3b14c39e89d60d627b42a1a4ca45b5bb45fc12e2,https://robinhoodchain.blockscout.com/token/0x3b14c39e89d60d627b42a1a4ca45b5bb45fc12e2,WAGMI,WAGMI,0xf60cd46643747aea26819e2106e5267b57978d01,https://robinhoodchain.blockscout.com/token/0xf60cd46643747aea26819e2106e5267b57978d01,uniswap,0x3dba04751cd2af88c059d8d9aff51f9b04c9ee01becff6aee5e5885c54e3bc10,https://dexscreener.com/robinhood/0x3dba04751cd2af88c059d8d9aff51f9b04c9ee01becff6aee5e5885c54e3bc10,2026-09-04T15:00:12+00:00,7818.4,1332.47,6,4,8.654e-06,v4
2026-09-06T06:19:01.128821+00:00,DELL,Dell • Robinhood Token,0x941ae714ec6d8130c7b75d67160ca08f1e7d11dd,https://robinhoodchain.blockscout.com/token/0x941ae714ec6d8130c7b75d67160ca08f1e7d11dd,A,A,0xb5fe81d22615678926cbef1c7ca879e06695dc01,https://robinhoodchain.blockscout.com/token/0xb5fe81d22615678926cbef1c7ca879e06695dc01,uniswap,0xf008a18b5ff93ab39a435035b92ec958b48e6a007fd8d1d0b08cf2b529bcd888,https://dexscreener.com/robinhood/0xf008a18b5ff93ab39a435035b92ec958b48e6a007fd8d1d0b08cf2b529bcd888,2026-08-31T20:06:42+00:00,7800.95,208.15,0,2,8.029e-06,v4
2026-09-06T06:19:58.013138+00:00,RBLX,Roblox • Robinhood Token,0xf0c4bf4c582cb3836e98394b1d4e7b7281101be8,https://robinhoodchain.blockscout.com/token/0xf0c4bf4c582cb3836e98394b1d4e7b7281101be8,ESOK,Esok Sekolah,0x40a333e74b1bd98011723d8031a0588fb1a68652,https://robinhoodchain.blockscout.com/token/0x40a333e74b1bd98011723d8031a0588fb1a68652,uniswap,0xd6eedb73c7b267d26dffb8635d98afc2089d57391b92ee848be4c0a97a35b081,https://dexscreener.com/robinhood/0xd6eedb73c7b267d26dffb8635d98afc2089d57391b92ee848be4c0a97a35b081,2026-09-02T04:07:15+00:00,7796.01,11329.53,108,51,6.996e-06,v4
2026-09-06T06:19:30.962397+00:00,META,Meta Platforms • Robinhood Token,0xc0d6457c16cc70d6790dd43521c899c87ce02f35,https://robinhoodchain.blockscout.com/token/0xc0d6457c16cc70d6790dd43521c899c87ce02f35,DMS,SLIDE IN,0x3790a47646de58866b9c42c13c913531b6cc9b01,https://robinhoodchain.blockscout.com/token/0x3790a47646de58866b9c42c13c913531b6cc9b01,uniswap,0xfc0f3fbcbb6271829b8b84fe58114767897b4059bb282494962df62e359c676b,https://dexscreener.com/robinhood/0xfc0f3fbcbb6271829b8b84fe58114767897b4059bb282494962df62e359c676b,2026-09-02T06:24:09+00:00,7793.07,2099.03,9,6,8.569e-06,v4
2026-09-06T06:19:27.393829+00:00,LMT,Lockheed • Robinhood Token,0x329fcaceb9ad6f9580dd5f643fed0646900d043c,https://robinhoodchain.blockscout.com/token/0x329fcaceb9ad6f9580dd5f643fed0646900d043c,$LMI,Lockheed Martin Inu,0x9f60915c9035422f1fcd09970ce6954666656501,https://robinhoodchain.blockscout.com/token/0x9f60915c9035422f1fcd09970ce6954666656501,uniswap,0xffb1463694a7739339b2303ddc2ef9792af9ca93c880f284d60fb86cb451611c,https://dexscreener.com/robinhood/0xffb1463694a7739339b2303ddc2ef9792af9ca93c880f284d60fb86cb451611c,2026-09-05T04:11:20+00:00,7775.56,335486.72,1557,1545,8.819e-06,v4
2026-09-06T06:19:22.218506+00:00,JNJ,Johnson & Johnson • Robinhood Token,0x03dfbbe0ac4e7bcdafd08ed41a400326b77d8c80,https://robinhoodchain.blockscout.com/token/0x03dfbbe0ac4e7bcdafd08ed41a400326b77d8c80,POOPIE,POOPIE,0x5071627df2734ee73fcbd7aab8a3b579af3c3901,https://robinhoodchain.blockscout.com/token/0x5071627df2734ee73fcbd7aab8a3b579af3c3901,uniswap,0x21a124bf62b8e4cdc236afc271fc02abc080d6373214a5f3f6198e849a10f530,https://dexscreener.com/robinhood/0x21a124bf62b8e4cdc236afc271fc02abc080d6373214a5f3f6198e849a10f530,2026-09-01T01:18:25+00:00,7738.41,71.78,2,4,8.513e-06,v4
2026-09-06T06:19:46.455443+00:00,ORCL,Oracle • Robinhood Token,0xb0992820e760d836549ba69bc7598b4af75dee03,https://robinhoodchain.blockscout.com/token/0xb0992820e760d836549ba69bc7598b4af75dee03,DUKE,Oracle Mascot,0x52ee0e816a44d7efc17b2227101546c2645d41aa,https://robinhoodchain.blockscout.com/token/0x52ee0e816a44d7efc17b2227101546c2645d41aa,sushiswap,0x13b5FBaAd12d3f402688ac02564988364C1C1062,https://dexscreener.com/robinhood/0x13b5fbaad12d3f402688ac02564988364c1c1062,2026-09-02T23:59:35+00:00,7685.1,113.24,0,1,7.694e-06,v3
2026-09-06T06:19:01.128821+00:00,DELL,Dell • Robinhood Token,0x941ae714ec6d8130c7b75d67160ca08f1e7d11dd,https://robinhoodchain.blockscout.com/token/0x941ae714ec6d8130c7b75d67160ca08f1e7d11dd,LAPTOP,Gently Used Dell Laptop,0x64412f58a8488e2302c99f603085e83f9fa09c18,https://robinhoodchain.blockscout.com/token/0x64412f58a8488e2302c99f603085e83f9fa09c18,uniswap,0xcd3185db169a6cc182da17ddf74dc32d189d5335e9908b851ee0ad7b21e87ee2,https://dexscreener.com/robinhood/0xcd3185db169a6cc182da17ddf74dc32d189d5335e9908b851ee0ad7b21e87ee2,2026-09-04T00:27:33+00:00,7646.46,1710.87,13,16,5.823e-06,v4
2026-09-06T06:18:47.213404+00:00,BULL,Webull • Robinhood Token,0xcef9027c7d6985b85f0ba431125073529a947a68,https://robinhoodchain.blockscout.com/token/0xcef9027c7d6985b85f0ba431125073529a947a68,PERMA,PERMA/BULL,0xa16de896fb9bc549d0df5a8601c050ad3a2d8401,https://robinhoodchain.blockscout.com/token/0xa16de896fb9bc549d0df5a8601c050ad3a2d8401,uniswap,0x761f83f30bd579bbf1fcf59ec6b3cb5e89a429d20435ae625261a5c6bf30957a,https://dexscreener.com/robinhood/0x761f83f30bd579bbf1fcf59ec6b3cb5e89a429d20435ae625261a5c6bf30957a,2026-09-02T22:37:02+00:00,7594.08,310.95,1,13,8.151e-06,v4
2026-09-06T06:18:36.203214+00:00,AMD,AMD • Robinhood Token,0x86923f96303d656e4aa86d9d42d1e57ad2023fdc,https://robinhoodchain.blockscout.com/token/0x86923f96303d656e4aa86d9d42d1e57ad2023fdc,AMD,Advanced Money Duplicatooooor,0x767114f472653de35f80682d1e319f7b4516e96c,https://robinhoodchain.blockscout.com/token/0x767114f472653de35f80682d1e319f7b4516e96c,uniswap,0x207e1094c8de7e6037da899d24af752942d2085ce53e6a53ea403d1352953efe,https://dexscreener.com/robinhood/0x207e1094c8de7e6037da899d24af752942d2085ce53e6a53ea403d1352953efe,2026-09-03T01:17:15+00:00,7588.11,217.67,0,9,8.548e-06,v4
2026-09-06T06:20:04.904459+00:00,SKHY,SK hynix Inc. American Depositary Shares • Robinhood Token,0x84cab63bc87912e71ad199ff14a0ba45de68fef8,https://robinhoodchain.blockscout.com/token/0x84cab63bc87912e71ad199ff14a0ba45de68fef8,ANT,Ant Investors,0xb155de2eb628e6c59daa64fa8135ade628dd5936,https://robinhoodchain.blockscout.com/token/0xb155de2eb628e6c59daa64fa8135ade628dd5936,uniswap,0xb54856297f9fa12409b347df36f917360568b2b2abb21d8af93fc53f3eb2ed2e,https://dexscreener.com/robinhood/0xb54856297f9fa12409b347df36f917360568b2b2abb21d8af93fc53f3eb2ed2e,2026-09-02T05:20:44+00:00,7384.44,89.59,0,5,6.151e-06,v4
2026-09-06T06:19:16.415254+00:00,IBM,IBM • Robinhood Token,0x980dcf6766fa79f5cf0c4aadb3ab477ff15a9619,https://robinhoodchain.blockscout.com/token/0x980dcf6766fa79f5cf0c4aadb3ab477ff15a9619,STONK,stonk,0x290ef7cb99d544fcca026ec7b769777b4693724c,https://robinhoodchain.blockscout.com/token/0x290ef7cb99d544fcca026ec7b769777b4693724c,uniswap,0x0d8ac726c417dd19be24650c778f1ee494918b4e1a0b857a79ee69a371820d99,https://dexscreener.com/robinhood/0x0d8ac726c417dd19be24650c778f1ee494918b4e1a0b857a79ee69a371820d99,2026-09-05T02:28:49+00:00,7331.33,2209.33,33,72,6.304e-06,v4
2026-09-06T06:19:22.218506+00:00,JNJ,Johnson & Johnson • Robinhood Token,0x03dfbbe0ac4e7bcdafd08ed41a400326b77d8c80,https://robinhoodchain.blockscout.com/token/0x03dfbbe0ac4e7bcdafd08ed41a400326b77d8c80,JNJ,Johnson N Johnson,0x9ced16b09c67238dc9e60ea3e8f97c5dabe40dbb,https://robinhoodchain.blockscout.com/token/0x9ced16b09c67238dc9e60ea3e8f97c5dabe40dbb,uniswap,0x9508d451de9e6e226a557ac7412fad271f59498fac317679b723668b96a9989b,https://dexscreener.com/robinhood/0x9508d451de9e6e226a557ac7412fad271f59498fac317679b723668b96a9989b,2026-09-03T16:47:13+00:00,7324.89,3489.29,29,59,6.607e-06,v4
2026-09-06T06:19:13.284882+00:00,GOOGL,Alphabet Class A • Robinhood Token,0x2e0847e8910a9732eb3fb1bb4b70a580adad4fe3,https://robinhoodchain.blockscout.com/token/0x2e0847e8910a9732eb3fb1bb4b70a580adad4fe3,RVH,Ravenhood,0x96765066f6a040a21eb027167d2315b707c82633,https://robinhoodchain.blockscout.com/token/0x96765066f6a040a21eb027167d2315b707c82633,alandale,0xB47fb95D7CC6b3a3E4414b69ABeAF77CD1296773,https://dexscreener.com/robinhood/0xb47fb95d7cc6b3a3e4414b69abeaf77cd1296773,,7310.25,862.84,12,5,0.008868,
2026-09-06T06:20:22.736294+00:00,WDAY,Workday • Robinhood Token,0x82da4646242e1d962e96e932269dc644c94a9caa,https://robinhoodchain.blockscout.com/token/0x82da4646242e1d962e96e932269dc644c94a9caa,j*b,j*bcoin,0x96e6c62c1cf0ad6e1c2b69ee6dda3d65901b6a01,https://robinhoodchain.blockscout.com/token/0x96e6c62c1cf0ad6e1c2b69ee6dda3d65901b6a01,uniswap,0xf0ee15cf5529061aeb18da46919f425c82e964910050e7ae372926c664b246eb,https://dexscreener.com/robinhood/0xf0ee15cf5529061aeb18da46919f425c82e964910050e7ae372926c664b246eb,2026-09-02T21:52:41+00:00,7304.05,513.13,0,19,7.935e-06,v4
2026-09-06T06:18:40.399422+00:00,ASTS,AST SpaceMobile • Robinhood Token,0x1af6446f07eb1d97c546afc8c9544cbdf3ad5137,https://robinhoodchain.blockscout.com/token/0x1af6446f07eb1d97c546afc8c9544cbdf3ad5137,ASSTITS,Ass & Tits,0xd3ccfd2d3f73950537504234937883504eba5701,https://robinhoodchain.blockscout.com/token/0xd3ccfd2d3f73950537504234937883504eba5701,uniswap,0x3ca7c6c09fc1e1da08aedeabe6008936c4869e3e5a251312e1ef1a6329a11dde,https://dexscreener.com/robinhood/0x3ca7c6c09fc1e1da08aedeabe6008936c4869e3e5a251312e1ef1a6329a11dde,2026-09-02T01:12:10+00:00,7220.92,90.93,0,4,7.61e-06,v4
2026-09-06T06:19:58.013138+00:00,RBLX,Roblox • Robinhood Token,0xf0c4bf4c582cb3836e98394b1d4e7b7281101be8,https://robinhoodchain.blockscout.com/token/0xf0c4bf4c582cb3836e98394b1d4e7b7281101be8,MANFACE,MANFACE,0xd7ca7e45324ab33f390bcf3394a41d0fb4b4989c,https://robinhoodchain.blockscout.com/token/0xd7ca7e45324ab33f390bcf3394a41d0fb4b4989c,uniswap,0xb6d0880753dfb9162073669030d37d6a7f0190e5ecb1c64a436f271b3526ba66,https://dexscreener.com/robinhood/0xb6d0880753dfb9162073669030d37d6a7f0190e5ecb1c64a436f271b3526ba66,2026-09-02T18:37:05+00:00,7207.67,4688.97,20,40,5.965e-06,v4
2026-09-06T06:19:40.473117+00:00,NNE,Nano Nuclear Energy • Robinhood Token,0xbef75684c43c4ea7bd18dd532a2244674ee8b926,https://robinhoodchain.blockscout.com/token/0xbef75684c43c4ea7bd18dd532a2244674ee8b926,NUKE,Nuke,0xcf9faf20cad54738b477e6ed19ce51e49a324c35,https://robinhoodchain.blockscout.com/token/0xcf9faf20cad54738b477e6ed19ce51e49a324c35,uniswap,0xa8d493f5d4201fae168e6a4de0c917caeecb161a0bf90c1b9399707b7c820344,https://dexscreener.com/robinhood/0xa8d493f5d4201fae168e6a4de0c917caeecb161a0bf90c1b9399707b7c820344,2026-09-05T14:23:32+00:00,7171.67,8198.59,64,52,7.169e-06,v4
2026-09-06T06:20:26.113208+00:00,ZM,Zoom • Robinhood Token,0x44c4f142009036cf477ed2d09932051843137cf1,https://robinhoodchain.blockscout.com/token/0x44c4f142009036cf477ed2d09932051843137cf1,ZOOMIES,Zoomies,0xf2b3d1f5a9274dd1b69f866ca7b93abcb3471401,https://robinhoodchain.blockscout.com/token/0xf2b3d1f5a9274dd1b69f866ca7b93abcb3471401,uniswap,0x5b3746729f60ae622b030e06a388d63f5e30876e68fc1509fc7136b9bbeef5f7,https://dexscreener.com/robinhood/0x5b3746729f60ae622b030e06a388d63f5e30876e68fc1509fc7136b9bbeef5f7,2026-09-06T06:15:55+00:00,7169.09,1968.17,14,2,7.702e-06,v4
2026-09-06T06:18:36.203214+00:00,AMD,AMD • Robinhood Token,0x86923f96303d656e4aa86d9d42d1e57ad2023fdc,https://robinhoodchain.blockscout.com/token/0x86923f96303d656e4aa86d9d42d1e57ad2023fdc,CIRCLEJERK,AI Circle Jerk,0x0de3f1d1ea59605583b5370c762dce57abfb1f4a,https://robinhoodchain.blockscout.com/token/0x0de3f1d1ea59605583b5370c762dce57abfb1f4a,uniswap,0xa44cce549ce5769e84246fa40b8b61eec6b78b098ca7ccb615b58859126721c6,https://dexscreener.com/robinhood/0xa44cce549ce5769e84246fa40b8b61eec6b78b098ca7ccb615b58859126721c6,2026-08-30T09:10:55+00:00,7168.17,31505.01,182,182,0.0001118,v4
2026-09-06T06:20:03.825738+00:00,SHOP,Shopify • Robinhood Token,0xf53f66751b1eff985311b693531e3290f600c410,https://robinhoodchain.blockscout.com/token/0xf53f66751b1eff985311b693531e3290f600c410,DROPSHIP,DROPSHIPPING,0x13dcf4dda96d5ad9f57c0c94e062cdfaf8f79001,https://robinhoodchain.blockscout.com/token/0x13dcf4dda96d5ad9f57c0c94e062cdfaf8f79001,uniswap,0x5ee56655fec694c3f442df4da0b2ad09bd6d2c2dbd62f9e5278b0e73a45cdea8,https://dexscreener.com/robinhood/0x5ee56655fec694c3f442df4da0b2ad09bd6d2c2dbd62f9e5278b0e73a45cdea8,2026-09-03T07:59:17+00:00,7048.11,459.92,1,5,7.572e-06,v4
2026-09-06T06:19:22.218506+00:00,JNJ,Johnson & Johnson • Robinhood Token,0x03dfbbe0ac4e7bcdafd08ed41a400326b77d8c80,https://robinhoodchain.blockscout.com/token/0x03dfbbe0ac4e7bcdafd08ed41a400326b77d8c80,强生,Johnson & Johnson,0xf40c4ec99e83ee5f595e1091ad8f12146114b553,https://robinhoodchain.blockscout.com/token/0xf40c4ec99e83ee5f595e1091ad8f12146114b553,uniswap,0x39661fa6d7c303aa4ced5dc27b48e786125f58a39cf763779a059f4c4b068469,https://dexscreener.com/robinhood/0x39661fa6d7c303aa4ced5dc27b48e786125f58a39cf763779a059f4c4b068469,2026-09-03T04:38:47+00:00,6999.68,695.32,9,22,6.033e-06,v4
2026-09-06T06:18:45.221065+00:00,BABA,Alibaba • Robinhood Token,0xad25ac6c84d497db898fa1e8387bf6af3532a1c4,https://robinhoodchain.blockscout.com/token/0xad25ac6c84d497db898fa1e8387bf6af3532a1c4,TAOBAO,Taobao,0x6cbef531c6ab13432b8dac3636cc5690bd1fac01,https://robinhoodchain.blockscout.com/token/0x6cbef531c6ab13432b8dac3636cc5690bd1fac01,uniswap,0x8d0b17a1430d8a031b118aab6b8946f5fc8b5e6b1158cea2fa2e74d77afbb789,https://dexscreener.com/robinhood/0x8d0b17a1430d8a031b118aab6b8946f5fc8b5e6b1158cea2fa2e74d77afbb789,2026-09-04T17:01:10+00:00,6936.76,1587.92,3,29,7.391e-06,v4
2026-09-06T06:19:34.442877+00:00,MSFT,Microsoft • Robinhood Token,0xe93237c50d904957cf27e7b1133b510c669c2e74,https://robinhoodchain.blockscout.com/token/0xe93237c50d904957cf27e7b1133b510c669c2e74,CIRCLEJERK,AI Circle Jerk,0x0de3f1d1ea59605583b5370c762dce57abfb1f4a,https://robinhoodchain.blockscout.com/token/0x0de3f1d1ea59605583b5370c762dce57abfb1f4a,uniswap,0x415d24ccca1b7d7f75f5ce0843fa84d1be50745a44ab7ea2c36048d332f997b8,https://dexscreener.com/robinhood/0x415d24ccca1b7d7f75f5ce0843fa84d1be50745a44ab7ea2c36048d332f997b8,2026-08-30T09:10:55+00:00,6885.2,28044.95,165,172,0.0001106,v4
2026-09-06T06:19:58.013138+00:00,RBLX,Roblox • Robinhood Token,0xf0c4bf4c582cb3836e98394b1d4e7b7281101be8,https://robinhoodchain.blockscout.com/token/0xf0c4bf4c582cb3836e98394b1d4e7b7281101be8,ROGE,RogeCoin,0x7c2f35e4774ed1383cdc5cc7b9e7ac6b6eef8570,https://robinhoodchain.blockscout.com/token/0x7c2f35e4774ed1383cdc5cc7b9e7ac6b6eef8570,uniswap,0x42aac0ddac8189c87700a2929810733ee329446109559eb52b749cc19a2d524b,https://dexscreener.com/robinhood/0x42aac0ddac8189c87700a2929810733ee329446109559eb52b749cc19a2d524b,2026-09-05T21:10:31+00:00,6877.2,761793.74,3601,4072,5.421e-06,v4
2026-09-06T06:19:48.021396+00:00,P,Everpure • Robinhood Token,0x1cdad396db64bda184d5182a97dd9b3c62100b7d,https://robinhoodchain.blockscout.com/token/0x1cdad396db64bda184d5182a97dd9b3c62100b7d,FA,FAP,0x061bd9479880cdbaf170bb05d2b9861648e27101,https://robinhoodchain.blockscout.com/token/0x061bd9479880cdbaf170bb05d2b9861648e27101,uniswap,0xa01ec0322e1cc69c85e883945bbf7d5855ffe6eccb0682f1f8021a0cc981331a,https://dexscreener.com/robinhood/0xa01ec0322e1cc69c85e883945bbf7d5855ffe6eccb0682f1f8021a0cc981331a,2026-09-02T23:07:58+00:00,6873.78,657.62,2,11,7.296e-06,v4
2026-09-06T06:19:39.642014+00:00,NFLX,Netflix • Robinhood Token,0xe0444ef8bf4ed74f74fd73686e2ddf4c1c5591e8,https://robinhoodchain.blockscout.com/token/0xe0444ef8bf4ed74f74fd73686e2ddf4c1c5591e8,INVESTOR,"The ""Investor""",0x79840f0d9e7df055b12cf9bb97fd61ba4a9f7b87,https://robinhoodchain.blockscout.com/token/0x79840f0d9e7df055b12cf9bb97fd61ba4a9f7b87,uniswap,0xa96ebf0b2d6c8df31d6024e8a49929e79c1917469b3da9a93f620905d33cbf55,https://dexscreener.com/robinhood/0xa96ebf0b2d6c8df31d6024e8a49929e79c1917469b3da9a93f620905d33cbf55,2026-09-04T19:24:11+00:00,6872.48,7690.32,47,80,5.593e-06,v4
2026-09-06T06:19:13.284882+00:00,GOOGL,Alphabet Class A • Robinhood Token,0x2e0847e8910a9732eb3fb1bb4b70a580adad4fe3,https://robinhoodchain.blockscout.com/token/0x2e0847e8910a9732eb3fb1bb4b70a580adad4fe3,CIRCLEJERK,AI Circle Jerk,0x0de3f1d1ea59605583b5370c762dce57abfb1f4a,https://robinhoodchain.blockscout.com/token/0x0de3f1d1ea59605583b5370c762dce57abfb1f4a,uniswap,0xb2e08d52e1e4bede5a34a77251cf15e9e081ec59aa8ac9a04eeba7fdb2d6e191,https://dexscreener.com/robinhood/0xb2e08d52e1e4bede5a34a77251cf15e9e081ec59aa8ac9a04eeba7fdb2d6e191,2026-08-30T09:10:55+00:00,6806.05,33233.07,221,202,0.0001089,v4
2026-09-06T06:20:26.113208+00:00,ZM,Zoom • Robinhood Token,0x44c4f142009036cf477ed2d09932051843137cf1,https://robinhoodchain.blockscout.com/token/0x44c4f142009036cf477ed2d09932051843137cf1,Zoomer,Zoomer,0xdb03014538ab8b18401970852349a1eddf023901,https://robinhoodchain.blockscout.com/token/0xdb03014538ab8b18401970852349a1eddf023901,uniswap,0xe6221981fe8fd8b840cb19f9df4d20dee162363daaf45be469bbb3c761dd73e0,https://dexscreener.com/robinhood/0xe6221981fe8fd8b840cb19f9df4d20dee162363daaf45be469bbb3c761dd73e0,2026-09-02T03:42:45+00:00,6796.57,1040.65,1,8,7.141e-06,v4
2026-09-06T06:18:40.399422+00:00,ASTS,AST SpaceMobile • Robinhood Token,0x1af6446f07eb1d97c546afc8c9544cbdf3ad5137,https://robinhoodchain.blockscout.com/token/0x1af6446f07eb1d97c546afc8c9544cbdf3ad5137,BRE,BREASTS,0xdc7f4dbacea4fcf23123581b8a3e81f8b0e67701,https://robinhoodchain.blockscout.com/token/0xdc7f4dbacea4fcf23123581b8a3e81f8b0e67701,uniswap,0x19d251470b8c4ef066cbad11b47051e0837f5a573e328d130b63ef593fc67fcf,https://dexscreener.com/robinhood/0x19d251470b8c4ef066cbad11b47051e0837f5a573e328d130b63ef593fc67fcf,2026-09-02T22:16:49+00:00,6757.23,460.32,1,12,7.144e-06,v4
2026-09-06T06:18:55.423631+00:00,COST,Costco • Robinhood Token,0x4ea005168d7f09a7a0ba9d1def21a479950e44c2,https://robinhoodchain.blockscout.com/token/0x4ea005168d7f09a7a0ba9d1def21a479950e44c2,HOTDOG,Hot Dog,0x99a66d49abe9a8b918360d34b3932e9bd7a4c3f3,https://robinhoodchain.blockscout.com/token/0x99a66d49abe9a8b918360d34b3932e9bd7a4c3f3,uniswap,0x6fe595115594f222f1b3285cc66dc95cdb87e95b88388aae4b93cd313b6c6136,https://dexscreener.com/robinhood/0x6fe595115594f222f1b3285cc66dc95cdb87e95b88388aae4b93cd313b6c6136,2026-08-27T16:38:47+00:00,6749.22,793.63,5,5,7.058e-06,v4
2026-09-06T06:18:40.399422+00:00,ASTS,AST SpaceMobile • Robinhood Token,0x1af6446f07eb1d97c546afc8c9544cbdf3ad5137,https://robinhoodchain.blockscout.com/token/0x1af6446f07eb1d97c546afc8c9544cbdf3ad5137,ASSTITS,ASSTITS SpaceMobile,0x80dc4ab1dd1ac23e6bec5bb7434a921f63208101,https://robinhoodchain.blockscout.com/token/0x80dc4ab1dd1ac23e6bec5bb7434a921f63208101,uniswap,0x4c03cddc7a38825c4d1c39ca697e3295ddcb48c4b3676d64fa45461d2c75a091,https://dexscreener.com/robinhood/0x4c03cddc7a38825c4d1c39ca697e3295ddcb48c4b3676d64fa45461d2c75a091,2026-09-03T00:42:26+00:00,6741.12,17.08,0,3,7.12e-06,v4
2026-09-06T06:20:08.149298+00:00,SNDK,Sandisk Corporation • Robinhood Token,0xb90a19ff0af67f7779aff50a882a9cff42446400,https://robinhoodchain.blockscout.com/token/0xb90a19ff0af67f7779aff50a882a9cff42446400,FILES ,The Epstein Files ,0xdd75fe27bd4b644b6604ba3afd9f037cc9dcdc01,https://robinhoodchain.blockscout.com/token/0xdd75fe27bd4b644b6604ba3afd9f037cc9dcdc01,uniswap,0x4b4c956856e8bde6ea743e6c37c71c4c7dd656e61b4265c0565f45b6ed6242ea,https://dexscreener.com/robinhood/0x4b4c956856e8bde6ea743e6c37c71c4c7dd656e61b4265c0565f45b6ed6242ea,2026-09-02T20:59:13+00:00,6720.33,307.58,0,4,7.01e-06,v4
2026-09-06T06:20:26.113208+00:00,ZM,Zoom • Robinhood Token,0x44c4f142009036cf477ed2d09932051843137cf1,https://robinhoodchain.blockscout.com/token/0x44c4f142009036cf477ed2d09932051843137cf1,Epstein,Jeffrey The CFO,0xaee692a9fa1bc4b4a0f628ce9e1fd0050b9b9501,https://robinhoodchain.blockscout.com/token/0xaee692a9fa1bc4b4a0f628ce9e1fd0050b9b9501,uniswap,0xe39f17d7e6f8ae41069bf0895516b7fbd6386cb1343176bb382633c32a70492f,https://dexscreener.com/robinhood/0xe39f17d7e6f8ae41069bf0895516b7fbd6386cb1343176bb382633c32a70492f,2026-09-02T21:27:16+00:00,6696.05,85.12,0,2,7.111e-06,v4
2026-09-06T06:20:03.825738+00:00,SHOP,Shopify • Robinhood Token,0xf53f66751b1eff985311b693531e3290f600c410,https://robinhoodchain.blockscout.com/token/0xf53f66751b1eff985311b693531e3290f600c410,GURU,Buy My Course,0xe4a65d5b6182dcbe817d3559e81e85efe4da5c01,https://robinhoodchain.blockscout.com/token/0xe4a65d5b6182dcbe817d3559e81e85efe4da5c01,uniswap,0x171934758521a2c908b78384b2fe0e02a5620c2aa5a055f47058ca5012408afe,https://dexscreener.com/robinhood/0x171934758521a2c908b78384b2fe0e02a5620c2aa5a055f47058ca5012408afe,2026-09-02T23:05:15+00:00,6689.33,159.9,0,3,7.093e-06,v4
2026-09-06T06:20:18.514194+00:00,UPS,UPS • Robinhood Token,0xf23250dac154d05bb671cb0d0ebef3c635c79ce2,https://robinhoodchain.blockscout.com/token/0xf23250dac154d05bb671cb0d0ebef3c635c79ce2,P,UPS,0x2163846e6a232bb7ebdc70639265570766aec91d,https://robinhoodchain.blockscout.com/token/0x2163846e6a232bb7ebdc70639265570766aec91d,uniswap,0x6cf66a6bb1e0fa2e2e2f599d5ab874347de1d165258002058cf9e046350999cc,https://dexscreener.com/robinhood/0x6cf66a6bb1e0fa2e2e2f599d5ab874347de1d165258002058cf9e046350999cc,2026-09-04T17:31:44+00:00,6680.37,1502.78,13,60,5.112e-06,v4
2026-09-06T06:19:26.891455+00:00,LLY,Eli Lilly • Robinhood Token,0x8005d266423c7ea827372c9c864491e5786600ea,https://robinhoodchain.blockscout.com/token/0x8005d266423c7ea827372c9c864491e5786600ea,ILLY,There Is No Meme,0x75e7ebce48cc611cc299dd079de7352693020501,https://robinhoodchain.blockscout.com/token/0x75e7ebce48cc611cc299dd079de7352693020501,uniswap,0xf732bcc0a897853115b25033034bd3f632d78ee06858378589af3b52eb901422,https://dexscreener.com/robinhood/0xf732bcc0a897853115b25033034bd3f632d78ee06858378589af3b52eb901422,2026-09-01T15:15:01+00:00,6630.47,443.14,1,5,7.184e-06,v4
2026-09-06T06:19:29.030901+00:00,LULU,Lululemon • Robinhood Token,0x4e62068525ab11fe768e29dfd00ef909b9803016,https://robinhoodchain.blockscout.com/token/0x4e62068525ab11fe768e29dfd00ef909b9803016,ruru,Rururemon,0x0bab65bfda4211d23b89083da27996057b204a0e,https://robinhoodchain.blockscout.com/token/0x0bab65bfda4211d23b89083da27996057b204a0e,uniswap,0x5b2dba30884f7733e414d4330c0e02ee1f46ab0bd69d5a81539ba7b06aebe708,https://dexscreener.com/robinhood/0x5b2dba30884f7733e414d4330c0e02ee1f46ab0bd69d5a81539ba7b06aebe708,2026-09-01T19:15:07+00:00,6626.41,822.98,7,8,6.815e-06,v4
2026-09-06T06:19:57.459118+00:00,QUBT,Quantum Computing • Robinhood Token,0x59818904ab4ce163b3ce4ffb64f2d6ca02c434b4,https://robinhoodchain.blockscout.com/token/0x59818904ab4ce163b3ce4ffb64f2d6ca02c434b4,QI,Quantum Inu,0xec664a0669c75ab4337c176926881100bf495c01,https://robinhoodchain.blockscout.com/token/0xec664a0669c75ab4337c176926881100bf495c01,uniswap,0xa59f0c813f3e77cd9d4685d12387d9b821528393b6a5f5fb2e9528d8dd83b7cb,https://dexscreener.com/robinhood/0xa59f0c813f3e77cd9d4685d12387d9b821528393b6a5f5fb2e9528d8dd83b7cb,2026-09-01T09:35:46+00:00,6604.53,185.03,2,6,6.899e-06,v4
2026-09-06T06:18:46.378627+00:00,BE,Bloom Energy • Robinhood Token,0x822cc93ffd030293e9842c30bbd678f530701867,https://robinhoodchain.blockscout.com/token/0x822cc93ffd030293e9842c30bbd678f530701867,ENERGY,Energy Coin,0xbbdec80807f67f1a7e0c3c21ed4df985efda9e59,https://robinhoodchain.blockscout.com/token/0xbbdec80807f67f1a7e0c3c21ed4df985efda9e59,uniswap,0x5597e6c6645f22fbc7479ca5b8a3b757c1e7cb72cbccd475850db6d32120391a,https://dexscreener.com/robinhood/0x5597e6c6645f22fbc7479ca5b8a3b757c1e7cb72cbccd475850db6d32120391a,2026-09-04T21:24:28+00:00,6601.12,6928.77,119,49,4.576e-06,v4
2026-09-06T06:19:40.473117+00:00,NNE,Nano Nuclear Energy • Robinhood Token,0xbef75684c43c4ea7bd18dd532a2244674ee8b926,https://robinhoodchain.blockscout.com/token/0xbef75684c43c4ea7bd18dd532a2244674ee8b926,NNE,NANO Nuclear Energy Inc.,0x2b29fff21fd5761188f9004f8c37f145baa54e01,https://robinhoodchain.blockscout.com/token/0x2b29fff21fd5761188f9004f8c37f145baa54e01,uniswap,0x1aefa227821175267a9a0f1bebc9ab7f89fdd25b05b1d02a56dba6c9bef5be5d,https://dexscreener.com/robinhood/0x1aefa227821175267a9a0f1bebc9ab7f89fdd25b05b1d02a56dba6c9bef5be5d,2026-08-31T21:30:25+00:00,6597.94,1214.64,4,3,6.598e-06,v4
2026-09-06T06:18:45.221065+00:00,BABA,Alibaba • Robinhood Token,0xad25ac6c84d497db898fa1e8387bf6af3532a1c4,https://robinhoodchain.blockscout.com/token/0xad25ac6c84d497db898fa1e8387bf6af3532a1c4,BIAO,BIAO,0xabda1e79f2187112daeb33bde17c33a9539c7901,https://robinhoodchain.blockscout.com/token/0xabda1e79f2187112daeb33bde17c33a9539c7901,uniswap,0xbc0e10903fb3518970a3e20ebbfe2f2efdb9231886c3b4f88ea2b3a653fb9a81,https://dexscreener.com/robinhood/0xbc0e10903fb3518970a3e20ebbfe2f2efdb9231886c3b4f88ea2b3a653fb9a81,2026-09-03T04:38:34+00:00,6593.69,1773.83,1,36,6.942e-06,v4
2026-09-06T06:19:29.030901+00:00,LULU,Lululemon • Robinhood Token,0x4e62068525ab11fe768e29dfd00ef909b9803016,https://robinhoodchain.blockscout.com/token/0x4e62068525ab11fe768e29dfd00ef909b9803016,RURU,Rururemon,0x817516ec6441b1641378f648e770f6aa6d256901,https://robinhoodchain.blockscout.com/token/0x817516ec6441b1641378f648e770f6aa6d256901,uniswap,0x3dca986d239984214645371858c36cbd1ee9a038eb28b1a3f631a90310adbc3c,https://dexscreener.com/robinhood/0x3dca986d239984214645371858c36cbd1ee9a038eb28b1a3f631a90310adbc3c,2026-09-02T21:42:10+00:00,6577.27,619.65,0,9,7.245e-06,v4
2026-09-06T06:19:14.541277+00:00,HIMS,Hims & Hers Health • Robinhood Token,0xccee82fe024c36fa15e1005ede3e9e4787e23d09,https://robinhoodchain.blockscout.com/token/0xccee82fe024c36fa15e1005ede3e9e4787e23d09,CHAD,CHAD,0x6241ac1dcb846081d0c19efc1b8cfcd90e17a267,https://robinhoodchain.blockscout.com/token/0x6241ac1dcb846081d0c19efc1b8cfcd90e17a267,uniswap,0xfe6874deb0fccd576c7879a6c89dc13c0cd5dcc0b7a4d93ef4c20bb1d5ea8076,https://dexscreener.com/robinhood/0xfe6874deb0fccd576c7879a6c89dc13c0cd5dcc0b7a4d93ef4c20bb1d5ea8076,2026-09-03T07:26:15+00:00,6573.68,1510.96,8,19,5.236e-06,v4
2026-09-06T06:20:01.479682+00:00,RIVN,Rivian Automotive • Robinhood Token,0xb1bf26c1d20ff267a4f93550d1e0d06ac40a114b,https://robinhoodchain.blockscout.com/token/0xb1bf26c1d20ff267a4f93550d1e0d06ac40a114b,MINDROBOTIC,Mind Robotics,0x82e8e340deb36b2768aa2c4cd6af57c08b797b0a,https://robinhoodchain.blockscout.com/token/0x82e8e340deb36b2768aa2c4cd6af57c08b797b0a,uniswap,0x2f728e761367f875e79db412562ad29ea5fb168fb061ffb574a6c32331b466cf,https://dexscreener.com/robinhood/0x2f728e761367f875e79db412562ad29ea5fb168fb061ffb574a6c32331b466cf,2026-08-14T09:23:08+00:00,6524.83,195.01,0,3,6.557e-06,v4
2026-09-06T06:19:39.642014+00:00,NFLX,Netflix • Robinhood Token,0xe0444ef8bf4ed74f74fd73686e2ddf4c1c5591e8,https://robinhoodchain.blockscout.com/token/0xe0444ef8bf4ed74f74fd73686e2ddf4c1c5591e8,CHILL,NETFLIX,0x5c3a0e5f0a29a76feab447e8eb3219b4ad03d26a,https://robinhoodchain.blockscout.com/token/0x5c3a0e5f0a29a76feab447e8eb3219b4ad03d26a,uniswap,0xa76f5f3eb4359e97696d5b869c3128f1be1c98e8969b2bd38ac05fcb180c6a95,https://dexscreener.com/robinhood/0xa76f5f3eb4359e97696d5b869c3128f1be1c98e8969b2bd38ac05fcb180c6a95,2026-09-04T18:10:10+00:00,6523.89,8337.37,47,100,5.04e-06,v4
2026-09-06T06:19:52.945422+00:00,POET,POET Technologies • Robinhood Token,0xcf6b2d875361be807eafa57458c80f28521f9333,https://robinhoodchain.blockscout.com/token/0xcf6b2d875361be807eafa57458c80f28521f9333,POETRY,Pure Poetry,0x233d25ca705540b24cee0998f55c160234a51b01,https://robinhoodchain.blockscout.com/token/0x233d25ca705540b24cee0998f55c160234a51b01,uniswap,0x1e9a52e1d94655b8ffc65161409a3f2419bb214f3ab72653e367de3f537376e2,https://dexscreener.com/robinhood/0x1e9a52e1d94655b8ffc65161409a3f2419bb214f3ab72653e367de3f537376e2,2026-09-01T21:55:42+00:00,6510.85,603.5,6,4,6.51e-06,v4
2026-09-06T06:18:47.213404+00:00,BULL,Webull • Robinhood Token,0xcef9027c7d6985b85f0ba431125073529a947a68,https://robinhoodchain.blockscout.com/token/0xcef9027c7d6985b85f0ba431125073529a947a68,BULL,Charging Bull,0x7922e1bbf5b0849942728b2e9327bfe09c41da1e,https://robinhoodchain.blockscout.com/token/0x7922e1bbf5b0849942728b2e9327bfe09c41da1e,uniswap,0x11f9cbafeb8d882962d96f105c4ef2a234d3ed63a748bba93800fdb74db3e41d,https://dexscreener.com/robinhood/0x11f9cbafeb8d882962d96f105c4ef2a234d3ed63a748bba93800fdb74db3e41d,2026-09-04T17:38:53+00:00,6438.53,1465.9,13,35,4.583e-06,v4
2026-09-06T06:19:45.048778+00:00,ON,ON Semiconductor • Robinhood Token,0xbbd09f72b025360fee5c928053dca6248d35be54,https://robinhoodchain.blockscout.com/token/0xbbd09f72b025360fee5c928053dca6248d35be54,SHENR,神龍,0x1ba05d6eae2e31fd5148e2a33b10707b7c781e18,https://robinhoodchain.blockscout.com/token/0x1ba05d6eae2e31fd5148e2a33b10707b7c781e18,uniswap,0xa55420315a30fe40988363aee97b94a116fa6978fd60f5cf825e7d49becee495,https://dexscreener.com/robinhood/0xa55420315a30fe40988363aee97b94a116fa6978fd60f5cf825e7d49becee495,2026-09-04T21:08:52+00:00,6436.79,22.7,2,1,6.499e-06,v4
2026-09-06T06:19:00.123943+00:00,CVNA,Carvana • Robinhood Token,0xa4f319104089fe321dc8093c6e707d4fe190a988,https://robinhoodchain.blockscout.com/token/0xa4f319104089fe321dc8093c6e707d4fe190a988,USEDCAR,2011 Toyota Camry,0xf6391d57e9054e416f0e3cb9c8108f490d471e18,https://robinhoodchain.blockscout.com/token/0xf6391d57e9054e416f0e3cb9c8108f490d471e18,uniswap,0xf20d3b99e04c96092b05ed874329ddcaf54d73652705638965686214c5bc207c,https://dexscreener.com/robinhood/0xf20d3b99e04c96092b05ed874329ddcaf54d73652705638965686214c5bc207c,2026-09-03T22:52:59+00:00,6409.71,242.95,2,1,6.449e-06,v4
2026-09-06T06:19:33.646497+00:00,MRVL,Marvell Technology • Robinhood Token,0x62fd0668e10d8b72339be2dcf7643001688ff13b,https://robinhoodchain.blockscout.com/token/0x62fd0668e10d8b72339be2dcf7643001688ff13b,JARVIS,JARVIS,0xdbfc53e1c19eb1f6bb2b2011c0f14d7d0fccf312,https://robinhoodchain.blockscout.com/token/0xdbfc53e1c19eb1f6bb2b2011c0f14d7d0fccf312,uniswap,0xe345f21d4536499c89d8d32bc920162de5d61aebcf2f064325b333fb6824fe02,https://dexscreener.com/robinhood/0xe345f21d4536499c89d8d32bc920162de5d61aebcf2f064325b333fb6824fe02,2026-09-02T23:28:46+00:00,6399.3,19.36,0,2,4.807e-06,v4
2026-09-06T06:19:29.030901+00:00,LULU,Lululemon • Robinhood Token,0x4e62068525ab11fe768e29dfd00ef909b9803016,https://robinhoodchain.blockscout.com/token/0x4e62068525ab11fe768e29dfd00ef909b9803016,Foid,Foid,0x11490d10d4b61e617f5a4d2dd51f34f59f17804d,https://robinhoodchain.blockscout.com/token/0x11490d10d4b61e617f5a4d2dd51f34f59f17804d,uniswap,0xc60f0e8b5fdfa068aca72727f0c9c36d311a6d468e2a0a97b0fb4e9687805d08,https://dexscreener.com/robinhood/0xc60f0e8b5fdfa068aca72727f0c9c36d311a6d468e2a0a97b0fb4e9687805d08,2026-09-04T19:04:20+00:00,6393.7,6969.42,56,116,5.695e-06,v4
2026-09-06T06:20:18.514194+00:00,UPS,UPS • Robinhood Token,0xf23250dac154d05bb671cb0d0ebef3c635c79ce2,https://robinhoodchain.blockscout.com/token/0xf23250dac154d05bb671cb0d0ebef3c635c79ce2,POST,Post Malone,0xc638902c815c6e3d20708c06c467e53bec115713,https://robinhoodchain.blockscout.com/token/0xc638902c815c6e3d20708c06c467e53bec115713,uniswap,0x4b8afdb9ef00a812f3552dbb0b49f9042978ef27e31db044f3b742f396cc5be5,https://dexscreener.com/robinhood/0x4b8afdb9ef00a812f3552dbb0b49f9042978ef27e31db044f3b742f396cc5be5,2026-09-04T18:01:40+00:00,6387.06,707.18,2,19,4.673e-06,v4
2026-09-06T06:19:30.962397+00:00,META,Meta Platforms • Robinhood Token,0xc0d6457c16cc70d6790dd43521c899c87ce02f35,https://robinhoodchain.blockscout.com/token/0xc0d6457c16cc70d6790dd43521c899c87ce02f35,VRCAT,VR CAT,0xc97d600f2c4bc6910e0a2341e22976d6d1384539,https://robinhoodchain.blockscout.com/token/0xc97d600f2c4bc6910e0a2341e22976d6d1384539,uniswap,0x0066843a2bfdfaed0654e762ff01e01d8ca3b81a76f9571f960c6e6dbe0a0e6e,https://dexscreener.com/robinhood/0x0066843a2bfdfaed0654e762ff01e01d8ca3b81a76f9571f960c6e6dbe0a0e6e,2026-09-03T06:33:47+00:00,6326.32,1171.87,6,8,5.77e-06,v4
2026-09-06T06:20:24.307365+00:00,WYFI,"WhiteFiber, Inc. • Robinhood Token",0x9e7abd3c9139d14e4c86dce0e455aab7a0c2fb3e,https://robinhoodchain.blockscout.com/token/0x9e7abd3c9139d14e4c86dce0e455aab7a0c2fb3e,FRABBIT,Fiber Rabbit,0x23cbaf982c0bd93747ae81b09fc8bacc0aa4fcfc,https://robinhoodchain.blockscout.com/token/0x23cbaf982c0bd93747ae81b09fc8bacc0aa4fcfc,uniswap,0xd89eff34957e7976d63cd857b54dc5857de7510cd176bd4f1dd7cfebd0edc4cf,https://dexscreener.com/robinhood/0xd89eff34957e7976d63cd857b54dc5857de7510cd176bd4f1dd7cfebd0edc4cf,2026-09-03T02:04:04+00:00,6320.87,16281.34,4,8,4.373e-06,v4
2026-09-06T06:19:30.962397+00:00,META,Meta Platforms • Robinhood Token,0xc0d6457c16cc70d6790dd43521c899c87ce02f35,https://robinhoodchain.blockscout.com/token/0xc0d6457c16cc70d6790dd43521c899c87ce02f35,DOOMSCROLL,Doomscroll,0x864dc06bca9d442aeb524b71ba3bbff789a9be8e,https://robinhoodchain.blockscout.com/token/0x864dc06bca9d442aeb524b71ba3bbff789a9be8e,uniswap,0x5946fd6bd372b68f2a7ee95f3300f06579ff42cb013816050c1beabfb0ef3930,https://dexscreener.com/robinhood/0x5946fd6bd372b68f2a7ee95f3300f06579ff42cb013816050c1beabfb0ef3930,2026-09-04T20:48:56+00:00,6275.04,4056.97,43,79,5.677e-06,v4
2026-09-06T06:18:54.926065+00:00,COIN,Coinbase • Robinhood Token,0x6330d8c3178a418788df01a47479c0ce7ccf450b,https://robinhoodchain.blockscout.com/token/0x6330d8c3178a418788df01a47479c0ce7ccf450b,PANDA,Pandacoin,0x751d209bd54c9c41953e78a107861ad6ed118a52,https://robinhoodchain.blockscout.com/token/0x751d209bd54c9c41953e78a107861ad6ed118a52,uniswap,0x1174e51e890ce64d6c0da26d2c2a34a018dc860708de7763db9d8313418148a7,https://dexscreener.com/robinhood/0x1174e51e890ce64d6c0da26d2c2a34a018dc860708de7763db9d8313418148a7,2026-09-01T05:52:16+00:00,6247.94,8.35,0,3,4.636e-06,v4
2026-09-06T06:19:04.693077+00:00,FIG,Figma • Robinhood Token,0x41f4267525a8aff329540ef24fd83d9044758b33,https://robinhoodchain.blockscout.com/token/0x41f4267525a8aff329540ef24fd83d9044758b33,7,7 Figure Club,0x9701c852d98795d03b149a9c94737b0c0aaedda1,https://robinhoodchain.blockscout.com/token/0x9701c852d98795d03b149a9c94737b0c0aaedda1,uniswap,0xbd73be48306206639a4fb697772b040b6946ad084d08a467812b084c2660758b,https://dexscreener.com/robinhood/0xbd73be48306206639a4fb697772b040b6946ad084d08a467812b084c2660758b,2026-09-04T19:21:34+00:00,6194.72,2245.31,10,42,4.744e-06,v4
2026-09-06T06:19:02.689816+00:00,ELF,e.l.f. Beauty • Robinhood Token,0x39ec44bee4f6a116c6f9b8de566848a985c53c60,https://robinhoodchain.blockscout.com/token/0x39ec44bee4f6a116c6f9b8de566848a985c53c60,FACIAL,FACIAL,0x2b8c0ee0925e1943f31150fc08c7fb9d943a8201,https://robinhoodchain.blockscout.com/token/0x2b8c0ee0925e1943f31150fc08c7fb9d943a8201,uniswap,0x80115a7d062666eb78f4ee8331df61263d43b71666028b2c781d1ac0f6ec9ab5,https://dexscreener.com/robinhood/0x80115a7d062666eb78f4ee8331df61263d43b71666028b2c781d1ac0f6ec9ab5,2026-09-04T17:08:09+00:00,6178.51,2150.77,7,25,6.444e-06,v4
2026-09-06T06:18:45.799965+00:00,BB,Blackberry • Robinhood Token,0x48e39e56acdba37b09020c0b734a613c9a2f100a,https://robinhoodchain.blockscout.com/token/0x48e39e56acdba37b09020c0b734a613c9a2f100a,BRICKBREAKER,BRICK BREAKER,0xa7340d46031ac2e36a2e9c61cd8de02183cd578d,https://robinhoodchain.blockscout.com/token/0xa7340d46031ac2e36a2e9c61cd8de02183cd578d,uniswap,0xd94b249d399ebf14bc781bc8c51476fa8a1547f3da9f43d7825b506e8022d9fd,https://dexscreener.com/robinhood/0xd94b249d399ebf14bc781bc8c51476fa8a1547f3da9f43d7825b506e8022d9fd,2026-09-01T04:07:55+00:00,6162.09,84.85,1,5,4.685e-06,v4
2026-09-06T06:18:56.031479+00:00,CRCL,Circle Internet Group • Robinhood Token,0xdf0992e440dd0be65bd8439b609d6d4366bf1cb5,https://robinhoodchain.blockscout.com/token/0xdf0992e440dd0be65bd8439b609d6d4366bf1cb5,jerk,circle jerk,0x8a413da21bbf1e2f0c9c35532b7a1080428456f9,https://robinhoodchain.blockscout.com/token/0x8a413da21bbf1e2f0c9c35532b7a1080428456f9,uniswap,0x2c0a62a9f6fe70ba4f3c06b415fcf8c719afc8a2e3a45d8d399a3c72f7939ecc,https://dexscreener.com/robinhood/0x2c0a62a9f6fe70ba4f3c06b415fcf8c719afc8a2e3a45d8d399a3c72f7939ecc,2026-09-05T00:57:50+00:00,6159.16,154.9,4,19,3.717e-06,v4
2026-09-06T06:20:18.514194+00:00,UPS,UPS • Robinhood Token,0xf23250dac154d05bb671cb0d0ebef3c635c79ce2,https://robinhoodchain.blockscout.com/token/0xf23250dac154d05bb671cb0d0ebef3c635c79ce2,UPS,Up And To The Right,0xb6a9fa9a471331a5731d51733e767ea008fbfc70,https://robinhoodchain.blockscout.com/token/0xb6a9fa9a471331a5731d51733e767ea008fbfc70,uniswap,0xfb9b1669a189d1d5584ae2e6e9c523471c00c239ffb578bbfb423b01cf57cff1,https://dexscreener.com/robinhood/0xfb9b1669a189d1d5584ae2e6e9c523471c00c239ffb578bbfb423b01cf57cff1,2026-09-05T02:33:35+00:00,6127.4,2265.83,15,52,4.301e-06,v4
2026-09-06T06:20:25.478945+00:00,XOM,ExxonMobil Holdings Corporation • Robinhood Token,0xf9b46d3d1b22199d4d1025a9cedb540a33f1a2d5,https://robinhoodchain.blockscout.com/token/0xf9b46d3d1b22199d4d1025a9cedb540a33f1a2d5,PUMP,PUMP IT,0x357792cb797c66f81c723b962e6198eee3ea4801,https://robinhoodchain.blockscout.com/token/0x357792cb797c66f81c723b962e6198eee3ea4801,uniswap,0x1ae900c590320bb9ab6aa51b749bffcaf26351434fcc5c7653d8853bf9e6f48c,https://dexscreener.com/robinhood/0x1ae900c590320bb9ab6aa51b749bffcaf26351434fcc5c7653d8853bf9e6f48c,2026-09-03T02:16:13+00:00,6044.04,154.98,0,7,6.23e-06,v4
2026-09-06T06:18:56.031479+00:00,CRCL,Circle Internet Group • Robinhood Token,0xdf0992e440dd0be65bd8439b609d6d4366bf1cb5,https://robinhoodchain.blockscout.com/token/0xdf0992e440dd0be65bd8439b609d6d4366bf1cb5,fiat,fiat,0xb53fdb487d87855fe28377a450fec3f0eb0cfad6,https://robinhoodchain.blockscout.com/token/0xb53fdb487d87855fe28377a450fec3f0eb0cfad6,uniswap,0xf228806ed42e95dc64ddf5cc3a31fcb4c1b0cfc2a0d41c139298aee1beec83ec,https://dexscreener.com/robinhood/0xf228806ed42e95dc64ddf5cc3a31fcb4c1b0cfc2a0d41c139298aee1beec83ec,2026-09-04T02:40:54+00:00,6005.04,155.91,1,9,3.533e-06,v4
2026-09-06T06:18:47.213404+00:00,BULL,Webull • Robinhood Token,0xcef9027c7d6985b85f0ba431125073529a947a68,https://robinhoodchain.blockscout.com/token/0xcef9027c7d6985b85f0ba431125073529a947a68,BULL,Vlad Bull,0x36355079ee1a8dacc7bd022802b22cd0d2545201,https://robinhoodchain.blockscout.com/token/0x36355079ee1a8dacc7bd022802b22cd0d2545201,uniswap,0xe62bf4e6a3e1ca7caf445550aac7bed4101ac527853e6505fee1c396835e1dd0,https://dexscreener.com/robinhood/0xe62bf4e6a3e1ca7caf445550aac7bed4101ac527853e6505fee1c396835e1dd0,2026-09-05T18:47:18+00:00,5999.71,15864.23,114,61,6.136e-06,v4
2026-09-06T06:19:58.013138+00:00,RBLX,Roblox • Robinhood Token,0xf0c4bf4c582cb3836e98394b1d4e7b7281101be8,https://robinhoodchain.blockscout.com/token/0xf0c4bf4c582cb3836e98394b1d4e7b7281101be8,ROX,ROX,0x253bde6afb2fa84033a22714ffc7759cfd6c5509,https://robinhoodchain.blockscout.com/token/0x253bde6afb2fa84033a22714ffc7759cfd6c5509,uniswap,0x0ae68f5042428ecd3566bf7a913c9bfaeac82bc9699e4871df220f6edd61cb72,https://dexscreener.com/robinhood/0x0ae68f5042428ecd3566bf7a913c9bfaeac82bc9699e4871df220f6edd61cb72,2026-09-02T16:37:23+00:00,5996.26,103.71,0,5,4.183e-06,v4
2026-09-06T06:18:45.221065+00:00,BABA,Alibaba • Robinhood Token,0xad25ac6c84d497db898fa1e8387bf6af3532a1c4,https://robinhoodchain.blockscout.com/token/0xad25ac6c84d497db898fa1e8387bf6af3532a1c4,FAKER,faker,0xaff1c6f1534e127d2e668d15ffaa1521c3b9c0d9,https://robinhoodchain.blockscout.com/token/0xaff1c6f1534e127d2e668d15ffaa1521c3b9c0d9,uniswap,0x59f559a6c86b23289e645527b2862e9d7d4804fde19695806d9d80620892c54d,https://dexscreener.com/robinhood/0x59f559a6c86b23289e645527b2862e9d7d4804fde19695806d9d80620892c54d,2026-09-05T03:25:07+00:00,5979.82,434.66,3,13,4.071e-06,v4
2026-09-06T06:19:30.962397+00:00,META,Meta Platforms • Robinhood Token,0xc0d6457c16cc70d6790dd43521c899c87ce02f35,https://robinhoodchain.blockscout.com/token/0xc0d6457c16cc70d6790dd43521c899c87ce02f35,BOOMER,Boomer Coin,0xc4c05fcc940537de6c75723b1fd3a4097f1e7442,https://robinhoodchain.blockscout.com/token/0xc4c05fcc940537de6c75723b1fd3a4097f1e7442,uniswap,0xbddeb865cb4b550e2a52c976a7ed96121efffa246950b4fb52d0cfae60ebba3d,https://dexscreener.com/robinhood/0xbddeb865cb4b550e2a52c976a7ed96121efffa246950b4fb52d0cfae60ebba3d,2026-09-02T20:50:59+00:00,5967.53,80.0,0,7,5.134e-06,v4
2026-09-06T06:19:33.646497+00:00,MRVL,Marvell Technology • Robinhood Token,0x62fd0668e10d8b72339be2dcf7643001688ff13b,https://robinhoodchain.blockscout.com/token/0x62fd0668e10d8b72339be2dcf7643001688ff13b,spooderman,spooderman,0xaf323c1196d9453facdec48f326a84d1206487cf,https://robinhoodchain.blockscout.com/token/0xaf323c1196d9453facdec48f326a84d1206487cf,uniswap,0xe3fd6609451d00b3730a415f6fc4c23fd1a91bac43f7b3ac9bb51836367e88da,https://dexscreener.com/robinhood/0xe3fd6609451d00b3730a415f6fc4c23fd1a91bac43f7b3ac9bb51836367e88da,2026-09-03T16:36:39+00:00,5933.38,84.72,1,2,4.132e-06,v4
2026-09-06T06:20:09.765906+00:00,SOUN,SoundHound AI • Robinhood Token,0x6e3dfd9f7e1649baa14d25cac18c94d62db10a54,https://robinhoodchain.blockscout.com/token/0x6e3dfd9f7e1649baa14d25cac18c94d62db10a54,HOUND,HUNT THE SHORTS,0xaf5c17d3460bd951a3771cc8fc3303745120ff01,https://robinhoodchain.blockscout.com/token/0xaf5c17d3460bd951a3771cc8fc3303745120ff01,uniswap,0xae083f4e4d6cfbc8a51ac37af93f01d14939c9c1ed5754df6bba181bc981ad38,https://dexscreener.com/robinhood/0xae083f4e4d6cfbc8a51ac37af93f01d14939c9c1ed5754df6bba181bc981ad38,2026-08-31T20:28:54+00:00,5928.44,120.05,0,5,6.329e-06,v4
2026-09-06T06:19:08.875899+00:00,FUTU,Futu Holdings • Robinhood Token,0xeb30663bdff0622ef4e4e5cbb4e975f19f33f51d,https://robinhoodchain.blockscout.com/token/0xeb30663bdff0622ef4e4e5cbb4e975f19f33f51d,牛牛,牛牛,0xc91e57f5cad9d9fb2f17981cd98cfbdb6407bb01,https://robinhoodchain.blockscout.com/token/0xc91e57f5cad9d9fb2f17981cd98cfbdb6407bb01,uniswap,0x278430b6860c2dde796c8b5322ece72dcc920f0a403065f89cb4a8caff88aeb8,https://dexscreener.com/robinhood/0x278430b6860c2dde796c8b5322ece72dcc920f0a403065f89cb4a8caff88aeb8,2026-09-01T21:21:10+00:00,5921.34,10.59,0,1,5.955e-06,v4
2026-09-06T06:19:58.013138+00:00,RBLX,Roblox • Robinhood Token,0xf0c4bf4c582cb3836e98394b1d4e7b7281101be8,https://robinhoodchain.blockscout.com/token/0xf0c4bf4c582cb3836e98394b1d4e7b7281101be8,ROBUX,Robux,0x9b727eedfeab770f13068a2d644f766ddb8b8908,https://robinhoodchain.blockscout.com/token/0x9b727eedfeab770f13068a2d644f766ddb8b8908,uniswap,0x53182a9b198f25786f8671278e52fb19a4d6dcb715107887a04d70c5f7cf82b2,https://dexscreener.com/robinhood/0x53182a9b198f25786f8671278e52fb19a4d6dcb715107887a04d70c5f7cf82b2,2026-09-04T21:03:21+00:00,5910.51,786.78,10,26,4.02e-06,v4
2026-09-06T06:18:45.221065+00:00,BABA,Alibaba • Robinhood Token,0xad25ac6c84d497db898fa1e8387bf6af3532a1c4,https://robinhoodchain.blockscout.com/token/0xad25ac6c84d497db898fa1e8387bf6af3532a1c4,我的刀盾,What The Dog Doing?,0xaf468cd6f562150723edd79419912199ca767b0d,https://robinhoodchain.blockscout.com/token/0xaf468cd6f562150723edd79419912199ca767b0d,uniswap,0x32ddeddb9070ccdf277191057a1ebd466a38e7ffb092e73da32772c7807fec2e,https://dexscreener.com/robinhood/0x32ddeddb9070ccdf277191057a1ebd466a38e7ffb092e73da32772c7807fec2e,2026-09-05T21:57:23+00:00,5879.09,72844.07,499,539,3.918e-06,v4
2026-09-06T06:18:40.399422+00:00,ASTS,AST SpaceMobile • Robinhood Token,0x1af6446f07eb1d97c546afc8c9544cbdf3ad5137,https://robinhoodchain.blockscout.com/token/0x1af6446f07eb1d97c546afc8c9544cbdf3ad5137,GPU,God's Personal Shortsqueeze,0x8ae6ab638c814e39a3004ba90d8a34c9347df169,https://robinhoodchain.blockscout.com/token/0x8ae6ab638c814e39a3004ba90d8a34c9347df169,uniswap,0x17c0ccbc9b3f0470c3a460e15f9897586f1f00ece3a0d6d525a321553626107c,https://dexscreener.com/robinhood/0x17c0ccbc9b3f0470c3a460e15f9897586f1f00ece3a0d6d525a321553626107c,2026-08-31T21:18:12+00:00,5852.1,193.5,0,1,5.865e-06,v4
2026-09-06T06:19:45.048778+00:00,ON,ON Semiconductor • Robinhood Token,0xbbd09f72b025360fee5c928053dca6248d35be54,https://robinhoodchain.blockscout.com/token/0xbbd09f72b025360fee5c928053dca6248d35be54,S,S,0x0e5a34649b962f36b3b45f37d0da3e25fc363001,https://robinhoodchain.blockscout.com/token/0x0e5a34649b962f36b3b45f37d0da3e25fc363001,uniswap,0x60ec368b5df8f571df2ee3a2c6d91b30b2a98624852edd3d6c106c3d2871a53f,https://dexscreener.com/robinhood/0x60ec368b5df8f571df2ee3a2c6d91b30b2a98624852edd3d6c106c3d2871a53f,2026-09-02T21:50:49+00:00,5845.84,189.32,0,4,6.079e-06,v4
2026-09-06T06:19:58.013138+00:00,RBLX,Roblox • Robinhood Token,0xf0c4bf4c582cb3836e98394b1d4e7b7281101be8,https://robinhoodchain.blockscout.com/token/0xf0c4bf4c582cb3836e98394b1d4e7b7281101be8,GYATT,GYATT,0x411f1f31fde5742de52a19b3648206d872a899b3,https://robinhoodchain.blockscout.com/token/0x411f1f31fde5742de52a19b3648206d872a899b3,uniswap,0xf96ba0a62d77c0b99811613a43a7badd892c2ef0ded74f83a3f7359ccf2c7d79,https://dexscreener.com/robinhood/0xf96ba0a62d77c0b99811613a43a7badd892c2ef0ded74f83a3f7359ccf2c7d79,2026-09-02T12:29:00+00:00,5845.21,484.38,1,12,3.933e-06,v4
2026-09-06T06:19:14.541277+00:00,HIMS,Hims & Hers Health • Robinhood Token,0xccee82fe024c36fa15e1005ede3e9e4787e23d09,https://robinhoodchain.blockscout.com/token/0xccee82fe024c36fa15e1005ede3e9e4787e23d09,GIGA,GIGACHAD,0x5647f43a215f261eaf15d12aa4f464e6729530fc,https://robinhoodchain.blockscout.com/token/0x5647f43a215f261eaf15d12aa4f464e6729530fc,uniswap,0xf6106398936e340c2ddbafd4840cabde3f8b411cb737cfff80247f9dd3e06a63,https://dexscreener.com/robinhood/0xf6106398936e340c2ddbafd4840cabde3f8b411cb737cfff80247f9dd3e06a63,2026-09-05T21:41:38+00:00,5839.32,394415.25,2391,2233,4.132e-06,v4
2026-09-06T06:18:46.378627+00:00,BE,Bloom Energy • Robinhood Token,0x822cc93ffd030293e9842c30bbd678f530701867,https://robinhoodchain.blockscout.com/token/0x822cc93ffd030293e9842c30bbd678f530701867,VI,VIBE,0xf03c1e8396ab4f8cdf8126382a0a9f4f1b2b3001,https://robinhoodchain.blockscout.com/token/0xf03c1e8396ab4f8cdf8126382a0a9f4f1b2b3001,uniswap,0x76631b647f58dbb807c4a8015ed30b192d62ca7ebaa74fec0e024344edee544b,https://dexscreener.com/robinhood/0x76631b647f58dbb807c4a8015ed30b192d62ca7ebaa74fec0e024344edee544b,2026-09-03T17:34:24+00:00,5824.79,3.07,0,2,5.835e-06,v4
2026-09-06T06:19:50.313486+00:00,PENG,Penguin Solutions • Robinhood Token,0x9b23573b156b52565012f5ce02cdf60afbaa70be,https://robinhoodchain.blockscout.com/token/0x9b23573b156b52565012f5ce02cdf60afbaa70be,PENG,PENG,0xc990a38a17310418f6373293c7138e352b0ff37f,https://robinhoodchain.blockscout.com/token/0xc990a38a17310418f6373293c7138e352b0ff37f,uniswap,0x4a728b34c46194f9c17508ba9befc8fca53d5b21086a2cda2f47d91ec75f478f,https://dexscreener.com/robinhood/0x4a728b34c46194f9c17508ba9befc8fca53d5b21086a2cda2f47d91ec75f478f,2026-09-05T00:48:21+00:00,5823.51,83.39,1,3,5.821e-06,v4
2026-09-06T06:19:58.013138+00:00,RBLX,Roblox • Robinhood Token,0xf0c4bf4c582cb3836e98394b1d4e7b7281101be8,https://robinhoodchain.blockscout.com/token/0xf0c4bf4c582cb3836e98394b1d4e7b7281101be8,HOODBLOX,HoodBlox,0x80eea841bd492d86daf7da6ecacbcef003e55581,https://robinhoodchain.blockscout.com/token/0x80eea841bd492d86daf7da6ecacbcef003e55581,uniswap,0xa54fedd77d5d8509a08f053285cc3faefd142374c6be5d61835083f77e26c423,https://dexscreener.com/robinhood/0xa54fedd77d5d8509a08f053285cc3faefd142374c6be5d61835083f77e26c423,2026-09-03T14:18:01+00:00,5807.59,364.2,1,7,3.882e-06,v4
2026-09-06T06:20:18.514194+00:00,UPS,UPS • Robinhood Token,0xf23250dac154d05bb671cb0d0ebef3c635c79ce2,https://robinhoodchain.blockscout.com/token/0xf23250dac154d05bb671cb0d0ebef3c635c79ce2,PKG,PACKAGE,0x93a8d39ae551cb82d9200bf5c53288a292e8d701,https://robinhoodchain.blockscout.com/token/0x93a8d39ae551cb82d9200bf5c53288a292e8d701,uniswap,0x0ff4251ec5c34d381d324dac67b4b6858933b6e1ef5af24797ca099ff4030f07,https://dexscreener.com/robinhood/0x0ff4251ec5c34d381d324dac67b4b6858933b6e1ef5af24797ca099ff4030f07,2026-09-02T23:13:20+00:00,5804.26,407.44,0,11,5.987e-06,v4
2026-09-06T06:20:04.904459+00:00,SKHY,SK hynix Inc. American Depositary Shares • Robinhood Token,0x84cab63bc87912e71ad199ff14a0ba45de68fef8,https://robinhoodchain.blockscout.com/token/0x84cab63bc87912e71ad199ff14a0ba45de68fef8,ANTS,개미,0xdd33262f0c2fd9641d9906ef7af2121f3e5e4e4c,https://robinhoodchain.blockscout.com/token/0xdd33262f0c2fd9641d9906ef7af2121f3e5e4e4c,uniswap,0xc45cd76a2177acb9746da5ab8760cce7de77c786070647d79bb6d64f20198a2e,https://dexscreener.com/robinhood/0xc45cd76a2177acb9746da5ab8760cce7de77c786070647d79bb6d64f20198a2e,2026-09-03T22:36:37+00:00,5803.16,847.33,2,9,3.799e-06,v4
2026-09-06T06:19:48.021396+00:00,P,Everpure • Robinhood Token,0x1cdad396db64bda184d5182a97dd9b3c62100b7d,https://robinhoodchain.blockscout.com/token/0x1cdad396db64bda184d5182a97dd9b3c62100b7d,U,U,0x15510f8c7134159f89c9e732d6d68b9b61293701,https://robinhoodchain.blockscout.com/token/0x15510f8c7134159f89c9e732d6d68b9b61293701,uniswap,0x44ca404f7efd3c1d31ea9672b872d55ea2fcec43d9a317fe4e3ae701d33e5f50,https://dexscreener.com/robinhood/0x44ca404f7efd3c1d31ea9672b872d55ea2fcec43d9a317fe4e3ae701d33e5f50,2026-09-02T14:12:13+00:00,5786.03,36.97,0,2,5.788e-06,v4
2026-09-06T06:18:31.678557+00:00,ADBE,Adobe • Robinhood Token,0x232b8ed6377be97813853b0ac104c4cda8378d1b,https://robinhoodchain.blockscout.com/token/0x232b8ed6377be97813853b0ac104c4cda8378d1b,PDF,PDF,0xdb2cb5a26f01d67a2859c3bccd3ff15d6a070901,https://robinhoodchain.blockscout.com/token/0xdb2cb5a26f01d67a2859c3bccd3ff15d6a070901,uniswap,0x9b3284d9c8dc196e2d3e26fe09f62c977ad5a248e1be4af012559f6218d2cfa1,https://dexscreener.com/robinhood/0x9b3284d9c8dc196e2d3e26fe09f62c977ad5a248e1be4af012559f6218d2cfa1,2026-09-02T11:03:58+00:00,5784.36,107.69,1,2,5.967e-06,v4
2026-09-06T06:19:06.605694+00:00,FLNC,Fluence Energy • Robinhood Token,0x282e87451e10fa6679bc7d76c69be44cd3fc777c,https://robinhoodchain.blockscout.com/token/0x282e87451e10fa6679bc7d76c69be44cd3fc777c,flatulence,flatulencecoin,0x7adf787f8d80788396d2e9a92ac46af728eea501,https://robinhoodchain.blockscout.com/token/0x7adf787f8d80788396d2e9a92ac46af728eea501,uniswap,0x6eb70d3f07e1e83648955d555dd9b6e9c891e5997e74d4b5eec6f684e513f210,https://dexscreener.com/robinhood/0x6eb70d3f07e1e83648955d555dd9b6e9c891e5997e74d4b5eec6f684e513f210,2026-09-05T10:10:34+00:00,5765.34,66415.32,204,166,5.875e-06,v4
2026-09-06T06:19:14.541277+00:00,HIMS,Hims & Hers Health • Robinhood Token,0xccee82fe024c36fa15e1005ede3e9e4787e23d09,https://robinhoodchain.blockscout.com/token/0xccee82fe024c36fa15e1005ede3e9e4787e23d09,JORKIN,Jorkin,0x7fcd129cd3ae9e9a7f4423251d93dee78680cf2d,https://robinhoodchain.blockscout.com/token/0x7fcd129cd3ae9e9a7f4423251d93dee78680cf2d,uniswap,0x48caa9b19ce356d069e1a4177694464090b1f00ca55a3d85352b8bf27eb8de5e,https://dexscreener.com/robinhood/0x48caa9b19ce356d069e1a4177694464090b1f00ca55a3d85352b8bf27eb8de5e,2026-09-03T01:01:07+00:00,5758.57,110.0,0,13,4.018e-06,v4
2026-09-06T06:19:06.605694+00:00,FLNC,Fluence Energy • Robinhood Token,0x282e87451e10fa6679bc7d76c69be44cd3fc777c,https://robinhoodchain.blockscout.com/token/0x282e87451e10fa6679bc7d76c69be44cd3fc777c,FLU,FLU,0x9574919c54fb370ecffb0da6eb49d6120ad75f38,https://robinhoodchain.blockscout.com/token/0x9574919c54fb370ecffb0da6eb49d6120ad75f38,uniswap,0xd6e06edd9436da8f9991a65379129c842ac507d1fef98c9abae73cf2f9df56e0,https://dexscreener.com/robinhood/0xd6e06edd9436da8f9991a65379129c842ac507d1fef98c9abae73cf2f9df56e0,2026-09-04T22:19:28+00:00,5747.8,23.52,0,1,5.745e-06,v4
2026-09-06T06:19:58.013138+00:00,RBLX,Roblox • Robinhood Token,0xf0c4bf4c582cb3836e98394b1d4e7b7281101be8,https://robinhoodchain.blockscout.com/token/0xf0c4bf4c582cb3836e98394b1d4e7b7281101be8,PEDOBEAR,Pedobear,0x63b38ee28467f9e815b9e2f0a5ca9a708a049f46,https://robinhoodchain.blockscout.com/token/0x63b38ee28467f9e815b9e2f0a5ca9a708a049f46,uniswap,0xcc4b39bc36c85ec2e94ce17042fc96d059844684bbc205718726a26be2c9ceaf,https://dexscreener.com/robinhood/0xcc4b39bc36c85ec2e94ce17042fc96d059844684bbc205718726a26be2c9ceaf,2026-09-05T05:06:17+00:00,5742.91,872.55,12,35,3.796e-06,v4
2026-09-06T06:19:16.415254+00:00,IBM,IBM • Robinhood Token,0x980dcf6766fa79f5cf0c4aadb3ab477ff15a9619,https://robinhoodchain.blockscout.com/token/0x980dcf6766fa79f5cf0c4aadb3ab477ff15a9619,BEE,Bee,0xc798bdc886102adef7936c5927162904093e2401,https://robinhoodchain.blockscout.com/token/0xc798bdc886102adef7936c5927162904093e2401,uniswap,0x23c3dd3f896511e6360336bdc6c42047cf19126b34d9c5adeec0ec469e2c48d0,https://dexscreener.com/robinhood/0x23c3dd3f896511e6360336bdc6c42047cf19126b34d9c5adeec0ec469e2c48d0,2026-09-05T04:51:37+00:00,5736.99,1762.22,2,33,5.902e-06,v4
2026-09-06T06:19:04.693077+00:00,FIG,Figma • Robinhood Token,0x41f4267525a8aff329540ef24fd83d9044758b33,https://robinhoodchain.blockscout.com/token/0x41f4267525a8aff329540ef24fd83d9044758b33,7,7,0xddab134ba6e54ab5351789ddbbcd3525c80c8665,https://robinhoodchain.blockscout.com/token/0xddab134ba6e54ab5351789ddbbcd3525c80c8665,uniswap,0xdc9328ab7cf27777c9dd2cbb9cf543084b3875ec3380ad50fcd48944e18a7d2e,https://dexscreener.com/robinhood/0xdc9328ab7cf27777c9dd2cbb9cf543084b3875ec3380ad50fcd48944e18a7d2e,2026-09-05T00:20:47+00:00,5733.12,878.1,4,46,4.063e-06,v4
2026-09-06T06:20:01.479682+00:00,RIVN,Rivian Automotive • Robinhood Token,0xb1bf26c1d20ff267a4f93550d1e0d06ac40a114b,https://robinhoodchain.blockscout.com/token/0xb1bf26c1d20ff267a4f93550d1e0d06ac40a114b,RIVN,Rivian Automotive Inc,0x88e01f143f7b6e464acfb9d57d0a3dc59f45dd5b,https://robinhoodchain.blockscout.com/token/0x88e01f143f7b6e464acfb9d57d0a3dc59f45dd5b,uniswap,0x8cf70f7b2614e15e95a9053cf89723e4f6bf54519b1c87593dc80b426108c9da,https://dexscreener.com/robinhood/0x8cf70f7b2614e15e95a9053cf89723e4f6bf54519b1c87593dc80b426108c9da,2026-09-02T23:28:26+00:00,5731.05,21.19,0,1,3.717e-06,v4
2026-09-06T06:19:15.083504+00:00,HPE,HP Enterprise • Robinhood Token,0x59dd09d4900c2e4b5f75b7c0d4e6796fcc234cb1,https://robinhoodchain.blockscout.com/token/0x59dd09d4900c2e4b5f75b7c0d4e6796fcc234cb1,PRINTER,PRINTER,0x9a42df83b919f25dd844c93cb32149dfb96c0601,https://robinhoodchain.blockscout.com/token/0x9a42df83b919f25dd844c93cb32149dfb96c0601,uniswap,0xaea968f0ad33e5f412dbe0a78bb25f5ef001bc84673b27b5d9d760f79b9892e6,https://dexscreener.com/robinhood/0xaea968f0ad33e5f412dbe0a78bb25f5ef001bc84673b27b5d9d760f79b9892e6,2026-09-02T19:52:32+00:00,5727.48,316.1,0,8,5.903e-06,v4
2026-09-06T06:19:46.455443+00:00,ORCL,Oracle • Robinhood Token,0xb0992820e760d836549ba69bc7598b4af75dee03,https://robinhoodchain.blockscout.com/token/0xb0992820e760d836549ba69bc7598b4af75dee03,Duke,Duke,0x81a31f3dab8c754f282d26de4f1f0f0b74d87201,https://robinhoodchain.blockscout.com/token/0x81a31f3dab8c754f282d26de4f1f0f0b74d87201,uniswap,0x1dfcb62c113c03991d794de3838c5753b652a6171e0276b9a0a30859be2073e6,https://dexscreener.com/robinhood/0x1dfcb62c113c03991d794de3838c5753b652a6171e0276b9a0a30859be2073e6,2026-09-01T21:07:56+00:00,5712.82,9.93,0,1,5.712e-06,v4
2026-09-06T06:18:54.926065+00:00,COIN,Coinbase • Robinhood Token,0x6330d8c3178a418788df01a47479c0ce7ccf450b,https://robinhoodchain.blockscout.com/token/0x6330d8c3178a418788df01a47479c0ce7ccf450b,RTD,RetardCoin,0xa9bfd5b8c08482f42f25c442b678af9eb475a9be,https://robinhoodchain.blockscout.com/token/0xa9bfd5b8c08482f42f25c442b678af9eb475a9be,uniswap,0xb8764c661de1a18e3933cd5b5b74c3396cb772169bc25b544012475fbbcb0e1e,https://dexscreener.com/robinhood/0xb8764c661de1a18e3933cd5b5b74c3396cb772169bc25b544012475fbbcb0e1e,2026-09-04T00:49:57+00:00,5671.67,4.95,0,3,3.82e-06,v4
2026-09-06T06:19:15.083504+00:00,HPE,HP Enterprise • Robinhood Token,0x59dd09d4900c2e4b5f75b7c0d4e6796fcc234cb1,https://robinhoodchain.blockscout.com/token/0x59dd09d4900c2e4b5f75b7c0d4e6796fcc234cb1,PRINTR,MONEY PRINTER,0x05fbf95534769a99941c42e46a26e9cf18521e18,https://robinhoodchain.blockscout.com/token/0x05fbf95534769a99941c42e46a26e9cf18521e18,uniswap,0x0323bfaeeaecbf6c3c9eb76a0e9b6726a24770b23148d3408f07265487067ed1,https://dexscreener.com/robinhood/0x0323bfaeeaecbf6c3c9eb76a0e9b6726a24770b23148d3408f07265487067ed1,2026-09-03T21:16:16+00:00,5670.67,6.56,2,1,5.576e-06,v4
2026-09-06T06:19:33.646497+00:00,MRVL,Marvell Technology • Robinhood Token,0x62fd0668e10d8b72339be2dcf7643001688ff13b,https://robinhoodchain.blockscout.com/token/0x62fd0668e10d8b72339be2dcf7643001688ff13b,JUGGERNAUT,The Juggernaut,0xbc7581af039e7f194589e1a0bd54ca08d7fa3fc6,https://robinhoodchain.blockscout.com/token/0xbc7581af039e7f194589e1a0bd54ca08d7fa3fc6,uniswap,0x1974567ac58ae8415823b6f60fd148f35147421f7e24ccbfd3ca0fdea9196728,https://dexscreener.com/robinhood/0x1974567ac58ae8415823b6f60fd148f35147421f7e24ccbfd3ca0fdea9196728,2026-09-02T23:22:42+00:00,5650.28,5.24,1,1,3.747e-06,v4
2026-09-06T06:19:42.060578+00:00,NU,Nu • Robinhood Token,0x408c14038a04f7bd235329e26d2bf569ee20e250,https://robinhoodchain.blockscout.com/token/0x408c14038a04f7bd235329e26d2bf569ee20e250,I,Inu,0x961a97f3a5b31099e24d117429bbaf91b22f4b98,https://robinhoodchain.blockscout.com/token/0x961a97f3a5b31099e24d117429bbaf91b22f4b98,uniswap,0xbc1c2837e94587cc5a9b06cf4d198c657593a00aecd24389f491d7b163bee9a8,https://dexscreener.com/robinhood/0xbc1c2837e94587cc5a9b06cf4d198c657593a00aecd24389f491d7b163bee9a8,2026-09-04T16:59:10+00:00,5646.42,1350.12,6,16,3.809e-06,v4
2026-09-06T06:19:05.786691+00:00,FIX,Comfort Systems • Robinhood Token,0x93dbb1d2dc5d63f4abacff30485273f538df68ac,https://robinhoodchain.blockscout.com/token/0x93dbb1d2dc5d63f4abacff30485273f538df68ac,Plumber,Plumber,0x86434c7a6ccbade1d579e22d3ee671ca1c438301,https://robinhoodchain.blockscout.com/token/0x86434c7a6ccbade1d579e22d3ee671ca1c438301,uniswap,0x7b5b07578e9445b33fbf21644a3ba493a15bc46a613e9fcb0a80370af50a5c45,https://dexscreener.com/robinhood/0x7b5b07578e9445b33fbf21644a3ba493a15bc46a613e9fcb0a80370af50a5c45,2026-09-02T04:26:30+00:00,5642.02,3797.46,4,13,5.84e-06,v4
2026-09-06T06:19:04.693077+00:00,FIG,Figma • Robinhood Token,0x41f4267525a8aff329540ef24fd83d9044758b33,https://robinhoodchain.blockscout.com/token/0x41f4267525a8aff329540ef24fd83d9044758b33,FLIPPY,Figma Mascot,0x35863dfc3b0b3d4dbc224a35ac043c4a4ad9f201,https://robinhoodchain.blockscout.com/token/0x35863dfc3b0b3d4dbc224a35ac043c4a4ad9f201,uniswap,0x185b39ddcb9c2e6de67c6b710d2d9310e95ca843585e82adbbc3c9245c279f2f,https://dexscreener.com/robinhood/0x185b39ddcb9c2e6de67c6b710d2d9310e95ca843585e82adbbc3c9245c279f2f,2026-08-31T14:37:02+00:00,5635.13,399.03,0,5,5.849e-06,v4
2026-09-06T06:19:58.013138+00:00,RBLX,Roblox • Robinhood Token,0xf0c4bf4c582cb3836e98394b1d4e7b7281101be8,https://robinhoodchain.blockscout.com/token/0xf0c4bf4c582cb3836e98394b1d4e7b7281101be8,n00b,n00b,0x654c7cdd774b9648ec5fdb02d3a43de6a7189531,https://robinhoodchain.blockscout.com/token/0x654c7cdd774b9648ec5fdb02d3a43de6a7189531,uniswap,0x3f22f652e20567466ba7503e3e19e6b72aeef1ef84dcf5a0de2a2f5fbd0b4164,https://dexscreener.com/robinhood/0x3f22f652e20567466ba7503e3e19e6b72aeef1ef84dcf5a0de2a2f5fbd0b4164,2026-09-04T03:06:00+00:00,5621.65,86.75,0,10,3.637e-06,v4
2026-09-06T06:20:25.478945+00:00,XOM,ExxonMobil Holdings Corporation • Robinhood Token,0xf9b46d3d1b22199d4d1025a9cedb540a33f1a2d5,https://robinhoodchain.blockscout.com/token/0xf9b46d3d1b22199d4d1025a9cedb540a33f1a2d5,FARTCOIN,FARTCOIN,0x3e4f339bea31401e59f3f28959250ff9538c3901,https://robinhoodchain.blockscout.com/token/0x3e4f339bea31401e59f3f28959250ff9538c3901,uniswap,0x29a0ca6658af7ef4b03c96eb7479a3d2992d2ffc94005cbd70ca98795df0cee6,https://dexscreener.com/robinhood/0x29a0ca6658af7ef4b03c96eb7479a3d2992d2ffc94005cbd70ca98795df0cee6,2026-09-01T23:40:55+00:00,5620.53,503.1,2,12,5.735e-06,v4
2026-09-06T06:19:40.473117+00:00,NNE,Nano Nuclear Energy • Robinhood Token,0xbef75684c43c4ea7bd18dd532a2244674ee8b926,https://robinhoodchain.blockscout.com/token/0xbef75684c43c4ea7bd18dd532a2244674ee8b926,NUKE,pairNNE,0xdb1feb2e5ae7cb2a73d1d51e04a5af380d1e0001,https://robinhoodchain.blockscout.com/token/0xdb1feb2e5ae7cb2a73d1d51e04a5af380d1e0001,uniswap,0x5bb97131a8a7aa043440a212663d7db0c4d038fe7be69003309b18c31c24059e,https://dexscreener.com/robinhood/0x5bb97131a8a7aa043440a212663d7db0c4d038fe7be69003309b18c31c24059e,2026-09-05T12:18:39+00:00,5612.7,765.03,10,7,5.612e-06,v4
2026-09-06T06:18:45.221065+00:00,BABA,Alibaba • Robinhood Token,0xad25ac6c84d497db898fa1e8387bf6af3532a1c4,https://robinhoodchain.blockscout.com/token/0xad25ac6c84d497db898fa1e8387bf6af3532a1c4,AI,Alibaba Intelligence,0x63fa26fb97d44039ca8f6cebc7a7da835390d799,https://robinhoodchain.blockscout.com/token/0x63fa26fb97d44039ca8f6cebc7a7da835390d799,uniswap,0xfdd912edc9db1640e965564427870907f96857ece42eb4ecd63106f77b215f3e,https://dexscreener.com/robinhood/0xfdd912edc9db1640e965564427870907f96857ece42eb4ecd63106f77b215f3e,2026-09-05T20:41:57+00:00,5607.58,354772.48,1944,1936,3.563e-06,v4
2026-09-06T06:19:02.689816+00:00,ELF,e.l.f. Beauty • Robinhood Token,0x39ec44bee4f6a116c6f9b8de566848a985c53c60,https://robinhoodchain.blockscout.com/token/0x39ec44bee4f6a116c6f9b8de566848a985c53c60,FLE,FLE,0xbe422b324da6713be9a04f01d67c1f873a204fc0,https://robinhoodchain.blockscout.com/token/0xbe422b324da6713be9a04f01d67c1f873a204fc0,uniswap,0xb2cea5082b12e04a093cbb19d1c9fbfec861761035c5b98dcbbba5575bc915b6,https://dexscreener.com/robinhood/0xb2cea5082b12e04a093cbb19d1c9fbfec861761035c5b98dcbbba5575bc915b6,2026-09-04T20:59:29+00:00,5577.54,30.33,0,3,5.589e-06,v4
2026-09-06T06:19:16.415254+00:00,IBM,IBM • Robinhood Token,0x980dcf6766fa79f5cf0c4aadb3ab477ff15a9619,https://robinhoodchain.blockscout.com/token/0x980dcf6766fa79f5cf0c4aadb3ab477ff15a9619,DOGE,Dogecoin,0x957de1188ec592fd851c907bae0fda472351b77e,https://robinhoodchain.blockscout.com/token/0x957de1188ec592fd851c907bae0fda472351b77e,uniswap,0xfeb3084304a23d3d38ccdd40122da8e334237a8a125c257a04666122e7545911,https://dexscreener.com/robinhood/0xfeb3084304a23d3d38ccdd40122da8e334237a8a125c257a04666122e7545911,2026-09-04T22:20:49+00:00,5576.57,2246.85,10,29,3.647e-06,v4
2026-09-06T06:19:14.541277+00:00,HIMS,Hims & Hers Health • Robinhood Token,0xccee82fe024c36fa15e1005ede3e9e4787e23d09,https://robinhoodchain.blockscout.com/token/0xccee82fe024c36fa15e1005ede3e9e4787e23d09,Fitcoin,Fitcoin,0xcc65ef0332527f1c9b4b193517bcc27257c3e39f,https://robinhoodchain.blockscout.com/token/0xcc65ef0332527f1c9b4b193517bcc27257c3e39f,uniswap,0x1555d7d35615d28ca380b7ef7681cddf64ac73f0e381aec3a9daaf41f2c88a8f,https://dexscreener.com/robinhood/0x1555d7d35615d28ca380b7ef7681cddf64ac73f0e381aec3a9daaf41f2c88a8f,2026-09-04T21:41:16+00:00,5554.34,325.74,6,23,3.738e-06,v4
2026-09-06T06:19:08.875899+00:00,FUTU,Futu Holdings • Robinhood Token,0xeb30663bdff0622ef4e4e5cbb4e975f19f33f51d,https://robinhoodchain.blockscout.com/token/0xeb30663bdff0622ef4e4e5cbb4e975f19f33f51d,NiuNiu,牛牛,0x39e99c4f6b484fb52cca9b2d5d0e302e46559401,https://robinhoodchain.blockscout.com/token/0x39e99c4f6b484fb52cca9b2d5d0e302e46559401,uniswap,0x069636c5d9c380d16983dab42066fb459f23fde45cc2b9317accf87501b99400,https://dexscreener.com/robinhood/0x069636c5d9c380d16983dab42066fb459f23fde45cc2b9317accf87501b99400,2026-08-31T20:12:19+00:00,5510.4,3.44,0,1,5.52e-06,v4
2026-09-06T06:19:29.680166+00:00,LUNR,Intuitive Machines • Robinhood Token,0xa5d4968421ba94814be3b136b15cf422101ac1a3,https://robinhoodchain.blockscout.com/token/0xa5d4968421ba94814be3b136b15cf422101ac1a3,LUNA,To the moon,0x5828b4838fa8ad936728741f28a4c6a460ebe801,https://robinhoodchain.blockscout.com/token/0x5828b4838fa8ad936728741f28a4c6a460ebe801,uniswap,0x03101ec537b981d9f23ea5c03bac92681c325bd02b429ec7974bef1a0e3102bb,https://dexscreener.com/robinhood/0x03101ec537b981d9f23ea5c03bac92681c325bd02b429ec7974bef1a0e3102bb,2026-09-01T08:35:34+00:00,5502.98,123.73,1,1,5.521e-06,v4
2026-09-06T06:19:45.048778+00:00,ON,ON Semiconductor • Robinhood Token,0xbbd09f72b025360fee5c928053dca6248d35be54,https://robinhoodchain.blockscout.com/token/0xbbd09f72b025360fee5c928053dca6248d35be54,GO,Gooncoin,0x00c4c7fab9deefbd175f72e7fba2362848936701,https://robinhoodchain.blockscout.com/token/0x00c4c7fab9deefbd175f72e7fba2362848936701,uniswap,0x9e0caa5a3b7e6bb42db0b7f08365eb2e4464c8d8bf4ad14f624e9ebfda267e43,https://dexscreener.com/robinhood/0x9e0caa5a3b7e6bb42db0b7f08365eb2e4464c8d8bf4ad14f624e9ebfda267e43,2026-09-02T21:23:34+00:00,5497.08,12.2,0,1,5.653e-06,v4
2026-09-06T06:19:51.064239+00:00,PFE,Pfizer • Robinhood Token,0x7066a64c24e4206cd62e83bf198c1e7eb361f51e,https://robinhoodchain.blockscout.com/token/0x7066a64c24e4206cd62e83bf198c1e7eb361f51e,LAB,Lab,0xf87c8290ad3da1328e93fe40336d36cd1e34b15c,https://robinhoodchain.blockscout.com/token/0xf87c8290ad3da1328e93fe40336d36cd1e34b15c,uniswap,0xcc3d7128d958f2db82e4ff3dccff8324733fc2172c27e01feba2495a460b05c9,https://dexscreener.com/robinhood/0xcc3d7128d958f2db82e4ff3dccff8324733fc2172c27e01feba2495a460b05c9,2026-09-05T20:08:11+00:00,5496.18,200132.89,1072,974,3.473e-06,v4
2026-09-06T06:20:02.280731+00:00,RKLB,Rocket Lab Corporation • Robinhood Token,0x3b14c39e89d60d627b42a1a4ca45b5bb45fc12e2,https://robinhoodchain.blockscout.com/token/0x3b14c39e89d60d627b42a1a4ca45b5bb45fc12e2,CUM,Cum Rocket Lab,0x7ed9e0bdc072229118fb6fce2a69ad27d9cb1101,https://robinhoodchain.blockscout.com/token/0x7ed9e0bdc072229118fb6fce2a69ad27d9cb1101,uniswap,0xa6940ae69300a3777f11b6b8ca7aa0829501020ac12848c82c9ab058f1b9bb1a,https://dexscreener.com/robinhood/0xa6940ae69300a3777f11b6b8ca7aa0829501020ac12848c82c9ab058f1b9bb1a,2026-09-02T01:11:54+00:00,5485.84,102.04,0,1,5.609e-06,v4
2026-09-06T06:19:51.064239+00:00,PFE,Pfizer • Robinhood Token,0x7066a64c24e4206cd62e83bf198c1e7eb361f51e,https://robinhoodchain.blockscout.com/token/0x7066a64c24e4206cd62e83bf198c1e7eb361f51e,PONDEMIC,Pondemic,0x1abc4eb79e3f209ebde6b3c591f6322bffea1e77,https://robinhoodchain.blockscout.com/token/0x1abc4eb79e3f209ebde6b3c591f6322bffea1e77,uniswap,0x88175e5524c1cbd52e28fa4050a670455521a1d255b6eaa23d216ecabd34e932,https://dexscreener.com/robinhood/0x88175e5524c1cbd52e28fa4050a670455521a1d255b6eaa23d216ecabd34e932,2026-09-03T06:51:20+00:00,5471.21,41.58,0,5,3.56e-06,v4
2026-09-06T06:19:22.218506+00:00,JNJ,Johnson & Johnson • Robinhood Token,0x03dfbbe0ac4e7bcdafd08ed41a400326b77d8c80,https://robinhoodchain.blockscout.com/token/0x03dfbbe0ac4e7bcdafd08ed41a400326b77d8c80,FKH,Flying Ketamine Horse,0xf3f8d02e37623a82ece8041b583f1f78b352fcef,https://robinhoodchain.blockscout.com/token/0xf3f8d02e37623a82ece8041b583f1f78b352fcef,uniswap,0x8eb9d641ded99bba81f14ff8b1f400e2b7085e5d262d4e86eb36306d2a6c4717,https://dexscreener.com/robinhood/0x8eb9d641ded99bba81f14ff8b1f400e2b7085e5d262d4e86eb36306d2a6c4717,2026-09-03T20:11:34+00:00,5471.16,657.23,4,17,3.686e-06,v4
2026-09-06T06:19:01.128821+00:00,DELL,Dell • Robinhood Token,0x941ae714ec6d8130c7b75d67160ca08f1e7d11dd,https://robinhoodchain.blockscout.com/token/0x941ae714ec6d8130c7b75d67160ca08f1e7d11dd,A,"Dude, you're getting a Dell",0x8a3019e19d2f0dd60acb787ec921d70e9c191d01,https://robinhoodchain.blockscout.com/token/0x8a3019e19d2f0dd60acb787ec921d70e9c191d01,uniswap,0x6ce719a615db5ab59269e1363559ce12f5845163c042258d3dc6ac4d9bd850c6,https://dexscreener.com/robinhood/0x6ce719a615db5ab59269e1363559ce12f5845163c042258d3dc6ac4d9bd850c6,2026-09-02T00:12:51+00:00,5469.34,16.97,0,1,5.469e-06,v4
2026-09-06T06:19:50.313486+00:00,PENG,Penguin Solutions • Robinhood Token,0x9b23573b156b52565012f5ce02cdf60afbaa70be,https://robinhoodchain.blockscout.com/token/0x9b23573b156b52565012f5ce02cdf60afbaa70be,Club,Club Penguin,0x9a9832574e1e05df80ccf79972c0c73dea479e01,https://robinhoodchain.blockscout.com/token/0x9a9832574e1e05df80ccf79972c0c73dea479e01,uniswap,0x16e62a99919e2e9f0595960032ddef7972bf1bda0b4007f0d393e5cc5909630b,https://dexscreener.com/robinhood/0x16e62a99919e2e9f0595960032ddef7972bf1bda0b4007f0d393e5cc5909630b,2026-08-31T21:20:20+00:00,5445.74,92.22,0,1,5.448e-06,v4
2026-09-06T06:19:45.048778+00:00,ON,ON Semiconductor • Robinhood Token,0xbbd09f72b025360fee5c928053dca6248d35be54,https://robinhoodchain.blockscout.com/token/0xbbd09f72b025360fee5c928053dca6248d35be54,MOR,MOR,0xf1d1d5fec08a49b6b88741d71dd2ccc19bfbe701,https://robinhoodchain.blockscout.com/token/0xf1d1d5fec08a49b6b88741d71dd2ccc19bfbe701,uniswap,0x4d8903cc3df1f0a4485ee177bba8e1fe48814ff1f8a009c6959bf69ce36adabc,https://dexscreener.com/robinhood/0x4d8903cc3df1f0a4485ee177bba8e1fe48814ff1f8a009c6959bf69ce36adabc,2026-09-05T18:20:19+00:00,5424.62,45799.71,243,223,5.566e-06,v4
2026-09-06T06:18:44.582363+00:00,BA,Boeing • Robinhood Token,0x4d21483a44bf67a86b77e3da301411880797d452,https://robinhoodchain.blockscout.com/token/0x4d21483a44bf67a86b77e3da301411880797d452,RyanAir,Ryan Air,0xfee7558ebd267f352da0a172cb95d95e4a09f801,https://robinhoodchain.blockscout.com/token/0xfee7558ebd267f352da0a172cb95d95e4a09f801,uniswap,0xcd54fa72155f341edb42ea22a6686077f6d71adc84a658ecadd9e99c8ba7939d,https://dexscreener.com/robinhood/0xcd54fa72155f341edb42ea22a6686077f6d71adc84a658ecadd9e99c8ba7939d,2026-09-03T20:10:55+00:00,5387.22,345.7,1,4,5.465e-06,v4
2026-09-06T06:19:00.123943+00:00,CVNA,Carvana • Robinhood Token,0xa4f319104089fe321dc8093c6e707d4fe190a988,https://robinhoodchain.blockscout.com/token/0xa4f319104089fe321dc8093c6e707d4fe190a988,USEDCAR,2011 Toyota Camry,0x1c316422354d1b746762245e4769d4604518a801,https://robinhoodchain.blockscout.com/token/0x1c316422354d1b746762245e4769d4604518a801,uniswap,0xf6c48a8695782267aa52847c49145101df39d01c37f213cf7b2ca653deeea3cc,https://dexscreener.com/robinhood/0xf6c48a8695782267aa52847c49145101df39d01c37f213cf7b2ca653deeea3cc,2026-09-03T02:03:56+00:00,5375.13,78.62,0,8,5.521e-06,v4
2026-09-06T06:19:41.213070+00:00,NOW,ServiceNow • Robinhood Token,0x0c3260af4b8f13a69c4c2dfb84fd667890cdfa14,https://robinhoodchain.blockscout.com/token/0x0c3260af4b8f13a69c4c2dfb84fd667890cdfa14,LATER,LATER,0xdd80a9299dcd81ec319787dcd3db3ad2ad9c2301,https://robinhoodchain.blockscout.com/token/0xdd80a9299dcd81ec319787dcd3db3ad2ad9c2301,uniswap,0x693b2bf2a5686fd1a45d1433cff7f234dc461ccfdace27ba2f84527872e99e04,https://dexscreener.com/robinhood/0x693b2bf2a5686fd1a45d1433cff7f234dc461ccfdace27ba2f84527872e99e04,2026-09-02T14:09:37+00:00,5360.43,3.27,0,1,5.361e-06,v4
2026-09-06T06:19:45.048778+00:00,ON,ON Semiconductor • Robinhood Token,0xbbd09f72b025360fee5c928053dca6248d35be54,https://robinhoodchain.blockscout.com/token/0xbbd09f72b025360fee5c928053dca6248d35be54,BUTT,Button,0x110632e51257d71db1652d9ff778756f68b34901,https://robinhoodchain.blockscout.com/token/0x110632e51257d71db1652d9ff778756f68b34901,uniswap,0xeead162efd64c4b1a2be669d5ae41bb7534f8423848fff646de6b72d081209c6,https://dexscreener.com/robinhood/0xeead162efd64c4b1a2be669d5ae41bb7534f8423848fff646de6b72d081209c6,2026-09-03T18:58:00+00:00,5355.27,96.28,0,3,5.484e-06,v4
2026-09-06T06:20:03.825738+00:00,SHOP,Shopify • Robinhood Token,0xf53f66751b1eff985311b693531e3290f600c410,https://robinhoodchain.blockscout.com/token/0xf53f66751b1eff985311b693531e3290f600c410,LARPER,The Larper,0xd2e452b06071f68e502d5bef0dc727b21e2fac94,https://robinhoodchain.blockscout.com/token/0xd2e452b06071f68e502d5bef0dc727b21e2fac94,uniswap,0xd5ae8f82e47805a9e539acfc888021c5f7a77f6fad46be84ad9d68f82501dc50,https://dexscreener.com/robinhood/0xd5ae8f82e47805a9e539acfc888021c5f7a77f6fad46be84ad9d68f82501dc50,2026-09-04T23:05:06+00:00,5347.87,211.04,2,24,3.309e-06,v4
2026-09-06T06:18:39.560976+00:00,ASML,ASML Holding NV • Robinhood Token,0x47f93d52cbec7c6d2cfc080e154002370a60daea,https://robinhoodchain.blockscout.com/token/0x47f93d52cbec7c6d2cfc080e154002370a60daea,ASML,Autistic Shitcoin Magic Liquidity ,0x567fc18951bf5f079d0725e75c1522c423e97701,https://robinhoodchain.blockscout.com/token/0x567fc18951bf5f079d0725e75c1522c423e97701,uniswap,0x36022a39be8a2771d52428679e393b772ec0cefb5c7e5aca67dfe2fbb77e0504,https://dexscreener.com/robinhood/0x36022a39be8a2771d52428679e393b772ec0cefb5c7e5aca67dfe2fbb77e0504,2026-09-01T21:19:17+00:00,5347.41,92.08,0,1,5.377e-06,v4
2026-09-06T06:19:04.693077+00:00,FIG,Figma • Robinhood Token,0x41f4267525a8aff329540ef24fd83d9044758b33,https://robinhoodchain.blockscout.com/token/0x41f4267525a8aff329540ef24fd83d9044758b33,SIGMA,SIGMA,0x31af0680e909eab47cd055e391c688379587e907,https://robinhoodchain.blockscout.com/token/0x31af0680e909eab47cd055e391c688379587e907,uniswap,0x2b05e28c7c7e2870ee3915633634237af53a3802e54bec19011c37190f0df17c,https://dexscreener.com/robinhood/0x2b05e28c7c7e2870ee3915633634237af53a3802e54bec19011c37190f0df17c,2026-09-05T03:00:30+00:00,5338.68,1130.0,3,34,3.523e-06,v4
2026-09-06T06:20:03.825738+00:00,SHOP,Shopify • Robinhood Token,0xf53f66751b1eff985311b693531e3290f600c410,https://robinhoodchain.blockscout.com/token/0xf53f66751b1eff985311b693531e3290f600c410,Shoppy,Shoppy,0x98520d059db48f65e956da51f8f64673589e1701,https://robinhoodchain.blockscout.com/token/0x98520d059db48f65e956da51f8f64673589e1701,uniswap,0x786643fed3a3b3bd54f7ebf60325c7faf57e1e973377f99c2936da283c2d8f4d,https://dexscreener.com/robinhood/0x786643fed3a3b3bd54f7ebf60325c7faf57e1e973377f99c2936da283c2d8f4d,2026-09-05T06:02:02+00:00,5310.14,4443.14,13,68,5.397e-06,v4
2026-09-06T06:19:58.013138+00:00,RBLX,Roblox • Robinhood Token,0xf0c4bf4c582cb3836e98394b1d4e7b7281101be8,https://robinhoodchain.blockscout.com/token/0xf0c4bf4c582cb3836e98394b1d4e7b7281101be8,DUCK,TEH EPIK DUCK,0x92761a18a72e2db1c1c9bc03b3999ce8a2081cc4,https://robinhoodchain.blockscout.com/token/0x92761a18a72e2db1c1c9bc03b3999ce8a2081cc4,uniswap,0x8af6c6aa2e2fe7b7fed2059476e0527b02aa7eb38d75375275c3148e2d07efc0,https://dexscreener.com/robinhood/0x8af6c6aa2e2fe7b7fed2059476e0527b02aa7eb38d75375275c3148e2d07efc0,2026-09-03T13:01:13+00:00,5287.69,1005.11,4,8,3.218e-06,v4
2026-09-06T06:20:23.815219+00:00,WULF,TeraWulf • Robinhood Token,0x348be1a8663f15edde5cdf8a96bb69078f7ab6fd,https://robinhoodchain.blockscout.com/token/0x348be1a8663f15edde5cdf8a96bb69078f7ab6fd,wulf,wulf,0x164a54f2f84f14d4dada3174525ede391b491901,https://robinhoodchain.blockscout.com/token/0x164a54f2f84f14d4dada3174525ede391b491901,uniswap,0xa22f6836c921febfef1ce3482fb47c1785345cb07017ab114ddf28c8ec966210,https://dexscreener.com/robinhood/0xa22f6836c921febfef1ce3482fb47c1785345cb07017ab114ddf28c8ec966210,2026-09-03T15:51:42+00:00,5282.47,17.99,0,3,5.338e-06,v4
2026-09-06T06:19:33.646497+00:00,MRVL,Marvell Technology • Robinhood Token,0x62fd0668e10d8b72339be2dcf7643001688ff13b,https://robinhoodchain.blockscout.com/token/0x62fd0668e10d8b72339be2dcf7643001688ff13b,HULKED,Hulked,0x16fe8938167f6df32f3dab107e5e6b0e4821b220,https://robinhoodchain.blockscout.com/token/0x16fe8938167f6df32f3dab107e5e6b0e4821b220,uniswap,0x9a449204caa0a240ebcb8ddd4ef59760b4ed186567628121a966952e19334319,https://dexscreener.com/robinhood/0x9a449204caa0a240ebcb8ddd4ef59760b4ed186567628121a966952e19334319,2026-09-03T07:10:20+00:00,5264.87,310.25,3,6,3.253e-06,v4
2026-09-06T06:19:42.060578+00:00,NU,Nu • Robinhood Token,0x408c14038a04f7bd235329e26d2bf569ee20e250,https://robinhoodchain.blockscout.com/token/0x408c14038a04f7bd235329e26d2bf569ee20e250,I,INU,0xd10ccfb8ed3c939c8731830a63d07b95d8dcb851,https://robinhoodchain.blockscout.com/token/0xd10ccfb8ed3c939c8731830a63d07b95d8dcb851,uniswap,0x5d3e5c61108cbee3e9bb4e2c2dba9ecca08354bc2c82928de7e03ee9860df5a9,https://dexscreener.com/robinhood/0x5d3e5c61108cbee3e9bb4e2c2dba9ecca08354bc2c82928de7e03ee9860df5a9,2026-09-04T22:58:42+00:00,5259.44,413.07,3,9,3.305e-06,v4
2026-09-06T06:20:26.113208+00:00,ZM,Zoom • Robinhood Token,0x44c4f142009036cf477ed2d09932051843137cf1,https://robinhoodchain.blockscout.com/token/0x44c4f142009036cf477ed2d09932051843137cf1,EPSTEIN,Epstein Coin,0x1765cf71f71e56c311a371971c7eab7a148cb301,https://robinhoodchain.blockscout.com/token/0x1765cf71f71e56c311a371971c7eab7a148cb301,uniswap,0x482ee4351bc2b6fe18e5bd8322024cbad5d6bad476d51c6b431f760c67e3da88,https://dexscreener.com/robinhood/0x482ee4351bc2b6fe18e5bd8322024cbad5d6bad476d51c6b431f760c67e3da88,2026-09-02T22:23:04+00:00,5254.19,14.53,0,3,5.336e-06,v4
2026-09-06T06:18:55.423631+00:00,COST,Costco • Robinhood Token,0x4ea005168d7f09a7a0ba9d1def21a479950e44c2,https://robinhoodchain.blockscout.com/token/0x4ea005168d7f09a7a0ba9d1def21a479950e44c2,PLXMS,Italian Plums,0x76b864a2c2cfd01604ab8c6133c52fdc216dd566,https://robinhoodchain.blockscout.com/token/0x76b864a2c2cfd01604ab8c6133c52fdc216dd566,uniswap,0xc5611c58966b1033599cc199def8ebd0bc45d39669bf490f0265f0bdcc2b300b,https://dexscreener.com/robinhood/0xc5611c58966b1033599cc199def8ebd0bc45d39669bf490f0265f0bdcc2b300b,2026-09-01T01:26:06+00:00,5233.53,865.19,0,15,4.197e-06,v4
2026-09-06T06:19:12.135033+00:00,GLXY,Galaxy Digital Inc. • Robinhood Token,0x2d427692e928fa156ec22acfabafa0447c5805b7,https://robinhoodchain.blockscout.com/token/0x2d427692e928fa156ec22acfabafa0447c5805b7,GLXY,GALAXY,0x3dd59f24796a84a13f8939e19c843e384cd976e4,https://robinhoodchain.blockscout.com/token/0x3dd59f24796a84a13f8939e19c843e384cd976e4,uniswap,0xec892070fa24ac7804f9e5ee30522ebef7a38159ebd1acfe50f0b42487faffe7,https://dexscreener.com/robinhood/0xec892070fa24ac7804f9e5ee30522ebef7a38159ebd1acfe50f0b42487faffe7,2026-09-05T05:08:05+00:00,5211.21,1249.97,7,7,5.209e-06,v4
2026-09-06T06:19:42.060578+00:00,NU,Nu • Robinhood Token,0x408c14038a04f7bd235329e26d2bf569ee20e250,https://robinhoodchain.blockscout.com/token/0x408c14038a04f7bd235329e26d2bf569ee20e250,I,Inu,0x1de1254be47c22a38c4a0fec324021be5e7c684e,https://robinhoodchain.blockscout.com/token/0x1de1254be47c22a38c4a0fec324021be5e7c684e,uniswap,0xd142174b5358cc61ae899d0382d80233c140552b1737655d44d4ca2d3121fd89,https://dexscreener.com/robinhood/0xd142174b5358cc61ae899d0382d80233c140552b1737655d44d4ca2d3121fd89,2026-08-31T16:10:25+00:00,5203.58,55.47,0,1,5.259e-06,v4
2026-09-06T06:19:33.646497+00:00,MRVL,Marvell Technology • Robinhood Token,0x62fd0668e10d8b72339be2dcf7643001688ff13b,https://robinhoodchain.blockscout.com/token/0x62fd0668e10d8b72339be2dcf7643001688ff13b,Venum,Venum,0x4e60690e6a6502c38933cf77f668b41ef2800801,https://robinhoodchain.blockscout.com/token/0x4e60690e6a6502c38933cf77f668b41ef2800801,uniswap,0x738d838773281ba3815a235228155650f78df3addaabff82449bd25708aef07a,https://dexscreener.com/robinhood/0x738d838773281ba3815a235228155650f78df3addaabff82449bd25708aef07a,2026-09-02T09:08:19+00:00,5201.07,0.47,0,1,5.201e-06,v4
2026-09-06T06:20:03.825738+00:00,SHOP,Shopify • Robinhood Token,0xf53f66751b1eff985311b693531e3290f600c410,https://robinhoodchain.blockscout.com/token/0xf53f66751b1eff985311b693531e3290f600c410,Shoppy,Shoppy,0x9412982bcf377142e18d845a8fc6672df7dfcd01,https://robinhoodchain.blockscout.com/token/0x9412982bcf377142e18d845a8fc6672df7dfcd01,uniswap,0xbf2ea3af200a61a143b90997ecc8bc57cb6dd265b9e684b5b7078d1ba806f452,https://dexscreener.com/robinhood/0xbf2ea3af200a61a143b90997ecc8bc57cb6dd265b9e684b5b7078d1ba806f452,2026-08-31T20:15:10+00:00,5190.69,21.17,0,1,5.204e-06,v4
2026-09-06T06:20:03.825738+00:00,SHOP,Shopify • Robinhood Token,0xf53f66751b1eff985311b693531e3290f600c410,https://robinhoodchain.blockscout.com/token/0xf53f66751b1eff985311b693531e3290f600c410,SHOPPY,Shoppy,0x14d0cad147a854b7c962d8aebe91c57b67bd5501,https://robinhoodchain.blockscout.com/token/0x14d0cad147a854b7c962d8aebe91c57b67bd5501,uniswap,0x161a29680dcec814e46427294318572d71e0e30e8b33b32a8e57e4c76729079f,https://dexscreener.com/robinhood/0x161a29680dcec814e46427294318572d71e0e30e8b33b32a8e57e4c76729079f,2026-09-04T13:26:30+00:00,5188.74,38.5,0,2,5.259e-06,v4
2026-09-06T06:19:33.646497+00:00,MRVL,Marvell Technology • Robinhood Token,0x62fd0668e10d8b72339be2dcf7643001688ff13b,https://robinhoodchain.blockscout.com/token/0x62fd0668e10d8b72339be2dcf7643001688ff13b,JARVIS,JARVIS,0x896c65ff473c065e31872e19b5a9c9f3b4dc5dc7,https://robinhoodchain.blockscout.com/token/0x896c65ff473c065e31872e19b5a9c9f3b4dc5dc7,uniswap,0x97bf0a794b130ec3e206e3ceb8c39e9142c4266ea4ed97b21c1a8951dea588fe,https://dexscreener.com/robinhood/0x97bf0a794b130ec3e206e3ceb8c39e9142c4266ea4ed97b21c1a8951dea588fe,2026-09-02T23:28:26+00:00,5178.94,237.1,1,2,3.148e-06,v4
2026-09-06T06:19:33.646497+00:00,MRVL,Marvell Technology • Robinhood Token,0x62fd0668e10d8b72339be2dcf7643001688ff13b,https://robinhoodchain.blockscout.com/token/0x62fd0668e10d8b72339be2dcf7643001688ff13b,AVENGERS,Avengers,0xeca85912fa3f9968cd622612d9549dc82ff40f01,https://robinhoodchain.blockscout.com/token/0xeca85912fa3f9968cd622612d9549dc82ff40f01,uniswap,0x691a053e6ac98d2f09caf686d384777038a55ead5cc1e1a609a33dff853d1990,https://dexscreener.com/robinhood/0x691a053e6ac98d2f09caf686d384777038a55ead5cc1e1a609a33dff853d1990,2026-09-04T18:09:31+00:00,5177.26,363.3,1,17,5.252e-06,v4
2026-09-06T06:19:50.313486+00:00,PENG,Penguin Solutions • Robinhood Token,0x9b23573b156b52565012f5ce02cdf60afbaa70be,https://robinhoodchain.blockscout.com/token/0x9b23573b156b52565012f5ce02cdf60afbaa70be,NIETZSCHEAN,Nietzschean PENGUIN,0x38d92c99acde830fd13438c0ccdf445caa681e18,https://robinhoodchain.blockscout.com/token/0x38d92c99acde830fd13438c0ccdf445caa681e18,uniswap,0x43b4a57f16172a282fb61abb807d784bbab1d3011c3442014dcff6163e56393d,https://dexscreener.com/robinhood/0x43b4a57f16172a282fb61abb807d784bbab1d3011c3442014dcff6163e56393d,2026-09-03T22:34:53+00:00,5175.22,2.87,2,1,5.198e-06,v4
2026-09-06T06:20:18.514194+00:00,UPS,UPS • Robinhood Token,0xf23250dac154d05bb671cb0d0ebef3c635c79ce2,https://robinhoodchain.blockscout.com/token/0xf23250dac154d05bb671cb0d0ebef3c635c79ce2,SNORP,snorp,0xf479aa1d0e5c415184ddfa30b684537dfd0eb721,https://robinhoodchain.blockscout.com/token/0xf479aa1d0e5c415184ddfa30b684537dfd0eb721,uniswap,0x253813fff938892c670bba0f909e0e428270b744c3fb00e66c880d18d70f6240,https://dexscreener.com/robinhood/0x253813fff938892c670bba0f909e0e428270b744c3fb00e66c880d18d70f6240,2026-09-04T22:29:10+00:00,5171.05,1255.94,10,32,3.063e-06,v4
2026-09-06T06:19:52.945422+00:00,POET,POET Technologies • Robinhood Token,0xcf6b2d875361be807eafa57458c80f28521f9333,https://robinhoodchain.blockscout.com/token/0xcf6b2d875361be807eafa57458c80f28521f9333,POET,Poet,0x399671360fdf2b3e436c8878ececd2fea418b301,https://robinhoodchain.blockscout.com/token/0x399671360fdf2b3e436c8878ececd2fea418b301,uniswap,0xb75d86cead72e31626f72e689ef90c714cd9c134b3820fbda127cb9eb3aa02f3,https://dexscreener.com/robinhood/0xb75d86cead72e31626f72e689ef90c714cd9c134b3820fbda127cb9eb3aa02f3,2026-09-03T08:39:27+00:00,5164.23,17.64,0,1,5.167e-06,v4
2026-09-06T06:18:51.659998+00:00,CLOV,Clover Health Investments • Robinhood Token,0x62200915e7deab1ec7f79fb246dadbb80eacddd0,https://robinhoodchain.blockscout.com/token/0x62200915e7deab1ec7f79fb246dadbb80eacddd0,SHAMROCK,SHAMROCK,0xb2bf8506c367953fae66e9377487b2a4d6d35701,https://robinhoodchain.blockscout.com/token/0xb2bf8506c367953fae66e9377487b2a4d6d35701,uniswap,0xb27278f8184bd4397e2d427e0c61d55b92abb3b81c9019ff7881a9ee8fc5cb1d,https://dexscreener.com/robinhood/0xb27278f8184bd4397e2d427e0c61d55b92abb3b81c9019ff7881a9ee8fc5cb1d,2026-09-03T19:52:56+00:00,5147.46,355.11,1,6,5.195e-06,v4
2026-09-06T06:19:18.914056+00:00,INTC,Intel • Robinhood Token,0xc72b96e0e48ecd4dc75e1e45396e26300bc39681,https://robinhoodchain.blockscout.com/token/0xc72b96e0e48ecd4dc75e1e45396e26300bc39681,GRANDMA,Grandma,0x1d855400cddd748e65f3bb3fb0e55542fcd9d701,https://robinhoodchain.blockscout.com/token/0x1d855400cddd748e65f3bb3fb0e55542fcd9d701,uniswap,0x35fd3d9871ad1814555d6e6d771017007894f886d7cea55cbf5dbed1989dfd4f,https://dexscreener.com/robinhood/0x35fd3d9871ad1814555d6e6d771017007894f886d7cea55cbf5dbed1989dfd4f,2026-09-02T00:51:24+00:00,5136.05,91.41,0,2,5.153e-06,v4
2026-09-06T06:20:04.904459+00:00,SKHY,SK hynix Inc. American Depositary Shares • Robinhood Token,0x84cab63bc87912e71ad199ff14a0ba45de68fef8,https://robinhoodchain.blockscout.com/token/0x84cab63bc87912e71ad199ff14a0ba45de68fef8,KIMCHI,KIMCHI,0x2ffb6db2fcc1b53f11f559a8d7656505e0b37040,https://robinhoodchain.blockscout.com/token/0x2ffb6db2fcc1b53f11f559a8d7656505e0b37040,uniswap,0xd5748cad5f24dc1ee19354a290f0d11551c20d1945b4d589a078896e2272ff12,https://dexscreener.com/robinhood/0xd5748cad5f24dc1ee19354a290f0d11551c20d1945b4d589a078896e2272ff12,2026-09-02T17:16:51+00:00,5093.93,13.62,1,1,2.95e-06,v4
2026-09-06T06:19:52.459864+00:00,PLTR,Palantir Technologies • Robinhood Token,0x894e1ec2d74ffe5aef8dc8a9e84686accb964f2a,https://robinhoodchain.blockscout.com/token/0x894e1ec2d74ffe5aef8dc8a9e84686accb964f2a,WARCAT,Warcat,0x3c9ab6f6a7eec426e496564d356e34fbfca8d921,https://robinhoodchain.blockscout.com/token/0x3c9ab6f6a7eec426e496564d356e34fbfca8d921,uniswap,0xc22da7ac78dc06a95db1b158940dc4ba2607c780c73dccf15e038fff3d5f7000,https://dexscreener.com/robinhood/0xc22da7ac78dc06a95db1b158940dc4ba2607c780c73dccf15e038fff3d5f7000,2026-09-05T19:19:31+00:00,5077.19,301679.23,1427,1377,3.693e-06,v4
2026-09-06T06:19:33.012710+00:00,MRNA,Moderna • Robinhood Token,0x43b07d15ce533bec5476d70c22a78a1b2b662155,https://robinhoodchain.blockscout.com/token/0x43b07d15ce533bec5476d70c22a78a1b2b662155,MDMA,Monke Dealing Monke Acid,0x751999d2c428dc292d422705aa157418342c289b,https://robinhoodchain.blockscout.com/token/0x751999d2c428dc292d422705aa157418342c289b,uniswap,0x42d79e736cb43f82cbaabc79408957caf467fc3ff4a135eef10f1e022108557f,https://dexscreener.com/robinhood/0x42d79e736cb43f82cbaabc79408957caf467fc3ff4a135eef10f1e022108557f,2026-09-05T21:38:33+00:00,5037.69,158631.02,554,659,3.107e-06,v4
2026-09-06T06:19:50.313486+00:00,PENG,Penguin Solutions • Robinhood Token,0x9b23573b156b52565012f5ce02cdf60afbaa70be,https://robinhoodchain.blockscout.com/token/0x9b23573b156b52565012f5ce02cdf60afbaa70be,PENG,Penguin Solutions Inc.,0x83ac875c33ed0d82a60b1d195a299f999e37f401,https://robinhoodchain.blockscout.com/token/0x83ac875c33ed0d82a60b1d195a299f999e37f401,uniswap,0x883edc6fc1d301a0c4db8b333f7780969777ed32be79188515454f3d3aafc489,https://dexscreener.com/robinhood/0x883edc6fc1d301a0c4db8b333f7780969777ed32be79188515454f3d3aafc489,2026-09-05T03:42:12+00:00,5035.67,159.13,0,8,5.036e-06,v4
2026-09-06T06:19:52.945422+00:00,POET,POET Technologies • Robinhood Token,0xcf6b2d875361be807eafa57458c80f28521f9333,https://robinhoodchain.blockscout.com/token/0xcf6b2d875361be807eafa57458c80f28521f9333,IS,Integrated Solution,0xe80b3b92b0b233f2798a04beadc14913c37b1001,https://robinhoodchain.blockscout.com/token/0xe80b3b92b0b233f2798a04beadc14913c37b1001,uniswap,0xdeb43910f70cacb1988f796574be5740bff33838e6690b5fabd1c05f76aef09d,https://dexscreener.com/robinhood/0xdeb43910f70cacb1988f796574be5740bff33838e6690b5fabd1c05f76aef09d,2026-09-03T12:51:34+00:00,4999.11,8.02,0,1,4.999e-06,v4
2026-09-06T06:19:41.213070+00:00,NOW,ServiceNow • Robinhood Token,0x0c3260af4b8f13a69c4c2dfb84fd667890cdfa14,https://robinhoodchain.blockscout.com/token/0x0c3260af4b8f13a69c4c2dfb84fd667890cdfa14,WEN,Wen,0xedf4b05f7a9f889ef9ec87d5766c9672b157a1ec,https://robinhoodchain.blockscout.com/token/0xedf4b05f7a9f889ef9ec87d5766c9672b157a1ec,uniswap,0x52a5d37af5b1ba09c40fc0988034a811afe0f12ee7885028cbe526fabada8e14,https://dexscreener.com/robinhood/0x52a5d37af5b1ba09c40fc0988034a811afe0f12ee7885028cbe526fabada8e14,2026-09-05T20:32:31+00:00,4991.89,2108.7,10,10,4.989e-06,v4
2026-09-06T06:20:04.409752+00:00,SIMO,Silicon Motion • Robinhood Token,0x77e655e37f4d913fb9540e0d541d824171a60e81,https://robinhoodchain.blockscout.com/token/0x77e655e37f4d913fb9540e0d541d824171a60e81,TIT,Tits ,0xef4eaf0fb2f3c154f6339fbd78f42f0b70487d01,https://robinhoodchain.blockscout.com/token/0xef4eaf0fb2f3c154f6339fbd78f42f0b70487d01,uniswap,0x163982a1c382e0ff919d111884cfc82e5adae1a50fbf144ec9bebbfbe9602930,https://dexscreener.com/robinhood/0x163982a1c382e0ff919d111884cfc82e5adae1a50fbf144ec9bebbfbe9602930,2026-09-02T20:34:12+00:00,4989.57,535.65,3,8,5.061e-06,v4
2026-09-06T06:19:30.962397+00:00,META,Meta Platforms • Robinhood Token,0xc0d6457c16cc70d6790dd43521c899c87ce02f35,https://robinhoodchain.blockscout.com/token/0xc0d6457c16cc70d6790dd43521c899c87ce02f35,METH,Metha,0xa909ca7343ec27f8d80256e8286752afa3fc6265,https://robinhoodchain.blockscout.com/token/0xa909ca7343ec27f8d80256e8286752afa3fc6265,uniswap,0xd26143df05968740fd2a16662bc0c88a44c0aae63ffd91363d076c4bc20b252a,https://dexscreener.com/robinhood/0xd26143df05968740fd2a16662bc0c88a44c0aae63ffd91363d076c4bc20b252a,2026-09-05T16:46:05+00:00,4987.9,254186.65,1393,1448,3.587e-06,v4
2026-09-06T06:18:29.955173+00:00,AAOI,Applied Optoelectronics • Robinhood Token,0x521cf887e6531c6f667b5bc4d896e5d9bfe8eb2e,https://robinhoodchain.blockscout.com/token/0x521cf887e6531c6f667b5bc4d896e5d9bfe8eb2e,OIAOIAOIA,OIAOIAOIA,0x4a6b62930c4519039fc8c7346d06f1f6d4bc2e01,https://robinhoodchain.blockscout.com/token/0x4a6b62930c4519039fc8c7346d06f1f6d4bc2e01,uniswap,0x182ae45ea3fdbac7cc2d493b5261403d8aa35d627077924ce451e1d192bbf300,https://dexscreener.com/robinhood/0x182ae45ea3fdbac7cc2d493b5261403d8aa35d627077924ce451e1d192bbf300,2026-09-02T04:28:00+00:00,4978.64,8.31,0,1,4.978e-06,v4
2026-09-06T06:19:33.646497+00:00,MRVL,Marvell Technology • Robinhood Token,0x62fd0668e10d8b72339be2dcf7643001688ff13b,https://robinhoodchain.blockscout.com/token/0x62fd0668e10d8b72339be2dcf7643001688ff13b,Spooderman,Spooderman,0xe09c52b51b98cfebca79c062df6381616f0d8a8d,https://robinhoodchain.blockscout.com/token/0xe09c52b51b98cfebca79c062df6381616f0d8a8d,uniswap,0x499b2a036d5833c5fc2b0bf2c66aaff38b60d8c31ed096b118de57af09447070,https://dexscreener.com/robinhood/0x499b2a036d5833c5fc2b0bf2c66aaff38b60d8c31ed096b118de57af09447070,2026-09-02T23:35:57+00:00,4960.12,37.83,0,1,2.888e-06,v4
2026-09-06T06:19:50.313486+00:00,PENG,Penguin Solutions • Robinhood Token,0x9b23573b156b52565012f5ce02cdf60afbaa70be,https://robinhoodchain.blockscout.com/token/0x9b23573b156b52565012f5ce02cdf60afbaa70be,PENG,Penguin,0x9934babc8293d1b6cbb6e52fb2f9ea632bab6001,https://robinhoodchain.blockscout.com/token/0x9934babc8293d1b6cbb6e52fb2f9ea632bab6001,uniswap,0x2cd6b4c9aa5a8dc46cfc917df190c562ca4d6a062ef791db08e4793025ac4ea6,https://dexscreener.com/robinhood/0x2cd6b4c9aa5a8dc46cfc917df190c562ca4d6a062ef791db08e4793025ac4ea6,2026-09-05T15:19:10+00:00,4955.57,7849.61,42,30,4.956e-06,v4
2026-09-06T06:19:17.154086+00:00,IBRX,"ImmunityBio, • Robinhood Token",0x7c148f74ac7445d1f28366b7fcdc6792a9fcd0cf,https://robinhoodchain.blockscout.com/token/0x7c148f74ac7445d1f28366b7fcdc6792a9fcd0cf,IC,Immunity Cat,0xa6b541ebe43de567b81dda55db9fc0cb0eadf201,https://robinhoodchain.blockscout.com/token/0xa6b541ebe43de567b81dda55db9fc0cb0eadf201,uniswap,0x4e5029794b4d17cca36dfb3ca7c1a0ba500cc4afe6c1ef9cbb64309ac9739b7c,https://dexscreener.com/robinhood/0x4e5029794b4d17cca36dfb3ca7c1a0ba500cc4afe6c1ef9cbb64309ac9739b7c,2026-09-01T07:45:48+00:00,4955.21,0.96,0,1,4.969e-06,v4
2026-09-06T06:19:50.313486+00:00,PENG,Penguin Solutions • Robinhood Token,0x9b23573b156b52565012f5ce02cdf60afbaa70be,https://robinhoodchain.blockscout.com/token/0x9b23573b156b52565012f5ce02cdf60afbaa70be,PENG,Penguin Solutions Inc.,0x696a8d5f6c9c7a82b2bfbe5ffb271bc8dba1b901,https://robinhoodchain.blockscout.com/token/0x696a8d5f6c9c7a82b2bfbe5ffb271bc8dba1b901,uniswap,0xcfa3cda7272a44fd1992be1848bce159501666c1397ece4757c5e2d1e7cfa97e,https://dexscreener.com/robinhood/0xcfa3cda7272a44fd1992be1848bce159501666c1397ece4757c5e2d1e7cfa97e,2026-09-05T03:44:14+00:00,4953.72,7.05,0,2,4.954e-06,v4
2026-09-06T06:20:06.895082+00:00,SMR,NuScale Power • Robinhood Token,0x1eebee7f74517e0279dfb09d25b0407beec3fdd6,https://robinhoodchain.blockscout.com/token/0x1eebee7f74517e0279dfb09d25b0407beec3fdd6,RA,rasmr,0x845820aeb7d3fccaa30520a1ad411e9c92cf8001,https://robinhoodchain.blockscout.com/token/0x845820aeb7d3fccaa30520a1ad411e9c92cf8001,uniswap,0x4ea356e255598c19b1b95670d7d1861ff9e5877e6ae31735f4030f4da42a534b,https://dexscreener.com/robinhood/0x4ea356e255598c19b1b95670d7d1861ff9e5877e6ae31735f4030f4da42a534b,2026-09-04T18:39:47+00:00,4939.29,170.49,2,2,4.948e-06,v4
2026-09-06T06:18:45.221065+00:00,BABA,Alibaba • Robinhood Token,0xad25ac6c84d497db898fa1e8387bf6af3532a1c4,https://robinhoodchain.blockscout.com/token/0xad25ac6c84d497db898fa1e8387bf6af3532a1c4,VLAD,Official Vlad,0xeccce9e7077bc28a99d67ec686e94dcd5ade25f1,https://robinhoodchain.blockscout.com/token/0xeccce9e7077bc28a99d67ec686e94dcd5ade25f1,uniswap,0xf292d2786feefed685643bc3ba080374d796fd81291ef76b779d84361d939b63,https://dexscreener.com/robinhood/0xf292d2786feefed685643bc3ba080374d796fd81291ef76b779d84361d939b63,2026-09-05T21:18:34+00:00,4930.02,144608.35,634,814,2.747e-06,v4
2026-09-06T06:18:29.955173+00:00,AAOI,Applied Optoelectronics • Robinhood Token,0x521cf887e6531c6f667b5bc4d896e5d9bfe8eb2e,https://robinhoodchain.blockscout.com/token/0x521cf887e6531c6f667b5bc4d896e5d9bfe8eb2e,OIIAOIIA,OIIAOIIA,0x17657fd30561b4bb5f2926b4030ede1449beb001,https://robinhoodchain.blockscout.com/token/0x17657fd30561b4bb5f2926b4030ede1449beb001,uniswap,0x9ab2daca6c6600025db1fb02204a9850dff150b7dec59e0ac90b532ffa71a3b6,https://dexscreener.com/robinhood/0x9ab2daca6c6600025db1fb02204a9850dff150b7dec59e0ac90b532ffa71a3b6,2026-09-02T20:49:27+00:00,4889.93,82.74,0,3,4.981e-06,v4
2026-09-06T06:19:06.605694+00:00,FLNC,Fluence Energy • Robinhood Token,0x282e87451e10fa6679bc7d76c69be44cd3fc777c,https://robinhoodchain.blockscout.com/token/0x282e87451e10fa6679bc7d76c69be44cd3fc777c,EEL,Grid Energy Storage Eel,0x87499ef3d56a298b1e52a0444f7a057d8a863601,https://robinhoodchain.blockscout.com/token/0x87499ef3d56a298b1e52a0444f7a057d8a863601,uniswap,0x5b4456865c6bdde8ec82234cd2f01bac1b102017208b2f8252df63c701a187fa,https://dexscreener.com/robinhood/0x5b4456865c6bdde8ec82234cd2f01bac1b102017208b2f8252df63c701a187fa,2026-08-31T21:17:04+00:00,4882.56,347.27,1,3,4.928e-06,v4
2026-09-06T06:18:55.423631+00:00,COST,Costco • Robinhood Token,0x4ea005168d7f09a7a0ba9d1def21a479950e44c2,https://robinhoodchain.blockscout.com/token/0x4ea005168d7f09a7a0ba9d1def21a479950e44c2,BUCK50,BUCK50,0xee83f8c286e11915c2e5fc9f4569217d892f7777,https://robinhoodchain.blockscout.com/token/0xee83f8c286e11915c2e5fc9f4569217d892f7777,uniswap,0xD48428055ee7d618880802C2123d5E27E0462c83,https://dexscreener.com/robinhood/0xd48428055ee7d618880802c2123d5e27e0462c83,2026-09-02T19:19:51+00:00,4871.99,22.52,0,1,2.975e-06,v2
2026-09-06T06:19:14.541277+00:00,HIMS,Hims & Hers Health • Robinhood Token,0xccee82fe024c36fa15e1005ede3e9e4787e23d09,https://robinhoodchain.blockscout.com/token/0xccee82fe024c36fa15e1005ede3e9e4787e23d09,HIMOTHY,Himothy,0x3ab003a98288a83bede126578741273b3e26d1b8,https://robinhoodchain.blockscout.com/token/0x3ab003a98288a83bede126578741273b3e26d1b8,uniswap,0x5e16ba535a23221e06c0c5f7bb505c0158ebe2f287f967f0de1973aaf82b3086,https://dexscreener.com/robinhood/0x5e16ba535a23221e06c0c5f7bb505c0158ebe2f287f967f0de1973aaf82b3086,2026-08-30T15:37:56+00:00,4865.07,111.74,0,3,2.868e-06,v4
2026-09-06T06:20:10.885968+00:00,TE,T1 Energy • Robinhood Token,0xb1969f6604ca1ae7a2cd3f1827876e914594ca2d,https://robinhoodchain.blockscout.com/token/0xb1969f6604ca1ae7a2cd3f1827876e914594ca2d,CA,CATE,0x7ac891815531272f35dab03ece887de5e705a701,https://robinhoodchain.blockscout.com/token/0x7ac891815531272f35dab03ece887de5e705a701,uniswap,0xe16a19d074696bb922470ce6f81d6a5e8deb205f1ba0a0f4bc99b692b577285f,https://dexscreener.com/robinhood/0xe16a19d074696bb922470ce6f81d6a5e8deb205f1ba0a0f4bc99b692b577285f,2026-09-03T17:55:49+00:00,4863.7,291.33,1,2,4.924e-06,v4
2026-09-06T06:19:30.962397+00:00,META,Meta Platforms • Robinhood Token,0xc0d6457c16cc70d6790dd43521c899c87ce02f35,https://robinhoodchain.blockscout.com/token/0xc0d6457c16cc70d6790dd43521c899c87ce02f35,DATA,DATA,0xa9cfde81993b5a5cf425560ffb923816ebaac655,https://robinhoodchain.blockscout.com/token/0xa9cfde81993b5a5cf425560ffb923816ebaac655,uniswap,0x94663c4685e57b58659801531b197b903e34dc7723ea7df955b19e3096ebeceb,https://dexscreener.com/robinhood/0x94663c4685e57b58659801531b197b903e34dc7723ea7df955b19e3096ebeceb,2026-09-01T04:29:24+00:00,4858.54,82.04,2,2,3.508e-06,v4
2026-09-06T06:20:06.080259+00:00,SMCI,Super Micro Computer • Robinhood Token,0xc01aa1fecec0605b13bc84874ff7256c0f5f562a,https://robinhoodchain.blockscout.com/token/0xc01aa1fecec0605b13bc84874ff7256c0f5f562a,SMCI,Super Memes Cryptocurrency Inc,0xba803708d0deef6216770c8f08ef6766f83a7501,https://robinhoodchain.blockscout.com/token/0xba803708d0deef6216770c8f08ef6766f83a7501,uniswap,0x19950bf80f5db40d14349973d032310adcfd06e4c44475e0e09e2647017f00e5,https://dexscreener.com/robinhood/0x19950bf80f5db40d14349973d032310adcfd06e4c44475e0e09e2647017f00e5,2026-09-05T06:26:09+00:00,4856.79,3876.7,20,17,4.868e-06,v4
2026-09-06T06:19:29.030901+00:00,LULU,Lululemon • Robinhood Token,0x4e62068525ab11fe768e29dfd00ef909b9803016,https://robinhoodchain.blockscout.com/token/0x4e62068525ab11fe768e29dfd00ef909b9803016,gymrat,gymrat,0x6c48c5a2804cfa38eff9f70a26b04b7cee2c7b6d,https://robinhoodchain.blockscout.com/token/0x6c48c5a2804cfa38eff9f70a26b04b7cee2c7b6d,uniswap,0xe34013770243509be6072a76975c8eb8329a13ac503b9924ba2bfb187c90710c,https://dexscreener.com/robinhood/0xe34013770243509be6072a76975c8eb8329a13ac503b9924ba2bfb187c90710c,2026-09-05T19:32:02+00:00,4848.51,165371.32,925,790,3.265e-06,v4
2026-09-06T06:19:08.875899+00:00,FUTU,Futu Holdings • Robinhood Token,0xeb30663bdff0622ef4e4e5cbb4e975f19f33f51d,https://robinhoodchain.blockscout.com/token/0xeb30663bdff0622ef4e4e5cbb4e975f19f33f51d,キャジラ,Catzilla,0xd9f59e399941e377f8ec33405bde522f7fc75901,https://robinhoodchain.blockscout.com/token/0xd9f59e399941e377f8ec33405bde522f7fc75901,uniswap,0x71766aca9935626260508418ccc54fa8c49536af7c2061df005d22a68495b241,https://dexscreener.com/robinhood/0x71766aca9935626260508418ccc54fa8c49536af7c2061df005d22a68495b241,2026-09-05T17:23:30+00:00,4841.53,967.36,6,4,4.862e-06,v4
2026-09-06T06:18:54.926065+00:00,COIN,Coinbase • Robinhood Token,0x6330d8c3178a418788df01a47479c0ce7ccf450b,https://robinhoodchain.blockscout.com/token/0x6330d8c3178a418788df01a47479c0ce7ccf450b,ZOIN,ZOINBASE,0xa2109d28e60ec79cff2a6f2dc15d228320cb9364,https://robinhoodchain.blockscout.com/token/0xa2109d28e60ec79cff2a6f2dc15d228320cb9364,uniswap,0x311970f00a363084295803c450fba49c58bc7a0d159efcf60f1198ee17f85f99,https://dexscreener.com/robinhood/0x311970f00a363084295803c450fba49c58bc7a0d159efcf60f1198ee17f85f99,2026-09-02T22:37:21+00:00,4836.75,0.04,0,1,2.816e-06,v4
2026-09-06T06:20:08.648016+00:00,SNOW,Snowflake • Robinhood Token,0xba0cab75495255d0cb58e22b648bfed4ecd1f47e,https://robinhoodchain.blockscout.com/token/0xba0cab75495255d0cb58e22b648bfed4ecd1f47e,COCAINE,Cocaine Bear,0xb8d03bd34cf78283f653e07ea6e4a92851e83e01,https://robinhoodchain.blockscout.com/token/0xb8d03bd34cf78283f653e07ea6e4a92851e83e01,uniswap,0xe8ff560fb87f27349d08d881ffad82a342b8c4891d8864497abb875f3e03b479,https://dexscreener.com/robinhood/0xe8ff560fb87f27349d08d881ffad82a342b8c4891d8864497abb875f3e03b479,2026-09-03T04:11:56+00:00,4812.01,2957.25,8,21,4.829e-06,v4
2026-09-06T06:20:04.904459+00:00,SKHY,SK hynix Inc. American Depositary Shares • Robinhood Token,0x84cab63bc87912e71ad199ff14a0ba45de68fef8,https://robinhoodchain.blockscout.com/token/0x84cab63bc87912e71ad199ff14a0ba45de68fef8,PIPPO,pippo,0x5403a737c2b64595f4d13b30884016f034bf9f9f,https://robinhoodchain.blockscout.com/token/0x5403a737c2b64595f4d13b30884016f034bf9f9f,uniswap,0xbadba84f3547ebcc8a3e7a6d21f704227de11bbecf265c50818f8642acf00dc8,https://dexscreener.com/robinhood/0xbadba84f3547ebcc8a3e7a6d21f704227de11bbecf265c50818f8642acf00dc8,2026-09-02T12:07:25+00:00,4800.64,45.43,0,1,2.62e-06,v4
2026-09-06T06:19:02.689816+00:00,ELF,e.l.f. Beauty • Robinhood Token,0x39ec44bee4f6a116c6f9b8de566848a985c53c60,https://robinhoodchain.blockscout.com/token/0x39ec44bee4f6a116c6f9b8de566848a985c53c60,MAXXING,LooksMaxxing,0x6cc2facf78247220bf73da6822af4400da790801,https://robinhoodchain.blockscout.com/token/0x6cc2facf78247220bf73da6822af4400da790801,uniswap,0xeb357b814ea64efb4fa461d709d205d719b696e5a65c7a540974669dcc875c67,https://dexscreener.com/robinhood/0xeb357b814ea64efb4fa461d709d205d719b696e5a65c7a540974669dcc875c67,2026-09-02T21:14:20+00:00,4770.49,26.71,0,2,4.804e-06,v4
2026-09-06T06:20:09.765906+00:00,SOUN,SoundHound AI • Robinhood Token,0x6e3dfd9f7e1649baa14d25cac18c94d62db10a54,https://robinhoodchain.blockscout.com/token/0x6e3dfd9f7e1649baa14d25cac18c94d62db10a54,HOWL,Howl,0xbb78cb5aea954fea33317ec2082521430790658d,https://robinhoodchain.blockscout.com/token/0xbb78cb5aea954fea33317ec2082521430790658d,uniswap,0x053edd1baa6d7120f6c6d8641643e8ae78dd2b6e8b4dd0002071cd55df11c382,https://dexscreener.com/robinhood/0x053edd1baa6d7120f6c6d8641643e8ae78dd2b6e8b4dd0002071cd55df11c382,2026-09-05T10:08:57+00:00,4759.4,1490.52,13,12,4.759e-06,v4
2026-09-06T06:19:33.012710+00:00,MRNA,Moderna • Robinhood Token,0x43b07d15ce533bec5476d70c22a78a1b2b662155,https://robinhoodchain.blockscout.com/token/0x43b07d15ce533bec5476d70c22a78a1b2b662155,RFK,RFK JR,0x7034b754f60a58f89455b4b9b0a72aa94a95a301,https://robinhoodchain.blockscout.com/token/0x7034b754f60a58f89455b4b9b0a72aa94a95a301,uniswap,0xf1208cb1fc3be994d89f6048eeac7a17406feb3ce8aea1fbfdc9b3220491d1fc,https://dexscreener.com/robinhood/0xf1208cb1fc3be994d89f6048eeac7a17406feb3ce8aea1fbfdc9b3220491d1fc,2026-09-02T19:10:30+00:00,4752.92,99.49,0,1,4.764e-06,v4
2026-09-06T06:19:45.048778+00:00,ON,ON Semiconductor • Robinhood Token,0xbbd09f72b025360fee5c928053dca6248d35be54,https://robinhoodchain.blockscout.com/token/0xbbd09f72b025360fee5c928053dca6248d35be54,MO,MOON,0xf667508bf03f91833811af57bef0174c23c97401,https://robinhoodchain.blockscout.com/token/0xf667508bf03f91833811af57bef0174c23c97401,uniswap,0x2b153f887355b2bcb49bd473c0aedc33e108f5bdcde59343e7577efe9bfc61d4,https://dexscreener.com/robinhood/0x2b153f887355b2bcb49bd473c0aedc33e108f5bdcde59343e7577efe9bfc61d4,2026-09-02T21:18:26+00:00,4744.03,10.29,0,1,4.786e-06,v4
2026-09-06T06:19:38.832169+00:00,NET,"Cloudflare, Inc. Class A common stock • Robinhood Token",0x116f00968269b7bfbad4109ce591d6e74c0601d4,https://robinhoodchain.blockscout.com/token/0x116f00968269b7bfbad4109ce591d6e74c0601d4,SHROOM,MUSHROOM,0xab093def657f15df31b33922a95e047add645b29,https://robinhoodchain.blockscout.com/token/0xab093def657f15df31b33922a95e047add645b29,uniswap,0xefe10b299ba09aaaabaa724667bf1895da12f8c1f1b200aafd3c8d430a675b63,https://dexscreener.com/robinhood/0xefe10b299ba09aaaabaa724667bf1895da12f8c1f1b200aafd3c8d430a675b63,2026-09-03T03:51:41+00:00,4743.17,0.29,0,1,4749.34,v4
2026-09-06T06:20:02.280731+00:00,RKLB,Rocket Lab Corporation • Robinhood Token,0x3b14c39e89d60d627b42a1a4ca45b5bb45fc12e2,https://robinhoodchain.blockscout.com/token/0x3b14c39e89d60d627b42a1a4ca45b5bb45fc12e2,MOONCOIN,MOONCOIN,0x4261a769a9144afff33ff4d90f0ccbd3d7872701,https://robinhoodchain.blockscout.com/token/0x4261a769a9144afff33ff4d90f0ccbd3d7872701,uniswap,0xf0554af0dabbaf3514b6159303d2381847d04890ed5059c920d757087897ea8d,https://dexscreener.com/robinhood/0xf0554af0dabbaf3514b6159303d2381847d04890ed5059c920d757087897ea8d,2026-09-02T16:21:19+00:00,4740.95,12.45,0,2,4.771e-06,v4
2026-09-06T06:19:09.754091+00:00,GE,General Electric • Robinhood Token,0x63b814ddbd6bf339f25fed8c36158a008d5b373e,https://robinhoodchain.blockscout.com/token/0x63b814ddbd6bf339f25fed8c36158a008d5b373e,RA,Rage Guy,0x2805de16d80c918b04e3ea0ad708ac8ad45d1c01,https://robinhoodchain.blockscout.com/token/0x2805de16d80c918b04e3ea0ad708ac8ad45d1c01,uniswap,0x1785d6894ca4349b3094dca2052c284caf78157c7944b7b05f0b1df873e8e12c,https://dexscreener.com/robinhood/0x1785d6894ca4349b3094dca2052c284caf78157c7944b7b05f0b1df873e8e12c,2026-09-03T20:39:26+00:00,4685.55,235.21,0,4,4.713e-06,v4
2026-09-06T06:19:00.123943+00:00,CVNA,Carvana • Robinhood Token,0xa4f319104089fe321dc8093c6e707d4fe190a988,https://robinhoodchain.blockscout.com/token/0xa4f319104089fe321dc8093c6e707d4fe190a988,WEN,Wen Lambo,0x556976760a05ae492cbf2d06e43ab5f0b87eb601,https://robinhoodchain.blockscout.com/token/0x556976760a05ae492cbf2d06e43ab5f0b87eb601,uniswap,0xe046be3bce68bebd34de3cb337147cac381f370b752fa41b70ab081732dd3b50,https://dexscreener.com/robinhood/0xe046be3bce68bebd34de3cb337147cac381f370b752fa41b70ab081732dd3b50,2026-09-02T21:30:47+00:00,4662.03,115.88,0,2,4.694e-06,v4
2026-09-06T06:19:30.962397+00:00,META,Meta Platforms • Robinhood Token,0xc0d6457c16cc70d6790dd43521c899c87ce02f35,https://robinhoodchain.blockscout.com/token/0xc0d6457c16cc70d6790dd43521c899c87ce02f35,METALLAMA,Meta Llama,0x281abc574220a83cd5c64f5f86525c1f39ffbc02,https://robinhoodchain.blockscout.com/token/0x281abc574220a83cd5c64f5f86525c1f39ffbc02,uniswap,0xfca44835e04bd35b67ebdc582b9c6de8c90f3f047fbbd712b8ec167eeca25e80,https://dexscreener.com/robinhood/0xfca44835e04bd35b67ebdc582b9c6de8c90f3f047fbbd712b8ec167eeca25e80,2026-08-31T15:14:45+00:00,4661.57,9.7,0,4,3.133e-06,v4
2026-09-06T06:19:07.510029+00:00,FLY,Firefly Aerospace Inc. • Robinhood Token,0x03bc731ffb162cdd7b98d3c6542bfc291126075d,https://robinhoodchain.blockscout.com/token/0x03bc731ffb162cdd7b98d3c6542bfc291126075d,FLY,This will,0x59b0e183d473f4e9dee6a3e6df81815f4c6b7001,https://robinhoodchain.blockscout.com/token/0x59b0e183d473f4e9dee6a3e6df81815f4c6b7001,uniswap,0x1abc000c5e93158bcf1ec9ed18e830d6549a2d43dee937edf8da3fa1b519ae38,https://dexscreener.com/robinhood/0x1abc000c5e93158bcf1ec9ed18e830d6549a2d43dee937edf8da3fa1b519ae38,2026-09-02T18:05:26+00:00,4658.83,85.04,0,3,4.675e-06,v4
2026-09-06T06:19:46.455443+00:00,ORCL,Oracle • Robinhood Token,0xb0992820e760d836549ba69bc7598b4af75dee03,https://robinhoodchain.blockscout.com/token/0xb0992820e760d836549ba69bc7598b4af75dee03,ORCL,Once Rich Currently Liquidated,0xa24289436b50739544139dea451eba6d8bcf5f01,https://robinhoodchain.blockscout.com/token/0xa24289436b50739544139dea451eba6d8bcf5f01,uniswap,0xa2ecd3b5a4d3a7a974a3c2816e895b7f29822d3176a03aedecb4da3a760757d9,https://dexscreener.com/robinhood/0xa2ecd3b5a4d3a7a974a3c2816e895b7f29822d3176a03aedecb4da3a760757d9,2026-09-06T02:48:11+00:00,4655.77,1683.53,8,5,4.658e-06,v4
2026-09-06T06:19:06.605694+00:00,FLNC,Fluence Energy • Robinhood Token,0x282e87451e10fa6679bc7d76c69be44cd3fc777c,https://robinhoodchain.blockscout.com/token/0x282e87451e10fa6679bc7d76c69be44cd3fc777c,FLNC,Fluence Energy,0xf8a959cd3e5bbccd124ee28c118d2cdab7035901,https://robinhoodchain.blockscout.com/token/0xf8a959cd3e5bbccd124ee28c118d2cdab7035901,uniswap,0x6f5763a4459f3a788f3cba43abde2422eb52338b4540009b2a6b48114d253f10,https://dexscreener.com/robinhood/0x6f5763a4459f3a788f3cba43abde2422eb52338b4540009b2a6b48114d253f10,2026-09-05T10:08:03+00:00,4651.2,30889.5,85,60,4.654e-06,v4
2026-09-06T06:18:45.221065+00:00,BABA,Alibaba • Robinhood Token,0xad25ac6c84d497db898fa1e8387bf6af3532a1c4,https://robinhoodchain.blockscout.com/token/0xad25ac6c84d497db898fa1e8387bf6af3532a1c4,LARP,LARP,0x027a7c97d456765bcdd4ab011a36de4e7933eb01,https://robinhoodchain.blockscout.com/token/0x027a7c97d456765bcdd4ab011a36de4e7933eb01,uniswap,0x49b695772adec68caced3cd1df1469789541e5f0e4f83a5f2c58f270bee0249c,https://dexscreener.com/robinhood/0x49b695772adec68caced3cd1df1469789541e5f0e4f83a5f2c58f270bee0249c,2026-09-03T15:39:31+00:00,4638.69,186.65,1,5,4.654e-06,v4
2026-09-06T06:19:30.962397+00:00,META,Meta Platforms • Robinhood Token,0xc0d6457c16cc70d6790dd43521c899c87ce02f35,https://robinhoodchain.blockscout.com/token/0xc0d6457c16cc70d6790dd43521c899c87ce02f35,BASIC,Basic Coin,0xeb918e279594ad9b084743f9422e5000405a7f7b,https://robinhoodchain.blockscout.com/token/0xeb918e279594ad9b084743f9422e5000405a7f7b,uniswap,0x75de354c735b06dddfd7ace687e9c89657cbb5ed181bb1d0c541d6d4bd480686,https://dexscreener.com/robinhood/0x75de354c735b06dddfd7ace687e9c89657cbb5ed181bb1d0c541d6d4bd480686,2026-09-06T02:10:15+00:00,4624.08,36345.32,250,258,3.082e-06,v4
2026-09-06T06:19:45.048778+00:00,ON,ON Semiconductor • Robinhood Token,0xbbd09f72b025360fee5c928053dca6248d35be54,https://robinhoodchain.blockscout.com/token/0xbbd09f72b025360fee5c928053dca6248d35be54,IT'S ON,IT'S ON,0x78e026040673ddf50f80219a838736b5a4e64501,https://robinhoodchain.blockscout.com/token/0x78e026040673ddf50f80219a838736b5a4e64501,uniswap,0x55e01cbbe52fe0e23f694e5a3110eebe220d4de594d09bf33f296970f5d87524,https://dexscreener.com/robinhood/0x55e01cbbe52fe0e23f694e5a3110eebe220d4de594d09bf33f296970f5d87524,2026-09-02T20:04:48+00:00,4617.5,20.86,0,1,4.647e-06,v4
2026-09-06T06:19:48.021396+00:00,P,Everpure • Robinhood Token,0x1cdad396db64bda184d5182a97dd9b3c62100b7d,https://robinhoodchain.blockscout.com/token/0x1cdad396db64bda184d5182a97dd9b3c62100b7d,🅿️,Pushin' 🅿️,0x2af9240471a5c1dc170cdd498ac0a9aca3228801,https://robinhoodchain.blockscout.com/token/0x2af9240471a5c1dc170cdd498ac0a9aca3228801,uniswap,0xc427192b93b25f61b8dcd9694afa6c381be41a20afd9a8f209ff6888690bd422,https://dexscreener.com/robinhood/0xc427192b93b25f61b8dcd9694afa6c381be41a20afd9a8f209ff6888690bd422,2026-09-06T04:48:05+00:00,4611.28,492.95,3,1,4.625e-06,v4
2026-09-06T06:19:46.455443+00:00,ORCL,Oracle • Robinhood Token,0xb0992820e760d836549ba69bc7598b4af75dee03,https://robinhoodchain.blockscout.com/token/0xb0992820e760d836549ba69bc7598b4af75dee03,JERK,JERK ORACLE,0x28f12ab5a8d3973069017fca0529180a3deb9401,https://robinhoodchain.blockscout.com/token/0x28f12ab5a8d3973069017fca0529180a3deb9401,uniswap,0x8e4e8f8aa06947c821f9aca3150bbd0a88e14c62f9f31f79dba648091a4ef87b,https://dexscreener.com/robinhood/0x8e4e8f8aa06947c821f9aca3150bbd0a88e14c62f9f31f79dba648091a4ef87b,2026-09-04T02:20:13+00:00,4569.61,577.97,0,6,4.571e-06,v4
2026-09-06T06:20:18.514194+00:00,UPS,UPS • Robinhood Token,0xf23250dac154d05bb671cb0d0ebef3c635c79ce2,https://robinhoodchain.blockscout.com/token/0xf23250dac154d05bb671cb0d0ebef3c635c79ce2,OOPS,Sorry We Missed You,0x96de27daa8ef3acc45e2a813c0b9d39288c0ab01,https://robinhoodchain.blockscout.com/token/0x96de27daa8ef3acc45e2a813c0b9d39288c0ab01,uniswap,0x29153be5ef237bd2edb2e3e71361a18e35d8d0dd156c7ff2216ec9db5cfd465b,https://dexscreener.com/robinhood/0x29153be5ef237bd2edb2e3e71361a18e35d8d0dd156c7ff2216ec9db5cfd465b,2026-09-03T20:33:03+00:00,4567.81,77.61,0,2,4.582e-06,v4
2026-09-06T06:19:52.459864+00:00,PLTR,Palantir Technologies • Robinhood Token,0x894e1ec2d74ffe5aef8dc8a9e84686accb964f2a,https://robinhoodchain.blockscout.com/token/0x894e1ec2d74ffe5aef8dc8a9e84686accb964f2a,GODSEYE,God's Eye,0x9ec4e3dda5844137af25cb122bf10d7f0b824339,https://robinhoodchain.blockscout.com/token/0x9ec4e3dda5844137af25cb122bf10d7f0b824339,uniswap,0x8ec616767e6ce2c3a796394df8e1c3bce59f6d57a6f8cfc4b1842b66dd56ee49,https://dexscreener.com/robinhood/0x8ec616767e6ce2c3a796394df8e1c3bce59f6d57a6f8cfc4b1842b66dd56ee49,2026-09-05T21:19:06+00:00,4567.66,73408.69,314,376,2.989e-06,v4
2026-09-06T06:19:24.044470+00:00,KSS,Kohls Corporation • Robinhood Token,0x12e3c047bf9aecaf9ddc98c05c31bfd1dd043993,https://robinhoodchain.blockscout.com/token/0x12e3c047bf9aecaf9ddc98c05c31bfd1dd043993,CASH,Kohls Cash,0xd888df9b5b21589ac8425edb6ff66db30b136401,https://robinhoodchain.blockscout.com/token/0xd888df9b5b21589ac8425edb6ff66db30b136401,uniswap,0x472d46052e0a9dbbe02fdf597d31b289d2f44808cb6557e670610a0405ca760a,https://dexscreener.com/robinhood/0x472d46052e0a9dbbe02fdf597d31b289d2f44808cb6557e670610a0405ca760a,2026-09-04T20:11:59+00:00,4562.29,105.69,1,3,4.564e-06,v4
2026-09-06T06:20:22.736294+00:00,WDAY,Workday • Robinhood Token,0x82da4646242e1d962e96e932269dc644c94a9caa,https://robinhoodchain.blockscout.com/token/0x82da4646242e1d962e96e932269dc644c94a9caa,WAGIE ,WAGIE ,0xc33ae4ceb625585752409aed7ac7476f19f0d001,https://robinhoodchain.blockscout.com/token/0xc33ae4ceb625585752409aed7ac7476f19f0d001,uniswap,0xb01804ec8dce4c51c8e93d81bca43cfd37ba1246ae665fcdcda97982ac3780e5,https://dexscreener.com/robinhood/0xb01804ec8dce4c51c8e93d81bca43cfd37ba1246ae665fcdcda97982ac3780e5,2026-09-02T22:14:43+00:00,4560.01,51.48,0,1,4.573e-06,v4
2026-09-06T06:18:31.678557+00:00,ADBE,Adobe • Robinhood Token,0x232b8ed6377be97813853b0ac104c4cda8378d1b,https://robinhoodchain.blockscout.com/token/0x232b8ed6377be97813853b0ac104c4cda8378d1b,Artcoin,Artcoin,0x1c91158b08c245340a94d8e091b8cd3b452fb101,https://robinhoodchain.blockscout.com/token/0x1c91158b08c245340a94d8e091b8cd3b452fb101,uniswap,0x04e49b746eabc55c186187e221b4bb6eab943e6fc01c1e8be9851ddb7d0d6560,https://dexscreener.com/robinhood/0x04e49b746eabc55c186187e221b4bb6eab943e6fc01c1e8be9851ddb7d0d6560,2026-08-31T20:53:46+00:00,4544.19,209.66,0,2,4.558e-06,v4
2026-09-06T06:18:45.221065+00:00,BABA,Alibaba • Robinhood Token,0xad25ac6c84d497db898fa1e8387bf6af3532a1c4,https://robinhoodchain.blockscout.com/token/0xad25ac6c84d497db898fa1e8387bf6af3532a1c4,LARP,LARP,0xa8d7b77b745d9be4ef3a4b98d3d7275b10196001,https://robinhoodchain.blockscout.com/token/0xa8d7b77b745d9be4ef3a4b98d3d7275b10196001,uniswap,0x5873be81dc3044f7ca8c0ff6e73ea67a17e207a1959169f59077ccb423d9ee09,https://dexscreener.com/robinhood/0x5873be81dc3044f7ca8c0ff6e73ea67a17e207a1959169f59077ccb423d9ee09,2026-09-04T18:48:21+00:00,4542.26,377.41,0,9,4.55e-06,v4
2026-09-06T06:19:45.048778+00:00,ON,ON Semiconductor • Robinhood Token,0xbbd09f72b025360fee5c928053dca6248d35be54,https://robinhoodchain.blockscout.com/token/0xbbd09f72b025360fee5c928053dca6248d35be54,GO,You must,0x9faa6e3b97a23d4dd8c37e448060d9d17fede801,https://robinhoodchain.blockscout.com/token/0x9faa6e3b97a23d4dd8c37e448060d9d17fede801,uniswap,0x6210018b5323f8cd30dcaffbd838fd9584eedf02738bd400a1f34f7782bb1aff,https://dexscreener.com/robinhood/0x6210018b5323f8cd30dcaffbd838fd9584eedf02738bd400a1f34f7782bb1aff,2026-09-05T12:09:02+00:00,4541.02,45377.94,274,240,4.564e-06,v4
2026-09-06T06:19:58.013138+00:00,RBLX,Roblox • Robinhood Token,0xf0c4bf4c582cb3836e98394b1d4e7b7281101be8,https://robinhoodchain.blockscout.com/token/0xf0c4bf4c582cb3836e98394b1d4e7b7281101be8,OOF,OOF,0x75c4eeaeeb193d0e40d60f2bf3f26fca429f9181,https://robinhoodchain.blockscout.com/token/0x75c4eeaeeb193d0e40d60f2bf3f26fca429f9181,uniswap,0xc3e964117eab96acd7d7552606613889b338ba9e3687ce4e53a2571cca6cd745,https://dexscreener.com/robinhood/0xc3e964117eab96acd7d7552606613889b338ba9e3687ce4e53a2571cca6cd745,2026-08-31T17:48:49+00:00,4525.54,47.82,1,1,4.59e-06,v4
2026-09-06T06:20:06.080259+00:00,SMCI,Super Micro Computer • Robinhood Token,0xc01aa1fecec0605b13bc84874ff7256c0f5f562a,https://robinhoodchain.blockscout.com/token/0xc01aa1fecec0605b13bc84874ff7256c0f5f562a,SMCI,SUPER MEME COIN INC,0x69c370acd205ad816212575605d05709a1dfa101,https://robinhoodchain.blockscout.com/token/0x69c370acd205ad816212575605d05709a1dfa101,uniswap,0x60450eb8633aabd3edbe7f113e73a6c55f3a089117fb8004b23eed9f674ab9d1,https://dexscreener.com/robinhood/0x60450eb8633aabd3edbe7f113e73a6c55f3a089117fb8004b23eed9f674ab9d1,2026-09-04T08:23:19+00:00,4504.67,59.41,0,3,4.505e-06,v4
2026-09-06T06:19:03.182999+00:00,F,Ford Motor • Robinhood Token,0x25c288e6d899b9bc30160965ad9644c67e73be0c,https://robinhoodchain.blockscout.com/token/0x25c288e6d899b9bc30160965ad9644c67e73be0c,NUCLEON,The Ford Nucleon,0x9d20ff8c16df3c40852eb81a4972ca3f30803a01,https://robinhoodchain.blockscout.com/token/0x9d20ff8c16df3c40852eb81a4972ca3f30803a01,uniswap,0x89355eeb9febc5a36c4d35431c0dd2db1e6650e8060607ca31c75ab457c9ea94,https://dexscreener.com/robinhood/0x89355eeb9febc5a36c4d35431c0dd2db1e6650e8060607ca31c75ab457c9ea94,2026-09-03T23:25:14+00:00,4497.31,46.34,0,2,4.498e-06,v4
2026-09-06T06:19:42.060578+00:00,NU,Nu • Robinhood Token,0x408c14038a04f7bd235329e26d2bf569ee20e250,https://robinhoodchain.blockscout.com/token/0x408c14038a04f7bd235329e26d2bf569ee20e250,T,nut coin,0x7c7195cc3054e0061e6f242498b53dc04d3d7a0a,https://robinhoodchain.blockscout.com/token/0x7c7195cc3054e0061e6f242498b53dc04d3d7a0a,uniswap,0x46d66283e7e22d08ccd0331d84e4b4fc3ef902f28708636b08a95599aee59ec8,https://dexscreener.com/robinhood/0x46d66283e7e22d08ccd0331d84e4b4fc3ef902f28708636b08a95599aee59ec8,2026-09-04T16:53:57+00:00,4495.48,1.64,0,1,2.451e-06,v4
2026-09-06T06:18:31.678557+00:00,ADBE,Adobe • Robinhood Token,0x232b8ed6377be97813853b0ac104c4cda8378d1b,https://robinhoodchain.blockscout.com/token/0x232b8ed6377be97813853b0ac104c4cda8378d1b,StockCat,StockCat,0x819e01ecf90e183803bd35e1f1ec0303c797f101,https://robinhoodchain.blockscout.com/token/0x819e01ecf90e183803bd35e1f1ec0303c797f101,uniswap,0x6aac74d39f1f8af4b3b2a92b75de713cff21d12237ac29078efeada27ce4273e,https://dexscreener.com/robinhood/0x6aac74d39f1f8af4b3b2a92b75de713cff21d12237ac29078efeada27ce4273e,2026-09-03T03:59:31+00:00,4495.37,7.99,0,1,4.54e-06,v4
2026-09-06T06:19:26.891455+00:00,LLY,Eli Lilly • Robinhood Token,0x8005d266423c7ea827372c9c864491e5786600ea,https://robinhoodchain.blockscout.com/token/0x8005d266423c7ea827372c9c864491e5786600ea,SCHIZO,SCHIZO COIN,0xd7f22d909aae9e8abc79d4f4b23b93c830dc5405,https://robinhoodchain.blockscout.com/token/0xd7f22d909aae9e8abc79d4f4b23b93c830dc5405,uniswap,0x9e2bd80edd2aca5007beba2e5b5e05e7d8789d512e7f916d4a690f8f0e3f19cc,https://dexscreener.com/robinhood/0x9e2bd80edd2aca5007beba2e5b5e05e7d8789d512e7f916d4a690f8f0e3f19cc,2026-09-03T20:47:14+00:00,4493.99,12.24,0,1,2.484e-06,v4
2026-09-06T06:18:38.984340+00:00,APP,AppLovin • Robinhood Token,0xa249baf1063af884807c1e1400aef7784836917e,https://robinhoodchain.blockscout.com/token/0xa249baf1063af884807c1e1400aef7784836917e,REDGEM,I Am Rich,0x1c769f7c93a4a6c6ca352ef8ec5f27f1b462a401,https://robinhoodchain.blockscout.com/token/0x1c769f7c93a4a6c6ca352ef8ec5f27f1b462a401,uniswap,0x62a2fdf78e2817df6f2bd3d186cb43a8c1c5f2fa9b7ea455d8faf8fa2917c341,https://dexscreener.com/robinhood/0x62a2fdf78e2817df6f2bd3d186cb43a8c1c5f2fa9b7ea455d8faf8fa2917c341,2026-09-03T09:08:40+00:00,4493.54,6.8,0,2,4.495e-06,v4
2026-09-06T06:18:40.399422+00:00,ASTS,AST SpaceMobile • Robinhood Token,0x1af6446f07eb1d97c546afc8c9544cbdf3ad5137,https://robinhoodchain.blockscout.com/token/0x1af6446f07eb1d97c546afc8c9544cbdf3ad5137,Sp🅰️ceMob,Sp🅰️ceMob,0xf6768ed1d6649992410a3aa0718b9b97c838da01,https://robinhoodchain.blockscout.com/token/0xf6768ed1d6649992410a3aa0718b9b97c838da01,uniswap,0x2ed7390fb40f98a3363a669ce169ce54feeec4338924379d86f0b21bd340d331,https://dexscreener.com/robinhood/0x2ed7390fb40f98a3363a669ce169ce54feeec4338924379d86f0b21bd340d331,2026-09-02T21:56:14+00:00,4489.44,221.47,0,7,4.492e-06,v4
2026-09-06T06:19:09.754091+00:00,GE,General Electric • Robinhood Token,0x63b814ddbd6bf339f25fed8c36158a008d5b373e,https://robinhoodchain.blockscout.com/token/0x63b814ddbd6bf339f25fed8c36158a008d5b373e,DO,DOGE,0x6e78e102bccde7c81918478f5206c59d0cf5f501,https://robinhoodchain.blockscout.com/token/0x6e78e102bccde7c81918478f5206c59d0cf5f501,uniswap,0x5683aafb50e2bdb81dc1106702c9a2c1a03a924d1bae2af5fdfbd72fbd972586,https://dexscreener.com/robinhood/0x5683aafb50e2bdb81dc1106702c9a2c1a03a924d1bae2af5fdfbd72fbd972586,2026-09-03T00:18:09+00:00,4485.89,15.33,0,1,4.503e-06,v4
2026-09-06T06:18:40.399422+00:00,ASTS,AST SpaceMobile • Robinhood Token,0x1af6446f07eb1d97c546afc8c9544cbdf3ad5137,https://robinhoodchain.blockscout.com/token/0x1af6446f07eb1d97c546afc8c9544cbdf3ad5137,memestock,memestock,0x714cc89f3cd2fd37a0b86819d219f59dae958301,https://robinhoodchain.blockscout.com/token/0x714cc89f3cd2fd37a0b86819d219f59dae958301,uniswap,0xa5f651f9fd110f95b4dec76764f7dc512b18c77068b4898281cb44e0a2cf6d1a,https://dexscreener.com/robinhood/0xa5f651f9fd110f95b4dec76764f7dc512b18c77068b4898281cb44e0a2cf6d1a,2026-09-04T23:40:29+00:00,4482.47,592.2,2,11,4.485e-06,v4
2026-09-06T06:19:45.048778+00:00,ON,ON Semiconductor • Robinhood Token,0xbbd09f72b025360fee5c928053dca6248d35be54,https://robinhoodchain.blockscout.com/token/0xbbd09f72b025360fee5c928053dca6248d35be54,BIKETYS,Bike Tyson,0x5da9af096c28ac07a23c38a32b6869bfb455ac01,https://robinhoodchain.blockscout.com/token/0x5da9af096c28ac07a23c38a32b6869bfb455ac01,uniswap,0x9605067c3fa86a20c981b60004355e76ec87f5af4d418256db3343302ed2444b,https://dexscreener.com/robinhood/0x9605067c3fa86a20c981b60004355e76ec87f5af4d418256db3343302ed2444b,2026-09-03T20:09:07+00:00,4477.41,78.27,0,1,4.496e-06,v4
2026-09-06T06:20:03.225696+00:00,RUN,Sunrun • Robinhood Token,0x756bc80af765c82da966a788858d65adf14f3793,https://robinhoodchain.blockscout.com/token/0x756bc80af765c82da966a788858d65adf14f3793,RUNNER,RUNNER OF THE DAY,0xcab5732712d917c09c2287a26c767acb902dea01,https://robinhoodchain.blockscout.com/token/0xcab5732712d917c09c2287a26c767acb902dea01,uniswap,0x07415cb2698be680d509f2429b68e27a6ad046872c10c2bdc69d4b75b9601db8,https://dexscreener.com/robinhood/0x07415cb2698be680d509f2429b68e27a6ad046872c10c2bdc69d4b75b9601db8,2026-09-02T19:47:18+00:00,4477.11,132.21,0,1,4.486e-06,v4
2026-09-06T06:18:46.378627+00:00,BE,Bloom Energy • Robinhood Token,0x822cc93ffd030293e9842c30bbd678f530701867,https://robinhoodchain.blockscout.com/token/0x822cc93ffd030293e9842c30bbd678f530701867,LU,LUBE,0xd212ec0ea53b60bb8fa786a61fdbddd406c6e00c,https://robinhoodchain.blockscout.com/token/0xd212ec0ea53b60bb8fa786a61fdbddd406c6e00c,uniswap,0x97dd01c6db77eb29b3b978bf572e99d382794acd229b489da7544ed097ef9659,https://dexscreener.com/robinhood/0x97dd01c6db77eb29b3b978bf572e99d382794acd229b489da7544ed097ef9659,2026-09-03T22:30:34+00:00,4476.58,53.75,0,3,4.496e-06,v4
2026-09-06T06:20:03.225696+00:00,RUN,Sunrun • Robinhood Token,0x756bc80af765c82da966a788858d65adf14f3793,https://robinhoodchain.blockscout.com/token/0x756bc80af765c82da966a788858d65adf14f3793,SONIC,The Runner,0xf478e8b90a36cf3897d06ee9f18568b2642dcc01,https://robinhoodchain.blockscout.com/token/0xf478e8b90a36cf3897d06ee9f18568b2642dcc01,uniswap,0x5c7985ec78ab661c9fa1bf47a6ed9a7ceed68360195d804a0fb0b811e5e69f2a,https://dexscreener.com/robinhood/0x5c7985ec78ab661c9fa1bf47a6ed9a7ceed68360195d804a0fb0b811e5e69f2a,2026-09-01T20:12:06+00:00,4471.9,94.09,0,1,4.536e-06,v4
2026-09-06T06:19:30.294224+00:00,MDB,MongoDB • Robinhood Token,0xddf2266b79abf0b48898959b0ed6e6adf512be74,https://robinhoodchain.blockscout.com/token/0xddf2266b79abf0b48898959b0ed6e6adf512be74,Mongo,Mongoloid,0xf0473dd8e2dcdef0f4ec713bc749764abaea8c01,https://robinhoodchain.blockscout.com/token/0xf0473dd8e2dcdef0f4ec713bc749764abaea8c01,uniswap,0x676aafc78dc9bdf6c794c3642693c6922b42a44920310fac8eca68bfd48eb358,https://dexscreener.com/robinhood/0x676aafc78dc9bdf6c794c3642693c6922b42a44920310fac8eca68bfd48eb358,2026-09-03T19:09:19+00:00,4469.77,765.13,1,3,4.548e-06,v4
2026-09-06T06:19:29.030901+00:00,LULU,Lululemon • Robinhood Token,0x4e62068525ab11fe768e29dfd00ef909b9803016,https://robinhoodchain.blockscout.com/token/0x4e62068525ab11fe768e29dfd00ef909b9803016,FEETCOIN,Feetcoin,0x96f9ea2be7c099ca5af9e363583a42774b915fb9,https://robinhoodchain.blockscout.com/token/0x96f9ea2be7c099ca5af9e363583a42774b915fb9,uniswap,0x2b65d729ca613d359dae385cf1460e3440775ed1d966374a0ebdae65cb5d4d9f,https://dexscreener.com/robinhood/0x2b65d729ca613d359dae385cf1460e3440775ed1d966374a0ebdae65cb5d4d9f,2026-09-04T03:47:36+00:00,4465.86,703.84,4,21,2.779e-06,v4
2026-09-06T06:19:00.629440+00:00,DDOG,Datadog • Robinhood Token,0x27c99fbde9d0d2aa4f4bfb4943f237843ddf6958,https://robinhoodchain.blockscout.com/token/0x27c99fbde9d0d2aa4f4bfb4943f237843ddf6958,BITS,DataDog,0x958579f0341bac219ef25ded0e4ef3f821268e01,https://robinhoodchain.blockscout.com/token/0x958579f0341bac219ef25ded0e4ef3f821268e01,uniswap,0x1746ff01ba996883b54c99d9a59c2ccc4f2a007507548078229173d109077686,https://dexscreener.com/robinhood/0x1746ff01ba996883b54c99d9a59c2ccc4f2a007507548078229173d109077686,2026-09-03T08:07:40+00:00,4459.57,45.92,1,7,4.528e-06,v4
2026-09-06T06:18:36.203214+00:00,AMD,AMD • Robinhood Token,0x86923f96303d656e4aa86d9d42d1e57ad2023fdc,https://robinhoodchain.blockscout.com/token/0x86923f96303d656e4aa86d9d42d1e57ad2023fdc,GPU,Gato Processing Unit,0xf71cdd6cfd9e7ff827b5513de79555815d4295d9,https://robinhoodchain.blockscout.com/token/0xf71cdd6cfd9e7ff827b5513de79555815d4295d9,uniswap,0xf254445f4e3d23b6720f49b1b60be925b4525cdd2a901bd39494b751f963fd89,https://dexscreener.com/robinhood/0xf254445f4e3d23b6720f49b1b60be925b4525cdd2a901bd39494b751f963fd89,2026-09-01T19:22:44+00:00,4456.73,39.11,0,3,2.948e-06,v4
2026-09-06T06:19:58.583475+00:00,RCAT,Red Cat • Robinhood Token,0xfde6b5d9bb419b10c23268c74e369abff39c0460,https://robinhoodchain.blockscout.com/token/0xfde6b5d9bb419b10c23268c74e369abff39c0460,CASTRO,ROBINHOOD CAT,0xd690dff735fa29f9e1482a93a6cb5dba20f7a901,https://robinhoodchain.blockscout.com/token/0xd690dff735fa29f9e1482a93a6cb5dba20f7a901,uniswap,0x69869a16cda847bdaed718a35fbca7344381936f9fad3720e4721b80266b9395,https://dexscreener.com/robinhood/0x69869a16cda847bdaed718a35fbca7344381936f9fad3720e4721b80266b9395,2026-09-05T05:18:30+00:00,4439.45,294.67,1,4,4.448e-06,v4
2026-09-06T06:18:35.013189+00:00,AMBA,Ambarella • Robinhood Token,0x99d9d8663545151603863c5acbd6fc3218899009,https://robinhoodchain.blockscout.com/token/0x99d9d8663545151603863c5acbd6fc3218899009,G,Gamba,0x8eee4b86108e676ed03e996a21ade5392ad77401,https://robinhoodchain.blockscout.com/token/0x8eee4b86108e676ed03e996a21ade5392ad77401,uniswap,0x086b3fa2ec16eb466cb700638cefe053326426f6ee266889f9365d6db41524ae,https://dexscreener.com/robinhood/0x086b3fa2ec16eb466cb700638cefe053326426f6ee266889f9365d6db41524ae,2026-09-04T16:30:42+00:00,4427.11,564.1,0,7,4.44e-06,v4
2026-09-06T06:19:09.754091+00:00,GE,General Electric • Robinhood Token,0x63b814ddbd6bf339f25fed8c36158a008d5b373e,https://robinhoodchain.blockscout.com/token/0x63b814ddbd6bf339f25fed8c36158a008d5b373e,LEVERA,LEVERAGE,0x1ad6862246f1244e9585995b34828efd7bb5f801,https://robinhoodchain.blockscout.com/token/0x1ad6862246f1244e9585995b34828efd7bb5f801,uniswap,0xd03a195bee9229f4762f6d15132d31aae3abe445659634d42d1929223119a4ca,https://dexscreener.com/robinhood/0xd03a195bee9229f4762f6d15132d31aae3abe445659634d42d1929223119a4ca,2026-09-02T22:01:29+00:00,4416.28,177.54,0,1,4.429e-06,v4
2026-09-06T06:19:33.646497+00:00,MRVL,Marvell Technology • Robinhood Token,0x62fd0668e10d8b72339be2dcf7643001688ff13b,https://robinhoodchain.blockscout.com/token/0x62fd0668e10d8b72339be2dcf7643001688ff13b,HULKED,HULKED,0xa71f4f1dcbef4eb982689cfac9dba45da75b1201,https://robinhoodchain.blockscout.com/token/0xa71f4f1dcbef4eb982689cfac9dba45da75b1201,uniswap,0x68bb407ce1299831d6329e8db7bc5fef91a03ef23d44c0d9050937df3aad5e5c,https://dexscreener.com/robinhood/0x68bb407ce1299831d6329e8db7bc5fef91a03ef23d44c0d9050937df3aad5e5c,2026-09-02T20:29:48+00:00,4408.18,34.99,0,2,4.415e-06,v4
2026-09-06T06:19:27.393829+00:00,LMT,Lockheed • Robinhood Token,0x329fcaceb9ad6f9580dd5f643fed0646900d043c,https://robinhoodchain.blockscout.com/token/0x329fcaceb9ad6f9580dd5f643fed0646900d043c,LMI,Lockheed Martin Inu,0x05086516a3e1f69a604365bde4f01ad91d0eda01,https://robinhoodchain.blockscout.com/token/0x05086516a3e1f69a604365bde4f01ad91d0eda01,uniswap,0xc6bf528083e6529f2032e31634d9045595d0759c44320178c5bc1aa87030c298,https://dexscreener.com/robinhood/0xc6bf528083e6529f2032e31634d9045595d0759c44320178c5bc1aa87030c298,2026-09-05T03:16:50+00:00,4394.14,148.45,1,9,4.417e-06,v4
2026-09-06T06:20:03.825738+00:00,SHOP,Shopify • Robinhood Token,0xf53f66751b1eff985311b693531e3290f600c410,https://robinhoodchain.blockscout.com/token/0xf53f66751b1eff985311b693531e3290f600c410,SHOPLIFT,Five Finger Discount,0x4bd727b9237afb028a906a4f93b28d6303055b01,https://robinhoodchain.blockscout.com/token/0x4bd727b9237afb028a906a4f93b28d6303055b01,uniswap,0x14a12cb0c92899a9e3858aeb5300b9e24b66280e48868f5b2477e1de771359d3,https://dexscreener.com/robinhood/0x14a12cb0c92899a9e3858aeb5300b9e24b66280e48868f5b2477e1de771359d3,2026-09-03T03:19:11+00:00,4367.82,14.76,0,2,4.371e-06,v4
2026-09-06T06:19:30.962397+00:00,META,Meta Platforms • Robinhood Token,0xc0d6457c16cc70d6790dd43521c899c87ce02f35,https://robinhoodchain.blockscout.com/token/0xc0d6457c16cc70d6790dd43521c899c87ce02f35,META,MEMES EVENTUALLY TAKE ALL,0x82be8de5f46bba84c72e4e034d20f9f219e972f2,https://robinhoodchain.blockscout.com/token/0x82be8de5f46bba84c72e4e034d20f9f219e972f2,uniswap,0xc55a12245b50b4e43db8457c6fe546190d9d99f8b73b9ee19bda2464f1ce1e10,https://dexscreener.com/robinhood/0xc55a12245b50b4e43db8457c6fe546190d9d99f8b73b9ee19bda2464f1ce1e10,2026-09-04T08:33:49+00:00,4356.39,91.93,1,12,2.736e-06,v4
2026-09-06T06:19:22.218506+00:00,JNJ,Johnson & Johnson • Robinhood Token,0x03dfbbe0ac4e7bcdafd08ed41a400326b77d8c80,https://robinhoodchain.blockscout.com/token/0x03dfbbe0ac4e7bcdafd08ed41a400326b77d8c80,CATAMINE,Catamine ,0xbfdd310b0982b6921859e99053404aeda26f1b01,https://robinhoodchain.blockscout.com/token/0xbfdd310b0982b6921859e99053404aeda26f1b01,uniswap,0x16fe07541b599c5fc6d914190059e8f37af4e5098e9ff1334198527de00745c3,https://dexscreener.com/robinhood/0x16fe07541b599c5fc6d914190059e8f37af4e5098e9ff1334198527de00745c3,2026-09-03T01:49:50+00:00,4342.98,15.58,0,1,4.349e-06,v4
2026-09-06T06:19:06.605694+00:00,FLNC,Fluence Energy • Robinhood Token,0x282e87451e10fa6679bc7d76c69be44cd3fc777c,https://robinhoodchain.blockscout.com/token/0x282e87451e10fa6679bc7d76c69be44cd3fc777c,BVR,Grid Beaver,0x8948a3217e930f5739dd6eaa0c2912af37326b01,https://robinhoodchain.blockscout.com/token/0x8948a3217e930f5739dd6eaa0c2912af37326b01,uniswap,0x36da3bc309b05cafe847116aa25160c20e86d7838bf2f2e646e441877be3372a,https://dexscreener.com/robinhood/0x36da3bc309b05cafe847116aa25160c20e86d7838bf2f2e646e441877be3372a,2026-09-03T16:18:45+00:00,4337.26,104.06,0,3,4.337e-06,v4
2026-09-06T06:20:26.113208+00:00,ZM,Zoom • Robinhood Token,0x44c4f142009036cf477ed2d09932051843137cf1,https://robinhoodchain.blockscout.com/token/0x44c4f142009036cf477ed2d09932051843137cf1,ZOOMER,ZOOMER,0x93f4457315abaea937b5f73cbcd9e675b78a0701,https://robinhoodchain.blockscout.com/token/0x93f4457315abaea937b5f73cbcd9e675b78a0701,uniswap,0x25d4ca85d937da17cf0c1bacc8f77239214bf340936615eacc2e1acd6e306858,https://dexscreener.com/robinhood/0x25d4ca85d937da17cf0c1bacc8f77239214bf340936615eacc2e1acd6e306858,2026-09-05T00:10:19+00:00,4336.84,1381.47,9,16,4.34e-06,v4
2026-09-06T06:18:36.203214+00:00,AMD,AMD • Robinhood Token,0x86923f96303d656e4aa86d9d42d1e57ad2023fdc,https://robinhoodchain.blockscout.com/token/0x86923f96303d656e4aa86d9d42d1e57ad2023fdc,SHROOM,MUSHROOM,0xab093def657f15df31b33922a95e047add645b29,https://robinhoodchain.blockscout.com/token/0xab093def657f15df31b33922a95e047add645b29,uniswap,0xf0d9c19962dd5111812c8e9059f07aea3e72bb98f44bf532aaed8883832b20c6,https://dexscreener.com/robinhood/0xf0d9c19962dd5111812c8e9059f07aea3e72bb98f44bf532aaed8883832b20c6,2026-09-04T02:16:37+00:00,4336.34,3887.68,34,55,468.78,v4
2026-09-06T06:19:02.689816+00:00,ELF,e.l.f. Beauty • Robinhood Token,0x39ec44bee4f6a116c6f9b8de566848a985c53c60,https://robinhoodchain.blockscout.com/token/0x39ec44bee4f6a116c6f9b8de566848a985c53c60,dank elf,DANK,0x6e9610541f0953a4315b5b515aafbee7c43e7401,https://robinhoodchain.blockscout.com/token/0x6e9610541f0953a4315b5b515aafbee7c43e7401,uniswap,0x63c015f85db35586d4f864fe3602633fbfc948acb53a23fec0572664c2909f14,https://dexscreener.com/robinhood/0x63c015f85db35586d4f864fe3602633fbfc948acb53a23fec0572664c2909f14,2026-09-04T09:44:11+00:00,4333.29,114.63,1,2,4.336e-06,v4
2026-09-06T06:20:23.815219+00:00,WULF,TeraWulf • Robinhood Token,0x348be1a8663f15edde5cdf8a96bb69078f7ab6fd,https://robinhoodchain.blockscout.com/token/0x348be1a8663f15edde5cdf8a96bb69078f7ab6fd,WULF,WULF,0x0ef31cae45b7212ffc6df022bea0f78831f84097,https://robinhoodchain.blockscout.com/token/0x0ef31cae45b7212ffc6df022bea0f78831f84097,uniswap,0x1d54b25c84ab2e41da79a1254b24c6fb3425d537359fe45afcc78ad268a2fc56,https://dexscreener.com/robinhood/0x1d54b25c84ab2e41da79a1254b24c6fb3425d537359fe45afcc78ad268a2fc56,2026-09-02T21:20:03+00:00,4332.26,276.51,0,5,4.34e-06,v4
2026-09-06T06:18:45.799965+00:00,BB,Blackberry • Robinhood Token,0x48e39e56acdba37b09020c0b734a613c9a2f100a,https://robinhoodchain.blockscout.com/token/0x48e39e56acdba37b09020c0b734a613c9a2f100a,BBM,BBM,0x7705c59233b1cadd102bc5bda1b10f01c7b89101,https://robinhoodchain.blockscout.com/token/0x7705c59233b1cadd102bc5bda1b10f01c7b89101,uniswap,0xd2c02af8daca7db220868d1955a45be58e435b766ab9a39e20267ab5da14aaef,https://dexscreener.com/robinhood/0xd2c02af8daca7db220868d1955a45be58e435b766ab9a39e20267ab5da14aaef,2026-09-05T10:34:21+00:00,4326.75,8641.62,61,42,4.338e-06,v4
2026-09-06T06:19:39.642014+00:00,NFLX,Netflix • Robinhood Token,0xe0444ef8bf4ed74f74fd73686e2ddf4c1c5591e8,https://robinhoodchain.blockscout.com/token/0xe0444ef8bf4ed74f74fd73686e2ddf4c1c5591e8,insideher,Inside-Her Trading ,0x040493a2555389ba0864d067960fd641443db501,https://robinhoodchain.blockscout.com/token/0x040493a2555389ba0864d067960fd641443db501,uniswap,0x969ba24418ba4b1a112b687f7f9fc4b4163940918ab0d3397b418cf2c367412c,https://dexscreener.com/robinhood/0x969ba24418ba4b1a112b687f7f9fc4b4163940918ab0d3397b418cf2c367412c,2026-09-03T00:46:49+00:00,4325.94,108.82,0,2,4.336e-06,v4
2026-09-06T06:20:26.113208+00:00,ZM,Zoom • Robinhood Token,0x44c4f142009036cf477ed2d09932051843137cf1,https://robinhoodchain.blockscout.com/token/0x44c4f142009036cf477ed2d09932051843137cf1,TOOBIN,TOOBIN,0x498f37c05168a33d9bc2af009e2a6188b5dfe101,https://robinhoodchain.blockscout.com/token/0x498f37c05168a33d9bc2af009e2a6188b5dfe101,uniswap,0x1f1d450d86d4a0564e0296c26f514f48380d80b605c4693bea3311f338321bc6,https://dexscreener.com/robinhood/0x1f1d450d86d4a0564e0296c26f514f48380d80b605c4693bea3311f338321bc6,2026-09-02T20:30:11+00:00,4322.62,129.85,0,1,4.325e-06,v4
2026-09-06T06:19:58.583475+00:00,RCAT,Red Cat • Robinhood Token,0xfde6b5d9bb419b10c23268c74e369abff39c0460,https://robinhoodchain.blockscout.com/token/0xfde6b5d9bb419b10c23268c74e369abff39c0460,CATSTRO,ROBINHOOD CAT,0xaa424ea18e91bca3c051d70d043a63134cdc0701,https://robinhoodchain.blockscout.com/token/0xaa424ea18e91bca3c051d70d043a63134cdc0701,uniswap,0x8e22830e18ad193688f664a77c9451044f3f096be0b9d5cf31cd76e32ea110b9,https://dexscreener.com/robinhood/0x8e22830e18ad193688f664a77c9451044f3f096be0b9d5cf31cd76e32ea110b9,2026-09-05T05:39:29+00:00,4316.16,37.09,0,1,4.32e-06,v4
2026-09-06T06:19:06.605694+00:00,FLNC,Fluence Energy • Robinhood Token,0x282e87451e10fa6679bc7d76c69be44cd3fc777c,https://robinhoodchain.blockscout.com/token/0x282e87451e10fa6679bc7d76c69be44cd3fc777c,FLNC,Flnc,0x464ef3e7cd13cbcba202506d7d7223177b78de01,https://robinhoodchain.blockscout.com/token/0x464ef3e7cd13cbcba202506d7d7223177b78de01,uniswap,0x6230bcc6ba814bd7ff2874550fe54fdc17cb232f777d3bbfd3d73111d955ae02,https://dexscreener.com/robinhood/0x6230bcc6ba814bd7ff2874550fe54fdc17cb232f777d3bbfd3d73111d955ae02,2026-08-31T20:35:48+00:00,4296.42,465.07,5,5,4.303e-06,v4
2026-09-06T06:18:45.221065+00:00,BABA,Alibaba • Robinhood Token,0xad25ac6c84d497db898fa1e8387bf6af3532a1c4,https://robinhoodchain.blockscout.com/token/0xad25ac6c84d497db898fa1e8387bf6af3532a1c4,LARP,Larp Coin,0x6653a1a3fb2855900dfa4a3cc65b1398ccd41601,https://robinhoodchain.blockscout.com/token/0x6653a1a3fb2855900dfa4a3cc65b1398ccd41601,uniswap,0x8f22457cde50c9ecbc8180d29c9eafb42368643de240f87da75095b9bef4c452,https://dexscreener.com/robinhood/0x8f22457cde50c9ecbc8180d29c9eafb42368643de240f87da75095b9bef4c452,2026-09-05T07:46:29+00:00,4293.33,9247.96,90,63,4.294e-06,v4
2026-09-06T06:19:55.095534+00:00,PWR,Quanta • Robinhood Token,0x9ab02ead789b6903c3c44d0ed32f9c707cdf12fd,https://robinhoodchain.blockscout.com/token/0x9ab02ead789b6903c3c44d0ed32f9c707cdf12fd,UNLIMITED,UNLIMITED POWER,0x2a5681aee25526d00d74363949702082e8a3c501,https://robinhoodchain.blockscout.com/token/0x2a5681aee25526d00d74363949702082e8a3c501,uniswap,0x466384ccc8a619a966e4f3e361b43e6170e075337249165ede28d822fb6d55e8,https://dexscreener.com/robinhood/0x466384ccc8a619a966e4f3e361b43e6170e075337249165ede28d822fb6d55e8,2026-09-02T22:48:36+00:00,4293.2,0.13,0,1,4.293e-06,v4
2026-09-06T06:19:07.510029+00:00,FLY,Firefly Aerospace Inc. • Robinhood Token,0x03bc731ffb162cdd7b98d3c6542bfc291126075d,https://robinhoodchain.blockscout.com/token/0x03bc731ffb162cdd7b98d3c6542bfc291126075d,flywheel,flywheel,0x036a1eeb9af92c52a1e09cba0a377c45f4b84d01,https://robinhoodchain.blockscout.com/token/0x036a1eeb9af92c52a1e09cba0a377c45f4b84d01,uniswap,0x68822a10b59d875218ba416f9988fb3e6f247dbe3f80ae3d7916165a7a17a24c,https://dexscreener.com/robinhood/0x68822a10b59d875218ba416f9988fb3e6f247dbe3f80ae3d7916165a7a17a24c,2026-09-02T21:33:53+00:00,4286.17,0.24,0,1,4.286e-06,v4
2026-09-06T06:19:02.689816+00:00,ELF,e.l.f. Beauty • Robinhood Token,0x39ec44bee4f6a116c6f9b8de566848a985c53c60,https://robinhoodchain.blockscout.com/token/0x39ec44bee4f6a116c6f9b8de566848a985c53c60,DICKS,DICKS,0x48fa400bc562d238e4a710801d6da00d00bbd201,https://robinhoodchain.blockscout.com/token/0x48fa400bc562d238e4a710801d6da00d00bbd201,uniswap,0x910f6a46e2e2c502e4fd2d47602ad00570c95fcbbba8b2bed94bea65fa530209,https://dexscreener.com/robinhood/0x910f6a46e2e2c502e4fd2d47602ad00570c95fcbbba8b2bed94bea65fa530209,2026-09-02T19:35:26+00:00,4264.14,108.76,0,2,4.267e-06,v4
2026-09-06T06:19:48.021396+00:00,P,Everpure • Robinhood Token,0x1cdad396db64bda184d5182a97dd9b3c62100b7d,https://robinhoodchain.blockscout.com/token/0x1cdad396db64bda184d5182a97dd9b3c62100b7d,Pushin',Pushin' P,0x714856562eacc2dba0a67c61aaaa47268ecde101,https://robinhoodchain.blockscout.com/token/0x714856562eacc2dba0a67c61aaaa47268ecde101,uniswap,0xa456cbd6f45a794a423eccf9a585f2935f0cd0158f493f1fad86b94087be6d5f,https://dexscreener.com/robinhood/0xa456cbd6f45a794a423eccf9a585f2935f0cd0158f493f1fad86b94087be6d5f,2026-09-03T09:17:44+00:00,4262.28,725.57,5,3,4.263e-06,v4
2026-09-06T06:18:31.051101+00:00,ABCL,Abcellera Biologics • Robinhood Token,0x3139d77ace0cbaa5bdfd38bd1f1911a794af0b0e,https://robinhoodchain.blockscout.com/token/0x3139d77ace0cbaa5bdfd38bd1f1911a794af0b0e,BIOTECH,BIOTECH ,0x2014630c8f315044c0370f7f21b093823b579e01,https://robinhoodchain.blockscout.com/token/0x2014630c8f315044c0370f7f21b093823b579e01,uniswap,0x009a05251b26e7e3ddbfadbc4e73441c451821d63b74b899db5a88c0867c083d,https://dexscreener.com/robinhood/0x009a05251b26e7e3ddbfadbc4e73441c451821d63b74b899db5a88c0867c083d,2026-09-05T17:52:52+00:00,4258.05,4839.29,31,30,4.258e-06,v4
2026-09-06T06:18:42.328879+00:00,AVGO,Broadcom • Robinhood Token,0x156e175dd063a8ce274c50654ef40e0032b3fbcf,https://robinhoodchain.blockscout.com/token/0x156e175dd063a8ce274c50654ef40e0032b3fbcf,SHROOM,MUSHROOM,0xab093def657f15df31b33922a95e047add645b29,https://robinhoodchain.blockscout.com/token/0xab093def657f15df31b33922a95e047add645b29,uniswap,0x0e9cdccd643566d784d4a3b562e1ba61dee592598aa4b8a637a9108041ee5fe2,https://dexscreener.com/robinhood/0x0e9cdccd643566d784d4a3b562e1ba61dee592598aa4b8a637a9108041ee5fe2,2026-09-03T03:40:13+00:00,4243.91,0.32,0,1,4749.44,v4
2026-09-06T06:20:03.825738+00:00,SHOP,Shopify • Robinhood Token,0xf53f66751b1eff985311b693531e3290f600c410,https://robinhoodchain.blockscout.com/token/0xf53f66751b1eff985311b693531e3290f600c410,COURSE,BUY MY COURSE,0xb904f2f624127c20e2edb0567725fb4747eff801,https://robinhoodchain.blockscout.com/token/0xb904f2f624127c20e2edb0567725fb4747eff801,uniswap,0x31cd9c95b298842dd6ce59116e35a56f724f18b7b19af62d3b23b193760be501,https://dexscreener.com/robinhood/0x31cd9c95b298842dd6ce59116e35a56f724f18b7b19af62d3b23b193760be501,2026-09-04T15:44:09+00:00,4235.47,10.73,0,2,4.235e-06,v4
2026-09-06T06:19:25.161639+00:00,LHX,L3Harris • Robinhood Token,0x48d60243c66437c6ac3c2495be94747aed5dfe25,https://robinhoodchain.blockscout.com/token/0x48d60243c66437c6ac3c2495be94747aed5dfe25,LHX,LHX4200,0x03698937223dd3c42a3ae0ec78a8e43d40a11a01,https://robinhoodchain.blockscout.com/token/0x03698937223dd3c42a3ae0ec78a8e43d40a11a01,uniswap,0x1ea0d563aee84bf7f003c5a8d1d91bf4427e57156b8be5357c03914d8bc84f90,https://dexscreener.com/robinhood/0x1ea0d563aee84bf7f003c5a8d1d91bf4427e57156b8be5357c03914d8bc84f90,2026-09-04T16:13:09+00:00,4234.72,51.41,0,2,4.239e-06,v4
2026-09-06T06:19:32.474033+00:00,MPWR,Monolithic Power Systems • Robinhood Token,0x52d50d0280ad1054b43f052bd70a49a212a1b128,https://robinhoodchain.blockscout.com/token/0x52d50d0280ad1054b43f052bd70a49a212a1b128,MAGNET,MAGNET,0x7f41d862f0e5e4739900a545def0e939ddcd9201,https://robinhoodchain.blockscout.com/token/0x7f41d862f0e5e4739900a545def0e939ddcd9201,uniswap,0xc4210291b30510b9ec60ad257784f1ffca88c1b7ec3bcc2d5fa8bbc85c34cd39,https://dexscreener.com/robinhood/0xc4210291b30510b9ec60ad257784f1ffca88c1b7ec3bcc2d5fa8bbc85c34cd39,2026-09-05T02:37:54+00:00,4223.18,56.49,1,4,4.225e-06,v4
2026-09-06T06:18:39.560976+00:00,ASML,ASML Holding NV • Robinhood Token,0x47f93d52cbec7c6d2cfc080e154002370a60daea,https://robinhoodchain.blockscout.com/token/0x47f93d52cbec7c6d2cfc080e154002370a60daea,ASML,A Strong Meme Launched,0xf82861d7fc07018bda2a5c0871cba8ad54a2b701,https://robinhoodchain.blockscout.com/token/0xf82861d7fc07018bda2a5c0871cba8ad54a2b701,uniswap,0x798d6f12f2c47f41166aa3fbe79cabd4908e59ceb8e168e6a9d655f1d5a98d43,https://dexscreener.com/robinhood/0x798d6f12f2c47f41166aa3fbe79cabd4908e59ceb8e168e6a9d655f1d5a98d43,2026-09-05T05:42:39+00:00,4218.49,263.89,0,3,4.22e-06,v4
2026-09-06T06:19:41.213070+00:00,NOW,ServiceNow • Robinhood Token,0x0c3260af4b8f13a69c4c2dfb84fd667890cdfa14,https://robinhoodchain.blockscout.com/token/0x0c3260af4b8f13a69c4c2dfb84fd667890cdfa14,NOW,ServiceNow,0x57394a1fdb002ff03cc31218d2506364a56bf01d,https://robinhoodchain.blockscout.com/token/0x57394a1fdb002ff03cc31218d2506364a56bf01d,uniswap,0xa413946833e61fa3c6208ad8448eff19ceca35f708544ecb4475d5f433f69ff6,https://dexscreener.com/robinhood/0xa413946833e61fa3c6208ad8448eff19ceca35f708544ecb4475d5f433f69ff6,2026-08-15T13:47:08+00:00,4208.96,0.09,0,1,4.208e-06,v4
2026-09-06T06:19:00.629440+00:00,DDOG,Datadog • Robinhood Token,0x27c99fbde9d0d2aa4f4bfb4943f237843ddf6958,https://robinhoodchain.blockscout.com/token/0x27c99fbde9d0d2aa4f4bfb4943f237843ddf6958,Data Dog ,Bits,0xf8c797e573f9d3448c88dece84200effbad40301,https://robinhoodchain.blockscout.com/token/0xf8c797e573f9d3448c88dece84200effbad40301,uniswap,0x478fa4249c0f57991c168131b5cdfcdcd617ecdeed7002aec497630a150d4d02,https://dexscreener.com/robinhood/0x478fa4249c0f57991c168131b5cdfcdcd617ecdeed7002aec497630a150d4d02,2026-09-01T20:42:13+00:00,4207.84,10.6,0,1,4.254e-06,v4
2026-09-06T06:20:26.113208+00:00,ZM,Zoom • Robinhood Token,0x44c4f142009036cf477ed2d09932051843137cf1,https://robinhoodchain.blockscout.com/token/0x44c4f142009036cf477ed2d09932051843137cf1,ORGA,Orgazm,0xaeb3ececa97d662aa8f63d427370554ab56a56e3,https://robinhoodchain.blockscout.com/token/0xaeb3ececa97d662aa8f63d427370554ab56a56e3,uniswap,0x8803b2cf5f247b7601e9ab7f4b9c5a7379e741c0818c0326c727ddc58375a153,https://dexscreener.com/robinhood/0x8803b2cf5f247b7601e9ab7f4b9c5a7379e741c0818c0326c727ddc58375a153,2026-09-03T15:46:24+00:00,4200.53,91.29,0,1,4.264e-06,v4
2026-09-06T06:19:48.021396+00:00,P,Everpure • Robinhood Token,0x1cdad396db64bda184d5182a97dd9b3c62100b7d,https://robinhoodchain.blockscout.com/token/0x1cdad396db64bda184d5182a97dd9b3c62100b7d,U,UP,0x6c1a0f7fa9b6f1a20046e16598a1b704a4064e01,https://robinhoodchain.blockscout.com/token/0x6c1a0f7fa9b6f1a20046e16598a1b704a4064e01,uniswap,0x2f5068ab5782d4623a5a4f566614980e44be33b3f143502c0c63c2facdf3bb2d,https://dexscreener.com/robinhood/0x2f5068ab5782d4623a5a4f566614980e44be33b3f143502c0c63c2facdf3bb2d,2026-09-04T21:22:54+00:00,4196.18,8.03,0,1,4.196e-06,v4
2026-09-06T06:19:52.459864+00:00,PLTR,Palantir Technologies • Robinhood Token,0x894e1ec2d74ffe5aef8dc8a9e84686accb964f2a,https://robinhoodchain.blockscout.com/token/0x894e1ec2d74ffe5aef8dc8a9e84686accb964f2a,$BITBOTS,BitBots On Chain,0x6d8c0c5045f0c4cdb7ca8900c1d95b4e95ecb453,https://robinhoodchain.blockscout.com/token/0x6d8c0c5045f0c4cdb7ca8900c1d95b4e95ecb453,uniswap,0xf4d79a4a1212a1501bd0e0ddcceb7e8830305a32644524ff38420448e7ebdbb3,https://dexscreener.com/robinhood/0xf4d79a4a1212a1501bd0e0ddcceb7e8830305a32644524ff38420448e7ebdbb3,2026-09-02T08:56:08+00:00,4187.51,1388.08,27,8,7.608e-05,v4
2026-09-06T06:19:29.680166+00:00,LUNR,Intuitive Machines • Robinhood Token,0xa5d4968421ba94814be3b136b15cf422101ac1a3,https://robinhoodchain.blockscout.com/token/0xa5d4968421ba94814be3b136b15cf422101ac1a3,MOON,MOON,0x130fca0fea52080266be68529e88519fc593e901,https://robinhoodchain.blockscout.com/token/0x130fca0fea52080266be68529e88519fc593e901,uniswap,0xc022ad7072bd40f730d4db79900ef84c80d9c465f15390eeaa38762d7f35402e,https://dexscreener.com/robinhood/0xc022ad7072bd40f730d4db79900ef84c80d9c465f15390eeaa38762d7f35402e,2026-09-02T23:19:48+00:00,4178.78,44.45,1,5,4.187e-06,v4
2026-09-06T06:20:22.736294+00:00,WDAY,Workday • Robinhood Token,0x82da4646242e1d962e96e932269dc644c94a9caa,https://robinhoodchain.blockscout.com/token/0x82da4646242e1d962e96e932269dc644c94a9caa,j*b,j*bcoin,0x2fa003321bd22afe86ef9d0750cfc1d39598c801,https://robinhoodchain.blockscout.com/token/0x2fa003321bd22afe86ef9d0750cfc1d39598c801,uniswap,0x9375acfe5aa2f1253732038f896259419150bfdbf7d01eb3fb846762571432d2,https://dexscreener.com/robinhood/0x9375acfe5aa2f1253732038f896259419150bfdbf7d01eb3fb846762571432d2,2026-09-02T23:20:04+00:00,4170.88,8.65,0,1,4.171e-06,v4
2026-09-06T06:20:22.736294+00:00,WDAY,Workday • Robinhood Token,0x82da4646242e1d962e96e932269dc644c94a9caa,https://robinhoodchain.blockscout.com/token/0x82da4646242e1d962e96e932269dc644c94a9caa,HUMP,HUMP,0x8f5eb31d8807b121a7d714447082980e87f18a01,https://robinhoodchain.blockscout.com/token/0x8f5eb31d8807b121a7d714447082980e87f18a01,uniswap,0xbcbd7b21086ea6f23fce015088e1c0b137016fd129fdb82b6a2accdee7fab3bb,https://dexscreener.com/robinhood/0xbcbd7b21086ea6f23fce015088e1c0b137016fd129fdb82b6a2accdee7fab3bb,2026-09-06T01:12:25+00:00,4167.42,2109.22,14,10,4.167e-06,v4
2026-09-06T06:20:13.306231+00:00,TER,Teradyne • Robinhood Token,0x2778c5024d5ca2cdb0f8ead671ffc69963adcd9c,https://robinhoodchain.blockscout.com/token/0x2778c5024d5ca2cdb0f8ead671ffc69963adcd9c,PRIN,Printer,0x6b503942cec71b0e7447529e73c12d047595cb01,https://robinhoodchain.blockscout.com/token/0x6b503942cec71b0e7447529e73c12d047595cb01,uniswap,0xec23a5bdd5f27e46575933e73bcd8999700e9f8cd0ab1e953121d5533b4ad52e,https://dexscreener.com/robinhood/0xec23a5bdd5f27e46575933e73bcd8999700e9f8cd0ab1e953121d5533b4ad52e,2026-09-02T21:25:07+00:00,4153.66,5.87,0,1,4.154e-06,v4
2026-09-06T06:20:03.225696+00:00,RUN,Sunrun • Robinhood Token,0x756bc80af765c82da966a788858d65adf14f3793,https://robinhoodchain.blockscout.com/token/0x756bc80af765c82da966a788858d65adf14f3793,RUN,This will ,0x9c076fef2c9dfb93e808c1290097fb9869acbb01,https://robinhoodchain.blockscout.com/token/0x9c076fef2c9dfb93e808c1290097fb9869acbb01,uniswap,0x45b0952f59dc33d4cf5995db574a3e77f01fbec549e1f64f42cb4a4fac257b1e,https://dexscreener.com/robinhood/0x45b0952f59dc33d4cf5995db574a3e77f01fbec549e1f64f42cb4a4fac257b1e,2026-09-04T11:40:37+00:00,4152.21,4.46,0,1,4.152e-06,v4
2026-09-06T06:19:27.393829+00:00,LMT,Lockheed • Robinhood Token,0x329fcaceb9ad6f9580dd5f643fed0646900d043c,https://robinhoodchain.blockscout.com/token/0x329fcaceb9ad6f9580dd5f643fed0646900d043c,LOCKOUT,LOCKOUT,0x704efdfd197cc565db021176b498245532ad5a01,https://robinhoodchain.blockscout.com/token/0x704efdfd197cc565db021176b498245532ad5a01,uniswap,0xc1cb52a04885e4edc789c4bf62746295f133ad55628a5fc576243ed202406cb5,https://dexscreener.com/robinhood/0xc1cb52a04885e4edc789c4bf62746295f133ad55628a5fc576243ed202406cb5,2026-09-02T20:14:42+00:00,4141.45,75.25,0,2,4.149e-06,v4
2026-09-06T06:20:22.736294+00:00,WDAY,Workday • Robinhood Token,0x82da4646242e1d962e96e932269dc644c94a9caa,https://robinhoodchain.blockscout.com/token/0x82da4646242e1d962e96e932269dc644c94a9caa,Job,Job Coin,0x32c24044a8ab5fc88ad193b9bca170a407a9b101,https://robinhoodchain.blockscout.com/token/0x32c24044a8ab5fc88ad193b9bca170a407a9b101,uniswap,0x51497c55f4b89f40abc9fddaf80613f15a959f83246b16da817e6572904be663,https://dexscreener.com/robinhood/0x51497c55f4b89f40abc9fddaf80613f15a959f83246b16da817e6572904be663,2026-09-05T02:57:22+00:00,4138.6,321.33,0,15,4.138e-06,v4
2026-09-06T06:18:37.273929+00:00,AMZN,Amazon • Robinhood Token,0x12f190a9f9d7d37a250758b26824b97ce941bf54,https://robinhoodchain.blockscout.com/token/0x12f190a9f9d7d37a250758b26824b97ce941bf54,$BITBOTS,BitBots On Chain,0x6d8c0c5045f0c4cdb7ca8900c1d95b4e95ecb453,https://robinhoodchain.blockscout.com/token/0x6d8c0c5045f0c4cdb7ca8900c1d95b4e95ecb453,uniswap,0x2b0f05a4ac7b60a626636a3e712428f11e3c470912426c9da7352070e5ff7d27,https://dexscreener.com/robinhood/0x2b0f05a4ac7b60a626636a3e712428f11e3c470912426c9da7352070e5ff7d27,2026-09-02T08:56:08+00:00,4121.14,1247.98,29,6,7.39e-05,v4
2026-09-06T06:18:59.099564+00:00,CSCO,Cisco Systems • Robinhood Token,0xf543967eebb6f1917992ef0e68de63ab07a5a0da,https://robinhoodchain.blockscout.com/token/0xf543967eebb6f1917992ef0e68de63ab07a5a0da,Csco,Cisco Systems inc,0x260b60ecf324ca1c879260ef175409861e5e4f01,https://robinhoodchain.blockscout.com/token/0x260b60ecf324ca1c879260ef175409861e5e4f01,uniswap,0x960aacfc779794035e48208326a76ae8e35b1fa815d89abf70a92a39a241015e,https://dexscreener.com/robinhood/0x960aacfc779794035e48208326a76ae8e35b1fa815d89abf70a92a39a241015e,2026-09-04T17:24:46+00:00,4094.91,426.2,0,4,4.095e-06,v4
2026-09-06T06:19:13.786050+00:00,HII,Huntington Ingalls • Robinhood Token,0xeb61c0ed490a367d4e3631ccf8a74b3bfc7e775d,https://robinhoodchain.blockscout.com/token/0xeb61c0ed490a367d4e3631ccf8a74b3bfc7e775d,281007,Asteroid Oliviaperrotto,0xbd13617be2146ade070a80f2a53383c0dcb63401,https://robinhoodchain.blockscout.com/token/0xbd13617be2146ade070a80f2a53383c0dcb63401,uniswap,0xc700fe87073e1105a3652dcc7065905a84afc55b71644a4869d606f3cc2b2729,https://dexscreener.com/robinhood/0xc700fe87073e1105a3652dcc7065905a84afc55b71644a4869d606f3cc2b2729,2026-09-02T21:16:12+00:00,4092.83,38.27,0,1,4.096e-06,v4
2026-09-06T06:20:03.225696+00:00,RUN,Sunrun • Robinhood Token,0x756bc80af765c82da966a788858d65adf14f3793,https://robinhoodchain.blockscout.com/token/0x756bc80af765c82da966a788858d65adf14f3793,BULL,BULL,0xd5e912a39746a979f851b920c56067510b5c5c01,https://robinhoodchain.blockscout.com/token/0xd5e912a39746a979f851b920c56067510b5c5c01,uniswap,0xd622e1b477b8853d8f1cbc3667157a7a4da854e89c5d3f1aafdf4f078143ad61,https://dexscreener.com/robinhood/0xd622e1b477b8853d8f1cbc3667157a7a4da854e89c5d3f1aafdf4f078143ad61,2026-09-03T11:42:17+00:00,4091.25,37.61,0,1,4.091e-06,v4
2026-09-06T06:19:16.415254+00:00,IBM,IBM • Robinhood Token,0x980dcf6766fa79f5cf0c4aadb3ab477ff15a9619,https://robinhoodchain.blockscout.com/token/0x980dcf6766fa79f5cf0c4aadb3ab477ff15a9619,WUMBO,International Business Wumbo,0xf8019cab868dd91998ddb5172fb8ceba90003701,https://robinhoodchain.blockscout.com/token/0xf8019cab868dd91998ddb5172fb8ceba90003701,uniswap,0x7604b81dbea1b2c9e2ebdbe8f8c826881f4466b371209dd2e39580b07e85e146,https://dexscreener.com/robinhood/0x7604b81dbea1b2c9e2ebdbe8f8c826881f4466b371209dd2e39580b07e85e146,2026-09-04T15:34:51+00:00,4091.12,1.31,0,2,4.091e-06,v4
2026-09-06T06:20:13.306231+00:00,TER,Teradyne • Robinhood Token,0x2778c5024d5ca2cdb0f8ead671ffc69963adcd9c,https://robinhoodchain.blockscout.com/token/0x2778c5024d5ca2cdb0f8ead671ffc69963adcd9c,PRIN,PRINTER,0xcfb390496fcfd283c2a11aad6c67ead7aa061001,https://robinhoodchain.blockscout.com/token/0xcfb390496fcfd283c2a11aad6c67ead7aa061001,uniswap,0x058e751f3f0e7cd2feebe5358da348f6503407bfbed945eb30d92a989bd08480,https://dexscreener.com/robinhood/0x058e751f3f0e7cd2feebe5358da348f6503407bfbed945eb30d92a989bd08480,2026-09-05T03:12:49+00:00,4087.77,12.33,0,4,4.088e-06,v4
2026-09-06T06:20:23.815219+00:00,WULF,TeraWulf • Robinhood Token,0x348be1a8663f15edde5cdf8a96bb69078f7ab6fd,https://robinhoodchain.blockscout.com/token/0x348be1a8663f15edde5cdf8a96bb69078f7ab6fd,Wulf,Wulf,0x44031556e411249831e1d9d57a3cd07614a62f01,https://robinhoodchain.blockscout.com/token/0x44031556e411249831e1d9d57a3cd07614a62f01,uniswap,0xfd595f080a19f1b3f940d4d2957129b9be982a6c86ba98956906ac97546b59d9,https://dexscreener.com/robinhood/0xfd595f080a19f1b3f940d4d2957129b9be982a6c86ba98956906ac97546b59d9,2026-09-01T21:01:58+00:00,4087.01,0.01,0,1,4.087e-06,v4
2026-09-06T06:19:09.754091+00:00,GE,General Electric • Robinhood Token,0x63b814ddbd6bf339f25fed8c36158a008d5b373e,https://robinhoodchain.blockscout.com/token/0x63b814ddbd6bf339f25fed8c36158a008d5b373e,DO,Dogecoin,0xa179a8892de12a8f798f6657670441ac72221501,https://robinhoodchain.blockscout.com/token/0xa179a8892de12a8f798f6657670441ac72221501,uniswap,0x5320d74fb1a589b144f10bc995f14eea486990f5a07972be049e01a5271af688,https://dexscreener.com/robinhood/0x5320d74fb1a589b144f10bc995f14eea486990f5a07972be049e01a5271af688,2026-09-04T19:06:24+00:00,4083.68,554.89,0,7,4.083e-06,v4
2026-09-06T06:19:05.786691+00:00,FIX,Comfort Systems • Robinhood Token,0x93dbb1d2dc5d63f4abacff30485273f538df68ac,https://robinhoodchain.blockscout.com/token/0x93dbb1d2dc5d63f4abacff30485273f538df68ac,pls,pls fix,0x75dbd8936e6742892b6655ca92c9f78c565c4601,https://robinhoodchain.blockscout.com/token/0x75dbd8936e6742892b6655ca92c9f78c565c4601,uniswap,0xc6a7f2274d8b03e6d6fc65bab4d97cb9b3377e52e09397f44713733a50f3a314,https://dexscreener.com/robinhood/0xc6a7f2274d8b03e6d6fc65bab4d97cb9b3377e52e09397f44713733a50f3a314,2026-09-01T20:58:16+00:00,4074.97,83.4,1,1,4.079e-06,v4
2026-09-06T06:19:16.415254+00:00,IBM,IBM • Robinhood Token,0x980dcf6766fa79f5cf0c4aadb3ab477ff15a9619,https://robinhoodchain.blockscout.com/token/0x980dcf6766fa79f5cf0c4aadb3ab477ff15a9619,IBM,Internet Blockchain Money,0xdd10a91cf63abe72242925471e48a58438b864d3,https://robinhoodchain.blockscout.com/token/0xdd10a91cf63abe72242925471e48a58438b864d3,uniswap,0x554d51a6411cbb1866abb3b254a1749b52ae8ee03877ddfbaf4b0ba6b33fa4a0,https://dexscreener.com/robinhood/0x554d51a6411cbb1866abb3b254a1749b52ae8ee03877ddfbaf4b0ba6b33fa4a0,2026-09-02T18:19:52+00:00,4066.77,48.85,0,1,4.29e-06,v4
2026-09-06T06:19:51.718407+00:00,PL,Planet Labs • Robinhood Token,0xaa4d64474c172010ab57719cb9951e6142a100d3,https://robinhoodchain.blockscout.com/token/0xaa4d64474c172010ab57719cb9951e6142a100d3,NIP,NIPPL,0xb83a925618a08caffb033073a68dda57ce145801,https://robinhoodchain.blockscout.com/token/0xb83a925618a08caffb033073a68dda57ce145801,uniswap,0xb6188345ff3fa7070501be3f6bbe478ae50274d59b41aeaca2ea14ef365f6933,https://dexscreener.com/robinhood/0xb6188345ff3fa7070501be3f6bbe478ae50274d59b41aeaca2ea14ef365f6933,2026-09-02T22:09:21+00:00,4062.4,7.63,0,1,4.066e-06,v4
2026-09-06T06:19:01.634065+00:00,DJT,Trump Media & Technology Group • Robinhood Token,0x1d11f0496982706c5e14a514d4e79f2e6bde4516,https://robinhoodchain.blockscout.com/token/0x1d11f0496982706c5e14a514d4e79f2e6bde4516,PATRIOT,Patriot Token,0x4be6c0b0580645cf29e995fb93007d41e1460d53,https://robinhoodchain.blockscout.com/token/0x4be6c0b0580645cf29e995fb93007d41e1460d53,uniswap,0x1c108b9cda18f2b4fe1f1ad261733b4f24380c6c0ba3df34233b666596c0e760,https://dexscreener.com/robinhood/0x1c108b9cda18f2b4fe1f1ad261733b4f24380c6c0ba3df34233b666596c0e760,2026-09-05T13:32:10+00:00,4028.86,76114.95,421,393,2.344e-06,v4
2026-09-06T06:19:01.128821+00:00,DELL,Dell • Robinhood Token,0x941ae714ec6d8130c7b75d67160ca08f1e7d11dd,https://robinhoodchain.blockscout.com/token/0x941ae714ec6d8130c7b75d67160ca08f1e7d11dd,DUDE,Dude You're Getting a Dell,0xf93ed447e53a9d42338c6216d880ccbe9c0c7b9b,https://robinhoodchain.blockscout.com/token/0xf93ed447e53a9d42338c6216d880ccbe9c0c7b9b,uniswap,0xd7048ba457a5ce60f0c8bd33b2c7ac023e50a0025102208e52b43a9afe4d7a25,https://dexscreener.com/robinhood/0xd7048ba457a5ce60f0c8bd33b2c7ac023e50a0025102208e52b43a9afe4d7a25,2026-09-05T20:42:05+00:00,4026.38,48.08,1,0,4.026e-08,v4
2026-09-06T06:19:09.754091+00:00,GE,General Electric • Robinhood Token,0x63b814ddbd6bf339f25fed8c36158a008d5b373e,https://robinhoodchain.blockscout.com/token/0x63b814ddbd6bf339f25fed8c36158a008d5b373e,DO,DO,0x3b0a15b8f64a8f0b0fe6c235635734742a37a701,https://robinhoodchain.blockscout.com/token/0x3b0a15b8f64a8f0b0fe6c235635734742a37a701,uniswap,0xadd2d875b88dcba0c3a1d18ed0f7bdc89e76f534fc1ff623db49b339ad35cea2,https://dexscreener.com/robinhood/0xadd2d875b88dcba0c3a1d18ed0f7bdc89e76f534fc1ff623db49b339ad35cea2,2026-09-02T21:50:17+00:00,4015.91,305.95,0,6,4.016e-06,v4
2026-09-06T06:19:58.583475+00:00,RCAT,Red Cat • Robinhood Token,0xfde6b5d9bb419b10c23268c74e369abff39c0460,https://robinhoodchain.blockscout.com/token/0xfde6b5d9bb419b10c23268c74e369abff39c0460,RCAT,Robinhood CAT,0x97e563822dff31fe816d4eb8b8915c1365a08e01,https://robinhoodchain.blockscout.com/token/0x97e563822dff31fe816d4eb8b8915c1365a08e01,uniswap,0xdb64e034478b3587af204dee8f0994cb7fcd20eda4cf4fc42c8428e74785ca34,https://dexscreener.com/robinhood/0xdb64e034478b3587af204dee8f0994cb7fcd20eda4cf4fc42c8428e74785ca34,2026-09-04T08:30:40+00:00,4005.5,14.86,0,2,4.005e-06,v4
2026-09-06T06:19:09.754091+00:00,GE,General Electric • Robinhood Token,0x63b814ddbd6bf339f25fed8c36158a008d5b373e,https://robinhoodchain.blockscout.com/token/0x63b814ddbd6bf339f25fed8c36158a008d5b373e,DO,DOGE,0x9cbfc39c5d9a8b4c83f2fe00bd33dae6ea68c901,https://robinhoodchain.blockscout.com/token/0x9cbfc39c5d9a8b4c83f2fe00bd33dae6ea68c901,uniswap,0x0350e827cea503aaf46788f08ab93faa3dff716e7d983b5243c4f86925cf9d2f,https://dexscreener.com/robinhood/0x0350e827cea503aaf46788f08ab93faa3dff716e7d983b5243c4f86925cf9d2f,2026-09-05T16:20:39+00:00,3973.92,5018.57,51,23,3.973e-06,v4
2026-09-06T06:19:36.142293+00:00,MU,Micron Technology • Robinhood Token,0xff080c8ce2e5feadaca0da81314ae59d232d4afd,https://robinhoodchain.blockscout.com/token/0xff080c8ce2e5feadaca0da81314ae59d232d4afd,COMPUTER,COMPUTER,0x7f4c8449beed4244432add41ab8c86088b8dbf08,https://robinhoodchain.blockscout.com/token/0x7f4c8449beed4244432add41ab8c86088b8dbf08,uniswap,0xe92aa925b4d0eb595eba94cf246098339aa413eb6539f4262515a63b0df7a845,https://dexscreener.com/robinhood/0xe92aa925b4d0eb595eba94cf246098339aa413eb6539f4262515a63b0df7a845,2026-08-28T11:15:09+00:00,3961.56,34648.56,216,206,3.786e-05,v4
2026-09-06T06:19:01.128821+00:00,DELL,Dell • Robinhood Token,0x941ae714ec6d8130c7b75d67160ca08f1e7d11dd,https://robinhoodchain.blockscout.com/token/0x941ae714ec6d8130c7b75d67160ca08f1e7d11dd,DELLCAT,DELLCAT,0xec1183c845874271412af5559f2a6b100fc9d2d6,https://robinhoodchain.blockscout.com/token/0xec1183c845874271412af5559f2a6b100fc9d2d6,uniswap,0x588014a545d1b19fb11925f9adfb9bcbf1a9380a8db6fb688ce0b0d11199987e,https://dexscreener.com/robinhood/0x588014a545d1b19fb11925f9adfb9bcbf1a9380a8db6fb688ce0b0d11199987e,2026-09-05T17:38:54+00:00,3958.82,1270.02,6,4,3.958e-08,v4
2026-09-06T06:19:39.642014+00:00,NFLX,Netflix • Robinhood Token,0xe0444ef8bf4ed74f74fd73686e2ddf4c1c5591e8,https://robinhoodchain.blockscout.com/token/0xe0444ef8bf4ed74f74fd73686e2ddf4c1c5591e8,CHILL,Netflix and Chill,0xc6fb16ec24cc41c915fb4efc3e7300d6887c1501,https://robinhoodchain.blockscout.com/token/0xc6fb16ec24cc41c915fb4efc3e7300d6887c1501,uniswap,0xfd3814f38a1259da6299d71582989300da89e109a161d9831a707cda44e45d0e,https://dexscreener.com/robinhood/0xfd3814f38a1259da6299d71582989300da89e109a161d9831a707cda44e45d0e,2026-09-04T06:25:37+00:00,3954.97,44.45,0,4,3.956e-06,v4
2026-09-06T06:19:01.128821+00:00,DELL,Dell • Robinhood Token,0x941ae714ec6d8130c7b75d67160ca08f1e7d11dd,https://robinhoodchain.blockscout.com/token/0x941ae714ec6d8130c7b75d67160ca08f1e7d11dd,DELTACO,dell taco,0x6cc5a2eb6f4922d39cf061e903ff7173fffa655f,https://robinhoodchain.blockscout.com/token/0x6cc5a2eb6f4922d39cf061e903ff7173fffa655f,uniswap,0xed847e475d93d09fcfdf93f622dab58b0f1bb762f461a45f060b13f2cb17061e,https://dexscreener.com/robinhood/0xed847e475d93d09fcfdf93f622dab58b0f1bb762f461a45f060b13f2cb17061e,2026-09-05T20:06:36+00:00,3944.25,7.02,1,0,3.944e-08,v4
2026-09-06T06:19:45.048778+00:00,ON,ON Semiconductor • Robinhood Token,0xbbd09f72b025360fee5c928053dca6248d35be54,https://robinhoodchain.blockscout.com/token/0xbbd09f72b025360fee5c928053dca6248d35be54,MO,MOON,0x1187d5a22cbf86818da94b310bc4d4c049fe4101,https://robinhoodchain.blockscout.com/token/0x1187d5a22cbf86818da94b310bc4d4c049fe4101,uniswap,0xda2ccac4d2384a7916e98c91a987b9e6945a7f01734e231a169e7b3fb52d167b,https://dexscreener.com/robinhood/0xda2ccac4d2384a7916e98c91a987b9e6945a7f01734e231a169e7b3fb52d167b,2026-09-02T22:22:18+00:00,3938.59,6.63,0,1,3.938e-06,v4
2026-09-06T06:19:02.127473+00:00,DOCN,DigitalOcean • Robinhood Token,0xc02f12b9fe9e707079ec0d546f3050d3f6c1f8bd,https://robinhoodchain.blockscout.com/token/0xc02f12b9fe9e707079ec0d546f3050d3f6c1f8bd,FRANK,DigitalOcean,0xbabcba3a1ac5d92b7d58a0fa8e175a9a28222b01,https://robinhoodchain.blockscout.com/token/0xbabcba3a1ac5d92b7d58a0fa8e175a9a28222b01,uniswap,0xa4e3e32624ce49d6a7cf7f3bf09fcdd39e4f06a00e19441a3be73759bfaad9f3,https://dexscreener.com/robinhood/0xa4e3e32624ce49d6a7cf7f3bf09fcdd39e4f06a00e19441a3be73759bfaad9f3,2026-09-05T19:35:41+00:00,3937.86,2143.81,71,28,3.938e-06,v4
2026-09-06T06:18:31.678557+00:00,ADBE,Adobe • Robinhood Token,0x232b8ed6377be97813853b0ac104c4cda8378d1b,https://robinhoodchain.blockscout.com/token/0x232b8ed6377be97813853b0ac104c4cda8378d1b,PDF,Epstein Files,0xa2061ba31da4d8dbab44a39c45fc9f8354ec9001,https://robinhoodchain.blockscout.com/token/0xa2061ba31da4d8dbab44a39c45fc9f8354ec9001,uniswap,0x3f23eb5e396567b0c560a39e2b991dca889fe1f4ccfbe3a296e6d7ae80451e44,https://dexscreener.com/robinhood/0x3f23eb5e396567b0c560a39e2b991dca889fe1f4ccfbe3a296e6d7ae80451e44,2026-09-06T03:50:44+00:00,3918.73,2912.81,22,18,3.923e-06,v4
2026-09-06T06:19:27.393829+00:00,LMT,Lockheed • Robinhood Token,0x329fcaceb9ad6f9580dd5f643fed0646900d043c,https://robinhoodchain.blockscout.com/token/0x329fcaceb9ad6f9580dd5f643fed0646900d043c,LMI,Lockheed Martin Inu,0x894ccded498c9167bd4e227a47edf1bacb611401,https://robinhoodchain.blockscout.com/token/0x894ccded498c9167bd4e227a47edf1bacb611401,uniswap,0xf48c3428fc796cd0d01d8cdd549c5067e6af39f61ad1b28d690da08ceae0f1c9,https://dexscreener.com/robinhood/0xf48c3428fc796cd0d01d8cdd549c5067e6af39f61ad1b28d690da08ceae0f1c9,2026-09-02T11:49:04+00:00,3915.25,772.33,0,13,3.923e-06,v4
2026-09-06T06:19:18.914056+00:00,INTC,Intel • Robinhood Token,0xc72b96e0e48ecd4dc75e1e45396e26300bc39681,https://robinhoodchain.blockscout.com/token/0xc72b96e0e48ecd4dc75e1e45396e26300bc39681,COMPUTER,COMPUTER,0x7f4c8449beed4244432add41ab8c86088b8dbf08,https://robinhoodchain.blockscout.com/token/0x7f4c8449beed4244432add41ab8c86088b8dbf08,uniswap,0xe86dd82e4c7a4ad88d8382e2bcc661d094ffe55da42172b670c7040db01f5410,https://dexscreener.com/robinhood/0xe86dd82e4c7a4ad88d8382e2bcc661d094ffe55da42172b670c7040db01f5410,2026-08-28T11:15:09+00:00,3892.29,11604.15,94,85,3.753e-05,v4
2026-09-06T06:18:36.203214+00:00,AMD,AMD • Robinhood Token,0x86923f96303d656e4aa86d9d42d1e57ad2023fdc,https://robinhoodchain.blockscout.com/token/0x86923f96303d656e4aa86d9d42d1e57ad2023fdc,COMPUTER,COMPUTER,0x7f4c8449beed4244432add41ab8c86088b8dbf08,https://robinhoodchain.blockscout.com/token/0x7f4c8449beed4244432add41ab8c86088b8dbf08,uniswap,0x0c58029449eb374aa52e585a644dfb03a3549050e969328f7548211c7b8c2b6c,https://dexscreener.com/robinhood/0x0c58029449eb374aa52e585a644dfb03a3549050e969328f7548211c7b8c2b6c,2026-08-28T11:15:09+00:00,3887.12,12616.29,88,93,3.847e-05,v4
2026-09-06T06:18:55.423631+00:00,COST,Costco • Robinhood Token,0x4ea005168d7f09a7a0ba9d1def21a479950e44c2,https://robinhoodchain.blockscout.com/token/0x4ea005168d7f09a7a0ba9d1def21a479950e44c2,CAPY,Jumbo Capy,0x41db1b03119aa422407ea731b784fb4af4f665a9,https://robinhoodchain.blockscout.com/token/0x41db1b03119aa422407ea731b784fb4af4f665a9,uniswap,0x286dBb1695008295dD853dC10e2A2b0F8506eb33,https://dexscreener.com/robinhood/0x286dbb1695008295dd853dc10e2a2b0f8506eb33,2026-08-13T10:39:26+00:00,3883.16,73.3,2,0,3.913e-06,v3
2026-09-06T06:19:08.337910+00:00,FTNT,Fortinet • Robinhood Token,0x3fb8976980d486084b2eb4a404bd12e72823958f,https://robinhoodchain.blockscout.com/token/0x3fb8976980d486084b2eb4a404bd12e72823958f,VBUCKS,VBUCKS,0x8d25a823ffbae4a147758af3e0bc7a846eb65c01,https://robinhoodchain.blockscout.com/token/0x8d25a823ffbae4a147758af3e0bc7a846eb65c01,uniswap,0xaf5d2802534b6707cc80cc10ea3ffdd34817805f6647f1266dbb0659fba39591,https://dexscreener.com/robinhood/0xaf5d2802534b6707cc80cc10ea3ffdd34817805f6647f1266dbb0659fba39591,2026-09-04T21:27:22+00:00,3852.06,32.91,0,2,3.852e-06,v4
2026-09-06T06:19:04.693077+00:00,FIG,Figma • Robinhood Token,0x41f4267525a8aff329540ef24fd83d9044758b33,https://robinhoodchain.blockscout.com/token/0x41f4267525a8aff329540ef24fd83d9044758b33,BROTHERHOOD,BrotherHood,0xd21b4020fd01a00998768c92a35d306e840d7801,https://robinhoodchain.blockscout.com/token/0xd21b4020fd01a00998768c92a35d306e840d7801,uniswap,0x6e02255f29228ceaff8eda07d2d46ff9b5f3502793ad592452acea0985359e2f,https://dexscreener.com/robinhood/0x6e02255f29228ceaff8eda07d2d46ff9b5f3502793ad592452acea0985359e2f,2026-09-05T09:16:36+00:00,3835.91,930.57,4,3,3.838e-06,v4
2026-09-06T06:19:34.442877+00:00,MSFT,Microsoft • Robinhood Token,0xe93237c50d904957cf27e7b1133b510c669c2e74,https://robinhoodchain.blockscout.com/token/0xe93237c50d904957cf27e7b1133b510c669c2e74,COMPUTER,COMPUTER,0x7f4c8449beed4244432add41ab8c86088b8dbf08,https://robinhoodchain.blockscout.com/token/0x7f4c8449beed4244432add41ab8c86088b8dbf08,uniswap,0x5c76320c1f0b0b6b50b1697546f0bcce9bc9580354d6b090a637a01edc89ee16,https://dexscreener.com/robinhood/0x5c76320c1f0b0b6b50b1697546f0bcce9bc9580354d6b090a637a01edc89ee16,2026-08-28T11:15:09+00:00,3812.84,8713.34,76,87,3.764e-05,v4
2026-09-06T06:18:29.955173+00:00,AAOI,Applied Optoelectronics • Robinhood Token,0x521cf887e6531c6f667b5bc4d896e5d9bfe8eb2e,https://robinhoodchain.blockscout.com/token/0x521cf887e6531c6f667b5bc4d896e5d9bfe8eb2e,OIIA OIIA,OIIA OIIA,0xe1cfe064660552941f693d17803c4563ad251a01,https://robinhoodchain.blockscout.com/token/0xe1cfe064660552941f693d17803c4563ad251a01,uniswap,0x6653853b36abedb092a97b4360e23549dcf7f3f44cb10ea9ac6a21fd27e703ed,https://dexscreener.com/robinhood/0x6653853b36abedb092a97b4360e23549dcf7f3f44cb10ea9ac6a21fd27e703ed,2026-09-06T02:34:28+00:00,3787.64,1783.15,14,10,3.787e-06,v4
2026-09-06T06:19:00.629440+00:00,DDOG,Datadog • Robinhood Token,0x27c99fbde9d0d2aa4f4bfb4943f237843ddf6958,https://robinhoodchain.blockscout.com/token/0x27c99fbde9d0d2aa4f4bfb4943f237843ddf6958,Data,Datadog,0x91cf7ce9eec4f576f351b4319e530e140fd00301,https://robinhoodchain.blockscout.com/token/0x91cf7ce9eec4f576f351b4319e530e140fd00301,uniswap,0x0c9505e5aaa80a8572d60e57daf89dbefdc085093660fa7c9124111fe4ba3232,https://dexscreener.com/robinhood/0x0c9505e5aaa80a8572d60e57daf89dbefdc085093660fa7c9124111fe4ba3232,2026-09-03T07:18:27+00:00,3778.92,3.63,0,2,3.785e-06,v4
2026-09-06T06:19:52.459864+00:00,PLTR,Palantir Technologies • Robinhood Token,0x894e1ec2d74ffe5aef8dc8a9e84686accb964f2a,https://robinhoodchain.blockscout.com/token/0x894e1ec2d74ffe5aef8dc8a9e84686accb964f2a,SHROOM,MUSHROOM,0xab093def657f15df31b33922a95e047add645b29,https://robinhoodchain.blockscout.com/token/0xab093def657f15df31b33922a95e047add645b29,uniswap,0x61c727dc767cfdc74e91518d25af6acc5cfbce42b62a43918d176a26addd76af,https://dexscreener.com/robinhood/0x61c727dc767cfdc74e91518d25af6acc5cfbce42b62a43918d176a26addd76af,2026-09-04T15:32:21+00:00,3772.0,3095.44,47,31,0.0476,v4
2026-09-06T06:18:31.678557+00:00,ADBE,Adobe • Robinhood Token,0x232b8ed6377be97813853b0ac104c4cda8378d1b,https://robinhoodchain.blockscout.com/token/0x232b8ed6377be97813853b0ac104c4cda8378d1b,IPSUM,Lorem Ipsum,0xeb3c76b56fc20be6804e98c79889a219264cc901,https://robinhoodchain.blockscout.com/token/0xeb3c76b56fc20be6804e98c79889a219264cc901,uniswap,0x970f261c069f5e7ef94766bae320e5163d030211ad01f3192f89d9041a6b2e26,https://dexscreener.com/robinhood/0x970f261c069f5e7ef94766bae320e5163d030211ad01f3192f89d9041a6b2e26,2026-09-04T01:42:36+00:00,3771.77,0.01,0,1,3.772e-06,v4
2026-09-06T06:19:59.083087+00:00,RDDT,Reddit • Robinhood Token,0x05b37fb53a299a1b874a619e1c4c404d52c36f4c,https://robinhoodchain.blockscout.com/token/0x05b37fb53a299a1b874a619e1c4c404d52c36f4c,Memists,Memists,0x05fe4b639d81f33210ac51c12bfb75873818f268,https://robinhoodchain.blockscout.com/token/0x05fe4b639d81f33210ac51c12bfb75873818f268,uniswap,0xfd7736ed155aeddeb330bcdedd512f1ca0c60b2791013e08d69c3bbc90e8f61e,https://dexscreener.com/robinhood/0xfd7736ed155aeddeb330bcdedd512f1ca0c60b2791013e08d69c3bbc90e8f61e,2026-09-05T11:02:16+00:00,3758.33,91521.78,681,729,2.64e-06,v4
2026-09-06T06:19:29.030901+00:00,LULU,Lululemon • Robinhood Token,0x4e62068525ab11fe768e29dfd00ef909b9803016,https://robinhoodchain.blockscout.com/token/0x4e62068525ab11fe768e29dfd00ef909b9803016,MOIST,Moist,0xfad12323b26fc217dc90c1b055bb77f06ec4cf01,https://robinhoodchain.blockscout.com/token/0xfad12323b26fc217dc90c1b055bb77f06ec4cf01,uniswap,0x7677d0e454ca1de3064b3cba51c18436efbe96550261aba3b2e4ba472f2e7119,https://dexscreener.com/robinhood/0x7677d0e454ca1de3064b3cba51c18436efbe96550261aba3b2e4ba472f2e7119,2026-09-02T18:27:01+00:00,3757.53,225.54,0,5,3.761e-06,v4
2026-09-06T06:18:57.821791+00:00,CRWD,CrowdStrike Holdings • Robinhood Token,0xea72ecca2d0f6bfa1394dbbcff85b52cd4233931,https://robinhoodchain.blockscout.com/token/0xea72ecca2d0f6bfa1394dbbcff85b52cd4233931,FOLLOW,Follow The CRWD,0x9ca18a58e7a4636aae6cecb51cf4e4e5489c8301,https://robinhoodchain.blockscout.com/token/0x9ca18a58e7a4636aae6cecb51cf4e4e5489c8301,uniswap,0x4a6fbd374d7dfb7e1223eeac2d5d3118456d4f90b9ee28be65d5c89d3a6454f6,https://dexscreener.com/robinhood/0x4a6fbd374d7dfb7e1223eeac2d5d3118456d4f90b9ee28be65d5c89d3a6454f6,2026-09-03T03:10:04+00:00,3753.93,1406.92,11,10,3.753e-06,v4
2026-09-06T06:18:31.678557+00:00,ADBE,Adobe • Robinhood Token,0x232b8ed6377be97813853b0ac104c4cda8378d1b,https://robinhoodchain.blockscout.com/token/0x232b8ed6377be97813853b0ac104c4cda8378d1b,PS,PHOTOSHOP,0xcb5baff7272d5d6a356fcb8859a6f03dedcaf601,https://robinhoodchain.blockscout.com/token/0xcb5baff7272d5d6a356fcb8859a6f03dedcaf601,uniswap,0xffe77d733ee8b574e49c067e3eb805204c4b9642e69107dbd3c6ae71e38611ad,https://dexscreener.com/robinhood/0xffe77d733ee8b574e49c067e3eb805204c4b9642e69107dbd3c6ae71e38611ad,2026-09-04T16:13:17+00:00,3741.99,1.94,0,1,3.742e-06,v4
2026-09-06T06:18:31.678557+00:00,ADBE,Adobe • Robinhood Token,0x232b8ed6377be97813853b0ac104c4cda8378d1b,https://robinhoodchain.blockscout.com/token/0x232b8ed6377be97813853b0ac104c4cda8378d1b,PDF,PUMP DUMP FOMO,0xc445808326e34c5d287cdc5d52f9f1d4cfb5ff01,https://robinhoodchain.blockscout.com/token/0xc445808326e34c5d287cdc5d52f9f1d4cfb5ff01,uniswap,0x68b42eff4df3e79e095878e375bcfbbd4d7fd153ad7a5a6c7970a0d56c1292ea,https://dexscreener.com/robinhood/0x68b42eff4df3e79e095878e375bcfbbd4d7fd153ad7a5a6c7970a0d56c1292ea,2026-09-05T03:21:39+00:00,3716.15,26.82,0,4,3.716e-06,v4
2026-09-06T06:19:45.048778+00:00,ON,ON Semiconductor • Robinhood Token,0xbbd09f72b025360fee5c928053dca6248d35be54,https://robinhoodchain.blockscout.com/token/0xbbd09f72b025360fee5c928053dca6248d35be54,MO,Millions Out Of Nothing,0xdc87320710042bfe18d85741b61bc2c2487e7048,https://robinhoodchain.blockscout.com/token/0xdc87320710042bfe18d85741b61bc2c2487e7048,uniswap,0x0dBFEbbeAf88E0C32e93ea5B35efc3735b5EBAB4,https://dexscreener.com/robinhood/0x0dbfebbeaf88e0c32e93ea5b35efc3735b5ebab4,2026-09-04T11:13:03+00:00,3697.0,51.04,0,9,3.792e-06,v3
2026-09-06T06:19:00.629440+00:00,DDOG,Datadog • Robinhood Token,0x27c99fbde9d0d2aa4f4bfb4943f237843ddf6958,https://robinhoodchain.blockscout.com/token/0x27c99fbde9d0d2aa4f4bfb4943f237843ddf6958,RETAR,Retard Dog,0x9341536f322ba6004108afac6be7cb470e00b201,https://robinhoodchain.blockscout.com/token/0x9341536f322ba6004108afac6be7cb470e00b201,uniswap,0x3013bcdf44a31f8efcc8914ab1e3bf1d4dd46c6eda74e67086d3640f922d3860,https://dexscreener.com/robinhood/0x3013bcdf44a31f8efcc8914ab1e3bf1d4dd46c6eda74e67086d3640f922d3860,2026-08-31T20:13:00+00:00,3692.25,182.07,0,3,3.697e-06,v4
2026-09-06T06:18:37.273929+00:00,AMZN,Amazon • Robinhood Token,0x12f190a9f9d7d37a250758b26824b97ce941bf54,https://robinhoodchain.blockscout.com/token/0x12f190a9f9d7d37a250758b26824b97ce941bf54,MEOW,Amazon Duck,0x83fb8740f04409abcab88db809f920cdd6cd4b64,https://robinhoodchain.blockscout.com/token/0x83fb8740f04409abcab88db809f920cdd6cd4b64,uniswap,0xa7440ad014985756de42ef83a831456cc48a3273aa3253da9cf661f42ffb1819,https://dexscreener.com/robinhood/0xa7440ad014985756de42ef83a831456cc48a3273aa3253da9cf661f42ffb1819,2026-09-05T09:40:53+00:00,3662.8,65750.57,520,607,2.151e-06,v4
2026-09-06T06:20:18.514194+00:00,UPS,UPS • Robinhood Token,0xf23250dac154d05bb671cb0d0ebef3c635c79ce2,https://robinhoodchain.blockscout.com/token/0xf23250dac154d05bb671cb0d0ebef3c635c79ce2,Lost,Lost,0xbe1833ecce1225912c347d5c2805027a398e699a,https://robinhoodchain.blockscout.com/token/0xbe1833ecce1225912c347d5c2805027a398e699a,uniswap,0xd95034a826bc6603251a209170870dda28d8e70ecb24975513de804e1b655f9d,https://dexscreener.com/robinhood/0xd95034a826bc6603251a209170870dda28d8e70ecb24975513de804e1b655f9d,2026-09-05T22:56:12+00:00,3648.83,634.25,18,11,3.651e-06,v4
2026-09-06T06:19:58.583475+00:00,RCAT,Red Cat • Robinhood Token,0xfde6b5d9bb419b10c23268c74e369abff39c0460,https://robinhoodchain.blockscout.com/token/0xfde6b5d9bb419b10c23268c74e369abff39c0460,DRONE,Dronecat,0x614540d1e9c8d3c00bb728bdd400eea71adf863f,https://robinhoodchain.blockscout.com/token/0x614540d1e9c8d3c00bb728bdd400eea71adf863f,uniswap,0x8e5fd449dc5f2934cb5d6473bc7ddec4cf3003c0594962df5e2043fc963adf74,https://dexscreener.com/robinhood/0x8e5fd449dc5f2934cb5d6473bc7ddec4cf3003c0594962df5e2043fc963adf74,2026-09-05T00:51:14+00:00,3615.06,51.27,0,2,3.617e-06,v4
2026-09-06T06:19:58.583475+00:00,RCAT,Red Cat • Robinhood Token,0xfde6b5d9bb419b10c23268c74e369abff39c0460,https://robinhoodchain.blockscout.com/token/0xfde6b5d9bb419b10c23268c74e369abff39c0460,kCAT,Cash Cat,0xfde8eccfa73c5c0d10f4dc161d1b80269dedc9fc,https://robinhoodchain.blockscout.com/token/0xfde8eccfa73c5c0d10f4dc161d1b80269dedc9fc,uniswap,0x2b5c3a48c3f3a16a62ebe19b3b775cbefcb580546cce7a6ff6d0746d59183eb8,https://dexscreener.com/robinhood/0x2b5c3a48c3f3a16a62ebe19b3b775cbefcb580546cce7a6ff6d0746d59183eb8,2026-09-05T17:44:56+00:00,3610.94,26.44,2,0,3.611e-06,v4
2026-09-06T06:19:58.583475+00:00,RCAT,Red Cat • Robinhood Token,0xfde6b5d9bb419b10c23268c74e369abff39c0460,https://robinhoodchain.blockscout.com/token/0xfde6b5d9bb419b10c23268c74e369abff39c0460,kCAT,Cash Cat,0xfefbe8b7ceb5909b96c85a675df82f3b9b8dbb92,https://robinhoodchain.blockscout.com/token/0xfefbe8b7ceb5909b96c85a675df82f3b9b8dbb92,uniswap,0x09cb92a89cbcc7c7edba0307df77694b39a62b1fe2bdc8d5eff4a0b9f4fbef19,https://dexscreener.com/robinhood/0x09cb92a89cbcc7c7edba0307df77694b39a62b1fe2bdc8d5eff4a0b9f4fbef19,2026-09-05T17:45:20+00:00,3605.69,23.82,1,0,3.605e-06,v4
2026-09-06T06:18:50.021935+00:00,CELH,Celsius • Robinhood Token,0x8cf07c5a878945185d327aaa6e33faa95f95e7bf,https://robinhoodchain.blockscout.com/token/0x8cf07c5a878945185d327aaa6e33faa95f95e7bf,SWOGE,Swole Doge,0xdb87393727b666c43f5aecb03d8b419ba54d9b03,https://robinhoodchain.blockscout.com/token/0xdb87393727b666c43f5aecb03d8b419ba54d9b03,uniswap,0xbb2329D1B788231bA103aA309Bb1b791a0cf2100,https://dexscreener.com/robinhood/0xbb2329d1b788231ba103aa309bb1b791a0cf2100,2026-09-03T03:46:26+00:00,3491.35,441.99,1,7,30.59,v3
2026-09-06T06:19:58.583475+00:00,RCAT,Red Cat • Robinhood Token,0xfde6b5d9bb419b10c23268c74e369abff39c0460,https://robinhoodchain.blockscout.com/token/0xfde6b5d9bb419b10c23268c74e369abff39c0460,GCAT,GREEN CAT,0x774510e96bf0cbff97a31dbdd51b70d3e7055555,https://robinhoodchain.blockscout.com/token/0x774510e96bf0cbff97a31dbdd51b70d3e7055555,uniswap,0x3f64242cbd7c96cf58a82579d586b40d9dd69e641dcb9c25548830bca1ccda15,https://dexscreener.com/robinhood/0x3f64242cbd7c96cf58a82579d586b40d9dd69e641dcb9c25548830bca1ccda15,2026-09-05T09:50:08+00:00,3433.97,305.5,7,6,3.434e-06,v4
2026-09-06T06:19:58.583475+00:00,RCAT,Red Cat • Robinhood Token,0xfde6b5d9bb419b10c23268c74e369abff39c0460,https://robinhoodchain.blockscout.com/token/0xfde6b5d9bb419b10c23268c74e369abff39c0460,RCAT,Retarded Cat,0xad4ccf7187f279716918a3ff0fed9820c3165555,https://robinhoodchain.blockscout.com/token/0xad4ccf7187f279716918a3ff0fed9820c3165555,uniswap,0x07be9c881cff24e41baa79ff945bbc7cdf0d97c592bf4bdb2aa9f04d03062375,https://dexscreener.com/robinhood/0x07be9c881cff24e41baa79ff945bbc7cdf0d97c592bf4bdb2aa9f04d03062375,2026-09-05T20:15:49+00:00,3414.5,1561.24,11,10,3.414e-06,v4
2026-09-06T06:19:52.459864+00:00,PLTR,Palantir Technologies • Robinhood Token,0x894e1ec2d74ffe5aef8dc8a9e84686accb964f2a,https://robinhoodchain.blockscout.com/token/0x894e1ec2d74ffe5aef8dc8a9e84686accb964f2a,RVH,Ravenhood,0x96765066f6a040a21eb027167d2315b707c82633,https://robinhoodchain.blockscout.com/token/0x96765066f6a040a21eb027167d2315b707c82633,up,0xc543981ae76B925eeEf72046f340064C4107166a,https://dexscreener.com/robinhood/0xc543981ae76b925eeef72046f340064c4107166a,,3413.04,228.24,1,7,178.91,v3
2026-09-06T06:18:37.273929+00:00,AMZN,Amazon • Robinhood Token,0x12f190a9f9d7d37a250758b26824b97ce941bf54,https://robinhoodchain.blockscout.com/token/0x12f190a9f9d7d37a250758b26824b97ce941bf54,SHROOM,MUSHROOM,0xab093def657f15df31b33922a95e047add645b29,https://robinhoodchain.blockscout.com/token/0xab093def657f15df31b33922a95e047add645b29,uniswap,0x86508fcf3b2cbf7b50c1685c259ef02234c8b60db2e04d523d53476e5bf08403,https://dexscreener.com/robinhood/0x86508fcf3b2cbf7b50c1685c259ef02234c8b60db2e04d523d53476e5bf08403,2026-09-05T02:26:52+00:00,3409.8,1820.71,41,28,0.04617,v4
2026-09-06T06:19:07.510029+00:00,FLY,Firefly Aerospace Inc. • Robinhood Token,0x03bc731ffb162cdd7b98d3c6542bfc291126075d,https://robinhoodchain.blockscout.com/token/0x03bc731ffb162cdd7b98d3c6542bfc291126075d,BUTTER,BUTTERFLY,0xc23dd280a8590f3877ee20703f2d69a0cd4e9b9b,https://robinhoodchain.blockscout.com/token/0xc23dd280a8590f3877ee20703f2d69a0cd4e9b9b,uniswap,0x232e52c14b1a8e396fb575ad77032f682f5b7633af50e14aba0bdf0c498ce637,https://dexscreener.com/robinhood/0x232e52c14b1a8e396fb575ad77032f682f5b7633af50e14aba0bdf0c498ce637,2026-09-05T00:33:57+00:00,3398.53,14.05,0,1,3.398e-06,v4
2026-09-06T06:19:46.455443+00:00,ORCL,Oracle • Robinhood Token,0xb0992820e760d836549ba69bc7598b4af75dee03,https://robinhoodchain.blockscout.com/token/0xb0992820e760d836549ba69bc7598b4af75dee03,Oracle,Oracle,0x2e4b2070696ec59e926a8107b329a2ac240db803,https://robinhoodchain.blockscout.com/token/0x2e4b2070696ec59e926a8107b329a2ac240db803,uniswap,0x8d885af8b972cb055a4a5e29ca28760484d279a43b1fa3475ff4e9529fa79edf,https://dexscreener.com/robinhood/0x8d885af8b972cb055a4a5e29ca28760484d279a43b1fa3475ff4e9529fa79edf,2026-09-05T19:37:24+00:00,3391.97,2332.58,17,16,3.391e-06,v4
2026-09-06T06:20:03.225696+00:00,RUN,Sunrun • Robinhood Token,0x756bc80af765c82da966a788858d65adf14f3793,https://robinhoodchain.blockscout.com/token/0x756bc80af765c82da966a788858d65adf14f3793,GOTTS,The Bank of Gringotts,0x1ab123aba9f7569e2d2d2853d53b9075196d6b7f,https://robinhoodchain.blockscout.com/token/0x1ab123aba9f7569e2d2d2853d53b9075196d6b7f,uniswap,0x1d18cef556764182d210db9afc89d6be929badd34c8020d0f1f14006c385cc09,https://dexscreener.com/robinhood/0x1d18cef556764182d210db9afc89d6be929badd34c8020d0f1f14006c385cc09,2026-09-05T15:50:31+00:00,3330.19,9.57,1,0,3.33e-06,v4
2026-09-06T06:19:07.510029+00:00,FLY,Firefly Aerospace Inc. • Robinhood Token,0x03bc731ffb162cdd7b98d3c6542bfc291126075d,https://robinhoodchain.blockscout.com/token/0x03bc731ffb162cdd7b98d3c6542bfc291126075d,FLYWHEEL,FLYWHEEL,0x6f4c18e471c549697f7e3020fbe788cf5d810501,https://robinhoodchain.blockscout.com/token/0x6f4c18e471c549697f7e3020fbe788cf5d810501,uniswap,0x9becc17e613d3f4c095a8de5ab136fa52a7c953e108aead85baa77aab2b55d89,https://dexscreener.com/robinhood/0x9becc17e613d3f4c095a8de5ab136fa52a7c953e108aead85baa77aab2b55d89,2026-09-01T16:33:31+00:00,3319.44,1.67,0,1,3.319e-06,v4
2026-09-06T06:19:39.642014+00:00,NFLX,Netflix • Robinhood Token,0xe0444ef8bf4ed74f74fd73686e2ddf4c1c5591e8,https://robinhoodchain.blockscout.com/token/0xe0444ef8bf4ed74f74fd73686e2ddf4c1c5591e8,RVH,Ravenhood,0x96765066f6a040a21eb027167d2315b707c82633,https://robinhoodchain.blockscout.com/token/0x96765066f6a040a21eb027167d2315b707c82633,uniswap,0x9c171B8ab1A4D27Edb51990a1cc45e93563AaeF5,https://dexscreener.com/robinhood/0x9c171b8ab1a4d27edb51990a1cc45e93563aaef5,2026-08-30T02:47:25+00:00,3261.88,780.7,17,12,0.008686,v3
2026-09-06T06:19:22.218506+00:00,JNJ,Johnson & Johnson • Robinhood Token,0x03dfbbe0ac4e7bcdafd08ed41a400326b77d8c80,https://robinhoodchain.blockscout.com/token/0x03dfbbe0ac4e7bcdafd08ed41a400326b77d8c80,DIDDY,Baby Oil,0xffbe978c8997491b0bed7d696cd70e870e0e1e18,https://robinhoodchain.blockscout.com/token/0xffbe978c8997491b0bed7d696cd70e870e0e1e18,uniswap,0x3cabd8aa851958227a18c7056e35667ebec5aed9fe3de9c69f15233d1888793e,https://dexscreener.com/robinhood/0x3cabd8aa851958227a18c7056e35667ebec5aed9fe3de9c69f15233d1888793e,2026-08-31T20:09:41+00:00,3227.62,65862.41,843,822,3.183e-06,v4
2026-09-06T06:20:15.476079+00:00,TSM,Taiwan Semiconductor Manufacturing • Robinhood Token,0x58ffe4a942d3885baa22d7520691f611ef09e7aa,https://robinhoodchain.blockscout.com/token/0x58ffe4a942d3885baa22d7520691f611ef09e7aa,SHROOM,MUSHROOM,0xab093def657f15df31b33922a95e047add645b29,https://robinhoodchain.blockscout.com/token/0xab093def657f15df31b33922a95e047add645b29,uniswap,0xe509830a4d9a620012a3c1b764d62712d31d255954cea1e669627d878251f83d,https://dexscreener.com/robinhood/0xe509830a4d9a620012a3c1b764d62712d31d255954cea1e669627d878251f83d,2026-09-04T14:45:37+00:00,3163.36,2928.33,49,37,0.04779,v4
2026-09-06T06:19:00.629440+00:00,DDOG,Datadog • Robinhood Token,0x27c99fbde9d0d2aa4f4bfb4943f237843ddf6958,https://robinhoodchain.blockscout.com/token/0x27c99fbde9d0d2aa4f4bfb4943f237843ddf6958,GODD,GOD THE DOG,0xec17d6aaef0c0f81ac75680a759d982924d85555,https://robinhoodchain.blockscout.com/token/0xec17d6aaef0c0f81ac75680a759d982924d85555,uniswap,0xe19ffd02f365dd733498897a979ee55cfe1dec3e53fe413da43714ad3eb0eb8b,https://dexscreener.com/robinhood/0xe19ffd02f365dd733498897a979ee55cfe1dec3e53fe413da43714ad3eb0eb8b,2026-09-05T14:50:22+00:00,3151.72,48.13,1,1,3.151e-06,v4
2026-09-06T06:19:33.646497+00:00,MRVL,Marvell Technology • Robinhood Token,0x62fd0668e10d8b72339be2dcf7643001688ff13b,https://robinhoodchain.blockscout.com/token/0x62fd0668e10d8b72339be2dcf7643001688ff13b,RHM,RobinHood Multiverse,0x9a8df3bce2ff1ae3e1794f1c835a881e6c405555,https://robinhoodchain.blockscout.com/token/0x9a8df3bce2ff1ae3e1794f1c835a881e6c405555,uniswap,0x21ca43dc8b053538c28b63751dfca0d08c3b29ba7432ee7134794f56d529e2f9,https://dexscreener.com/robinhood/0x21ca43dc8b053538c28b63751dfca0d08c3b29ba7432ee7134794f56d529e2f9,2026-09-05T17:10:02+00:00,3139.47,0.02,1,0,3.139e-06,v4
2026-09-06T06:20:04.904459+00:00,SKHY,SK hynix Inc. American Depositary Shares • Robinhood Token,0x84cab63bc87912e71ad199ff14a0ba45de68fef8,https://robinhoodchain.blockscout.com/token/0x84cab63bc87912e71ad199ff14a0ba45de68fef8,SKHY,Take a look at the SKHY,0x30930bf019498ecaac487b90a4274d2690f6f01d,https://robinhoodchain.blockscout.com/token/0x30930bf019498ecaac487b90a4274d2690f6f01d,uniswap,0x6394c9f74c818772a0ff9de0439fc5467702f2c49102c49ad0faf500fbd83604,https://dexscreener.com/robinhood/0x6394c9f74c818772a0ff9de0439fc5467702f2c49102c49ad0faf500fbd83604,2026-09-02T07:30:19+00:00,2826.95,0.0,0,1,2.826e-06,v4
2026-09-06T06:19:30.962397+00:00,META,Meta Platforms • Robinhood Token,0xc0d6457c16cc70d6790dd43521c899c87ce02f35,https://robinhoodchain.blockscout.com/token/0xc0d6457c16cc70d6790dd43521c899c87ce02f35,SHROOM,MUSHROOM,0xab093def657f15df31b33922a95e047add645b29,https://robinhoodchain.blockscout.com/token/0xab093def657f15df31b33922a95e047add645b29,uniswap,0xf93f4501a3daffe8675af5c667d217e0fc52f2baf8bdb5f799f4bd4cb2e2f9d0,https://dexscreener.com/robinhood/0xf93f4501a3daffe8675af5c667d217e0fc52f2baf8bdb5f799f4bd4cb2e2f9d0,2026-09-05T03:04:06+00:00,2772.28,1394.36,23,34,606.24,v4
2026-09-06T06:20:08.149298+00:00,SNDK,Sandisk Corporation • Robinhood Token,0xb90a19ff0af67f7779aff50a882a9cff42446400,https://robinhoodchain.blockscout.com/token/0xb90a19ff0af67f7779aff50a882a9cff42446400,SHROOM,MUSHROOM,0xab093def657f15df31b33922a95e047add645b29,https://robinhoodchain.blockscout.com/token/0xab093def657f15df31b33922a95e047add645b29,uniswap,0xcfc2dd0fb51c9d428896ff551ae01a6784dbeea2b330dc46989e71f3cf23ba90,https://dexscreener.com/robinhood/0xcfc2dd0fb51c9d428896ff551ae01a6784dbeea2b330dc46989e71f3cf23ba90,2026-09-04T14:49:10+00:00,2764.37,2667.85,35,52,1725.62,v4
2026-09-06T06:19:02.689816+00:00,ELF,e.l.f. Beauty • Robinhood Token,0x39ec44bee4f6a116c6f9b8de566848a985c53c60,https://robinhoodchain.blockscout.com/token/0x39ec44bee4f6a116c6f9b8de566848a985c53c60,ELF,Exit Liquidity Frontrun,0x25baadc0b36af2b9f9f34a683a3e7c4a670cf01d,https://robinhoodchain.blockscout.com/token/0x25baadc0b36af2b9f9f34a683a3e7c4a670cf01d,uniswap,0x3970068fe92eb990f1218346d8998d5447d6ad70801a7ed3a8ec9e25c529f70c,https://dexscreener.com/robinhood/0x3970068fe92eb990f1218346d8998d5447d6ad70801a7ed3a8ec9e25c529f70c,2026-09-04T05:55:13+00:00,2664.18,0.0,0,1,2.664e-06,v4
2026-09-06T06:19:09.754091+00:00,GE,General Electric • Robinhood Token,0x63b814ddbd6bf339f25fed8c36158a008d5b373e,https://robinhoodchain.blockscout.com/token/0x63b814ddbd6bf339f25fed8c36158a008d5b373e,DO,DogeCoin,0x045e3d51bae5350552f9bfadce0c7471a46af01d,https://robinhoodchain.blockscout.com/token/0x045e3d51bae5350552f9bfadce0c7471a46af01d,uniswap,0x93dbf1e35fa7db79ed6f5650b32d067855e1e81a9cde68c9164ea9b78dfa5064,https://dexscreener.com/robinhood/0x93dbf1e35fa7db79ed6f5650b32d067855e1e81a9cde68c9164ea9b78dfa5064,2026-09-04T16:36:10+00:00,2656.69,0.02,0,1,2.656e-06,v4
2026-09-06T06:19:00.123943+00:00,CVNA,Carvana • Robinhood Token,0xa4f319104089fe321dc8093c6e707d4fe190a988,https://robinhoodchain.blockscout.com/token/0xa4f319104089fe321dc8093c6e707d4fe190a988,CVNA,Current Vehicle Not Available,0x096f1282f957debe6548a5fd4609f5ad6dcef01d,https://robinhoodchain.blockscout.com/token/0x096f1282f957debe6548a5fd4609f5ad6dcef01d,uniswap,0x6eb1d7b018b6ac1eedfab38e1af9858d0bbef988dfd110644815deb0df21a4db,https://dexscreener.com/robinhood/0x6eb1d7b018b6ac1eedfab38e1af9858d0bbef988dfd110644815deb0df21a4db,2026-09-04T16:44:51+00:00,2644.21,0.02,0,1,2.644e-06,v4
2026-09-06T06:19:20.255236+00:00,IONQ,IonQ • Robinhood Token,0x558378e000d634a36593e338ebacdd6207640efe,https://robinhoodchain.blockscout.com/token/0x558378e000d634a36593e338ebacdd6207640efe,IONQ,Gently Used Hyundai Ioniq,0x3cff684415844450ef2faae40e095dbd3a83f01d,https://robinhoodchain.blockscout.com/token/0x3cff684415844450ef2faae40e095dbd3a83f01d,uniswap,0xcec808ea78adeaf70ebc4c88573c56f03cdba78844637278481c4330bb6171a7,https://dexscreener.com/robinhood/0xcec808ea78adeaf70ebc4c88573c56f03cdba78844637278481c4330bb6171a7,2026-09-02T07:24:56+00:00,2472.31,11.71,1,1,2.472e-06,v4
2026-09-06T06:19:13.284882+00:00,GOOGL,Alphabet Class A • Robinhood Token,0x2e0847e8910a9732eb3fb1bb4b70a580adad4fe3,https://robinhoodchain.blockscout.com/token/0x2e0847e8910a9732eb3fb1bb4b70a580adad4fe3,INTERNET,Internet,0xba9a01ad2dd53b1455bcc0ad79bde7e8288531a2,https://robinhoodchain.blockscout.com/token/0xba9a01ad2dd53b1455bcc0ad79bde7e8288531a2,uniswap,0x4a7f78667d3ec73ca6188c36eab5da0d9147e0321c156fb788028ef609ea3509,https://dexscreener.com/robinhood/0x4a7f78667d3ec73ca6188c36eab5da0d9147e0321c156fb788028ef609ea3509,2026-09-05T22:26:40+00:00,2455.98,86029.97,612,550,1.836e-05,v4
2026-09-06T06:18:37.273929+00:00,AMZN,Amazon • Robinhood Token,0x12f190a9f9d7d37a250758b26824b97ce941bf54,https://robinhoodchain.blockscout.com/token/0x12f190a9f9d7d37a250758b26824b97ce941bf54,INTERNET,Internet,0xba9a01ad2dd53b1455bcc0ad79bde7e8288531a2,https://robinhoodchain.blockscout.com/token/0xba9a01ad2dd53b1455bcc0ad79bde7e8288531a2,uniswap,0x2266eba1623c10189bd9efdc95280dd79a6e22f8a6e3172028efabc45d7e4aac,https://dexscreener.com/robinhood/0x2266eba1623c10189bd9efdc95280dd79a6e22f8a6e3172028efabc45d7e4aac,2026-09-05T22:26:40+00:00,2434.73,27548.54,224,208,1.811e-05,v4
2026-09-06T06:19:34.442877+00:00,MSFT,Microsoft • Robinhood Token,0xe93237c50d904957cf27e7b1133b510c669c2e74,https://robinhoodchain.blockscout.com/token/0xe93237c50d904957cf27e7b1133b510c669c2e74,INTERNET,Internet,0xba9a01ad2dd53b1455bcc0ad79bde7e8288531a2,https://robinhoodchain.blockscout.com/token/0xba9a01ad2dd53b1455bcc0ad79bde7e8288531a2,uniswap,0xb8480163488f4d97ec4eceed1e6bac6cfc827bfa521b6eb39d9666f7cbb4ad29,https://dexscreener.com/robinhood/0xb8480163488f4d97ec4eceed1e6bac6cfc827bfa521b6eb39d9666f7cbb4ad29,2026-09-05T22:26:40+00:00,2427.18,31991.63,264,231,1.795e-05,v4
2026-09-06T06:19:30.962397+00:00,META,Meta Platforms • Robinhood Token,0xc0d6457c16cc70d6790dd43521c899c87ce02f35,https://robinhoodchain.blockscout.com/token/0xc0d6457c16cc70d6790dd43521c899c87ce02f35,INTERNET,Internet,0xba9a01ad2dd53b1455bcc0ad79bde7e8288531a2,https://robinhoodchain.blockscout.com/token/0xba9a01ad2dd53b1455bcc0ad79bde7e8288531a2,uniswap,0xb661ba763209d48c9ff2547fce4c432b286d1298f3f9991471e01f621c45420a,https://dexscreener.com/robinhood/0xb661ba763209d48c9ff2547fce4c432b286d1298f3f9991471e01f621c45420a,2026-09-05T22:26:40+00:00,2399.81,22927.46,210,188,1.77e-05,v4
2026-09-06T06:20:04.904459+00:00,SKHY,SK hynix Inc. American Depositary Shares • Robinhood Token,0x84cab63bc87912e71ad199ff14a0ba45de68fef8,https://robinhoodchain.blockscout.com/token/0x84cab63bc87912e71ad199ff14a0ba45de68fef8,HBM,High Bandwidth Meme,0xf125ae348b5413f0aba6cd0c730dbd18c4e23d4e,https://robinhoodchain.blockscout.com/token/0xf125ae348b5413f0aba6cd0c730dbd18c4e23d4e,uniswap,0xfeba7dddc41813af5ab7751454d3947badc6ee9262a2a8831d520d4f65c28c73,https://dexscreener.com/robinhood/0xfeba7dddc41813af5ab7751454d3947badc6ee9262a2a8831d520d4f65c28c73,2026-08-09T11:49:06+00:00,2304.07,718.97,11,10,4.934e-06,v4
2026-09-06T06:18:47.213404+00:00,BULL,Webull • Robinhood Token,0xcef9027c7d6985b85f0ba431125073529a947a68,https://robinhoodchain.blockscout.com/token/0xcef9027c7d6985b85f0ba431125073529a947a68,PENNY,Penny Stocks,0x4124277673e3ecaaf4aadc5c6169cf1d7812d647,https://robinhoodchain.blockscout.com/token/0x4124277673e3ecaaf4aadc5c6169cf1d7812d647,uniswap,0x361e5771372adf9022761f98a7f2ed82951fc5fbb83b97bfa606402a851438d1,https://dexscreener.com/robinhood/0x361e5771372adf9022761f98a7f2ed82951fc5fbb83b97bfa606402a851438d1,2026-09-04T17:47:46+00:00,2284.87,8791.43,106,80,1.594e-05,v4
2026-09-06T06:19:57.459118+00:00,QUBT,Quantum Computing • Robinhood Token,0x59818904ab4ce163b3ce4ffb64f2d6ca02c434b4,https://robinhoodchain.blockscout.com/token/0x59818904ab4ce163b3ce4ffb64f2d6ca02c434b4,PENNY,Penny Stocks,0x4124277673e3ecaaf4aadc5c6169cf1d7812d647,https://robinhoodchain.blockscout.com/token/0x4124277673e3ecaaf4aadc5c6169cf1d7812d647,uniswap,0x9d866459df7d29a46ae1bb9d8b8b04c12968b8b0e515fc5537f9c8086235aa43,https://dexscreener.com/robinhood/0x9d866459df7d29a46ae1bb9d8b8b04c12968b8b0e515fc5537f9c8086235aa43,2026-09-04T17:47:46+00:00,2263.69,6897.01,77,70,1.631e-05,v4
2026-09-06T06:19:58.583475+00:00,RCAT,Red Cat • Robinhood Token,0xfde6b5d9bb419b10c23268c74e369abff39c0460,https://robinhoodchain.blockscout.com/token/0xfde6b5d9bb419b10c23268c74e369abff39c0460,PENNY,Penny Stocks,0x4124277673e3ecaaf4aadc5c6169cf1d7812d647,https://robinhoodchain.blockscout.com/token/0x4124277673e3ecaaf4aadc5c6169cf1d7812d647,uniswap,0xf3f3104bf8cba404b0e22d033d4c6843ed957808758e4510ef1c93a815a6d08f,https://dexscreener.com/robinhood/0xf3f3104bf8cba404b0e22d033d4c6843ed957808758e4510ef1c93a815a6d08f,2026-09-04T17:47:46+00:00,2230.59,5195.77,65,69,1.567e-05,v4
2026-09-06T06:19:14.541277+00:00,HIMS,Hims & Hers Health • Robinhood Token,0xccee82fe024c36fa15e1005ede3e9e4787e23d09,https://robinhoodchain.blockscout.com/token/0xccee82fe024c36fa15e1005ede3e9e4787e23d09,AIBONER,AI BONER,0x52b068794b46641860b05e45cb8311e21dd12e02,https://robinhoodchain.blockscout.com/token/0x52b068794b46641860b05e45cb8311e21dd12e02,uniswap,0x15fcf6f89047cae700cf5b9cc8d3b940928e60b4fc9947c0a2f1b21d67f67b2b,https://dexscreener.com/robinhood/0x15fcf6f89047cae700cf5b9cc8d3b940928e60b4fc9947c0a2f1b21d67f67b2b,2026-09-04T13:39:40+00:00,2174.59,341.44,0,8,4.425e-06,v4
2026-09-06T06:19:29.680166+00:00,LUNR,Intuitive Machines • Robinhood Token,0xa5d4968421ba94814be3b136b15cf422101ac1a3,https://robinhoodchain.blockscout.com/token/0xa5d4968421ba94814be3b136b15cf422101ac1a3,MOON,Moon,0xb6ceb261f0019ff6d039b27ee1768e64a118f01d,https://robinhoodchain.blockscout.com/token/0xb6ceb261f0019ff6d039b27ee1768e64a118f01d,uniswap,0x122e7733833f669c290d2ba327375d8cf5a9b55b28c388480e7299ae581e4fbe,https://dexscreener.com/robinhood/0x122e7733833f669c290d2ba327375d8cf5a9b55b28c388480e7299ae581e4fbe,2026-09-01T06:22:02+00:00,2134.63,0.0,0,1,2.134e-06,v4
2026-09-06T06:19:14.541277+00:00,HIMS,Hims & Hers Health • Robinhood Token,0xccee82fe024c36fa15e1005ede3e9e4787e23d09,https://robinhoodchain.blockscout.com/token/0xccee82fe024c36fa15e1005ede3e9e4787e23d09,PACK,Wolf Pack,0x0145acbccefbed6f303c420beeaaac72e905430b,https://robinhoodchain.blockscout.com/token/0x0145acbccefbed6f303c420beeaaac72e905430b,uniswap,0x28d16ad9513fb4c8d875d15ede356e35eac7d272f855815e763d335efdc627f6,https://dexscreener.com/robinhood/0x28d16ad9513fb4c8d875d15ede356e35eac7d272f855815e763d335efdc627f6,2026-09-05T13:09:25+00:00,2077.29,2633.39,38,51,0.001009,v4
2026-09-06T06:19:46.455443+00:00,ORCL,Oracle • Robinhood Token,0xb0992820e760d836549ba69bc7598b4af75dee03,https://robinhoodchain.blockscout.com/token/0xb0992820e760d836549ba69bc7598b4af75dee03,HODL,Diamond Hands,0xa4eafca4c79c04013663ed23bcd34dea0a5cfed2,https://robinhoodchain.blockscout.com/token/0xa4eafca4c79c04013663ed23bcd34dea0a5cfed2,uniswap,0xa82be982f50fe1b8e9302839e6c449fb8ea163fbd942fe908804edca15f2003c,https://dexscreener.com/robinhood/0xa82be982f50fe1b8e9302839e6c449fb8ea163fbd942fe908804edca15f2003c,2026-09-04T09:26:28+00:00,2033.14,3014.1,21,17,9.61e-06,v4
2026-09-06T06:19:40.473117+00:00,NNE,Nano Nuclear Energy • Robinhood Token,0xbef75684c43c4ea7bd18dd532a2244674ee8b926,https://robinhoodchain.blockscout.com/token/0xbef75684c43c4ea7bd18dd532a2244674ee8b926,SHROOM,MUSHROOM,0xab093def657f15df31b33922a95e047add645b29,https://robinhoodchain.blockscout.com/token/0xab093def657f15df31b33922a95e047add645b29,uniswap,0xd7cd3baf256abdf034f417d6918f040fd02f0cbcb8dcf4fceb4488404cd90b06,https://dexscreener.com/robinhood/0xd7cd3baf256abdf034f417d6918f040fd02f0cbcb8dcf4fceb4488404cd90b06,2026-09-05T13:10:29+00:00,1978.99,864.63,6,21,26.13,v4
2026-09-06T06:19:58.583475+00:00,RCAT,Red Cat • Robinhood Token,0xfde6b5d9bb419b10c23268c74e369abff39c0460,https://robinhoodchain.blockscout.com/token/0xfde6b5d9bb419b10c23268c74e369abff39c0460,CATBULL,CatBull,0xe5a23a2f9d83739a56fc228eb5c2bd6d5304379c,https://robinhoodchain.blockscout.com/token/0xe5a23a2f9d83739a56fc228eb5c2bd6d5304379c,uniswap,0x1556e84e42f7447f5196dd911e935421b0b358c6c30e9799b96ff2f79d30ab7d,https://dexscreener.com/robinhood/0x1556e84e42f7447f5196dd911e935421b0b358c6c30e9799b96ff2f79d30ab7d,2026-09-01T09:16:59+00:00,1850.11,4.48,0,1,3.715e-06,v4
2026-09-06T06:19:18.914056+00:00,INTC,Intel • Robinhood Token,0xc72b96e0e48ecd4dc75e1e45396e26300bc39681,https://robinhoodchain.blockscout.com/token/0xc72b96e0e48ecd4dc75e1e45396e26300bc39681,NIGGA,NVIDIAINTELGOOGLEGMEAPPLE,0x938dd92943663d869c40a96900c1eb807a79c8ca,https://robinhoodchain.blockscout.com/token/0x938dd92943663d869c40a96900c1eb807a79c8ca,uniswap,0x728df1ffed5bd30b2e8d5128170c659619ad19ddb32187c5e7d9ef3ae7de5bf6,https://dexscreener.com/robinhood/0x728df1ffed5bd30b2e8d5128170c659619ad19ddb32187c5e7d9ef3ae7de5bf6,2026-09-04T09:06:33+00:00,1820.56,8270.19,73,58,1.132e-05,v4
2026-09-06T06:19:58.583475+00:00,RCAT,Red Cat • Robinhood Token,0xfde6b5d9bb419b10c23268c74e369abff39c0460,https://robinhoodchain.blockscout.com/token/0xfde6b5d9bb419b10c23268c74e369abff39c0460,MAKE,MakeIt,0x1969c5d562ae387e66930a5c723a4978e42cbd72,https://robinhoodchain.blockscout.com/token/0x1969c5d562ae387e66930a5c723a4978e42cbd72,uniswap,0x2475a8c4c0fda7974a2a1eb3bb46fcca8e9e84d19861ca49e554e6347dceeb84,https://dexscreener.com/robinhood/0x2475a8c4c0fda7974a2a1eb3bb46fcca8e9e84d19861ca49e554e6347dceeb84,2026-09-03T22:00:23+00:00,1676.95,26.52,0,1,3.354e-06,v4
2026-09-06T06:19:58.583475+00:00,RCAT,Red Cat • Robinhood Token,0xfde6b5d9bb419b10c23268c74e369abff39c0460,https://robinhoodchain.blockscout.com/token/0xfde6b5d9bb419b10c23268c74e369abff39c0460,QCAT,Schrödinger's Cat,0x0c861a847fa7b3bc7c67cfae1b0d44e0bea7873b,https://robinhoodchain.blockscout.com/token/0x0c861a847fa7b3bc7c67cfae1b0d44e0bea7873b,uniswap,0xb349d5e66ae430c8b970444f3260541569c6c2068c5624f38edd81d9c36e2666,https://dexscreener.com/robinhood/0xb349d5e66ae430c8b970444f3260541569c6c2068c5624f38edd81d9c36e2666,2026-09-04T16:31:46+00:00,1618.68,71.61,0,2,3.237e-06,v4
2026-09-06T06:19:58.583475+00:00,RCAT,Red Cat • Robinhood Token,0xfde6b5d9bb419b10c23268c74e369abff39c0460,https://robinhoodchain.blockscout.com/token/0xfde6b5d9bb419b10c23268c74e369abff39c0460,QCAT,Quantum Cat,0xcda2c9fcacb1fa69fe6eb74548f4607bd5938914,https://robinhoodchain.blockscout.com/token/0xcda2c9fcacb1fa69fe6eb74548f4607bd5938914,uniswap,0x58088db4deeca11228104a3fe9ca5c30f802e219d96444b5336771f21f490ac3,https://dexscreener.com/robinhood/0x58088db4deeca11228104a3fe9ca5c30f802e219d96444b5336771f21f490ac3,2026-09-04T16:41:48+00:00,1617.63,77.15,0,2,3.235e-06,v4
2026-09-06T06:20:01.479682+00:00,RIVN,Rivian Automotive • Robinhood Token,0xb1bf26c1d20ff267a4f93550d1e0d06ac40a114b,https://robinhoodchain.blockscout.com/token/0xb1bf26c1d20ff267a4f93550d1e0d06ac40a114b,RIVN,Rivian R1S,0x566658688e898c3160f886784e5ac0f96483f01d,https://robinhoodchain.blockscout.com/token/0x566658688e898c3160f886784e5ac0f96483f01d,uniswap,0x60180a35871a9054fc7b749b58afcc67923bc2a484436d833c43759770079540,https://dexscreener.com/robinhood/0x60180a35871a9054fc7b749b58afcc67923bc2a484436d833c43759770079540,2026-09-01T06:04:37+00:00,1612.39,3.16,0,2,1.602e-06,v4
2026-09-06T06:19:00.629440+00:00,DDOG,Datadog • Robinhood Token,0x27c99fbde9d0d2aa4f4bfb4943f237843ddf6958,https://robinhoodchain.blockscout.com/token/0x27c99fbde9d0d2aa4f4bfb4943f237843ddf6958,CATDOG,CatDog,0xa281bb13b115837222a240ff4cec0cf92fd36c2a,https://robinhoodchain.blockscout.com/token/0xa281bb13b115837222a240ff4cec0cf92fd36c2a,uniswap,0x8a2d9fdf240f0a867281ccaac22e3b8157527dde907f8f6579e0519061b40dd4,https://dexscreener.com/robinhood/0x8a2d9fdf240f0a867281ccaac22e3b8157527dde907f8f6579e0519061b40dd4,2026-09-01T07:55:29+00:00,1573.49,115.36,1,2,3.154e-06,v4
2026-09-06T06:19:18.914056+00:00,INTC,Intel • Robinhood Token,0xc72b96e0e48ecd4dc75e1e45396e26300bc39681,https://robinhoodchain.blockscout.com/token/0xc72b96e0e48ecd4dc75e1e45396e26300bc39681,SHROOM,MUSHROOM,0xab093def657f15df31b33922a95e047add645b29,https://robinhoodchain.blockscout.com/token/0xab093def657f15df31b33922a95e047add645b29,uniswap,0x5033219abd6d6da826f067b9fad6db4660be63b3d2ace7b8d9b48ca762aeb75e,https://dexscreener.com/robinhood/0x5033219abd6d6da826f067b9fad6db4660be63b3d2ace7b8d9b48ca762aeb75e,2026-09-05T03:55:02+00:00,1554.07,1851.67,25,38,90.3,v4
2026-09-06T06:18:45.799965+00:00,BB,Blackberry • Robinhood Token,0x48e39e56acdba37b09020c0b734a613c9a2f100a,https://robinhoodchain.blockscout.com/token/0x48e39e56acdba37b09020c0b734a613c9a2f100a,MEMES,Memestocks,0x96ed52d67fc3fa072ef6daa27d8a880d30933963,https://robinhoodchain.blockscout.com/token/0x96ed52d67fc3fa072ef6daa27d8a880d30933963,uniswap,0x4e883fbb73b8dec0cd1e895bf76f9000ecd3995869c94faf2ee84a46027e4f2e,https://dexscreener.com/robinhood/0x4e883fbb73b8dec0cd1e895bf76f9000ecd3995869c94faf2ee84a46027e4f2e,2026-09-05T03:09:42+00:00,1470.0,2298.5,37,29,8.57e-06,v4
2026-09-06T06:19:50.313486+00:00,PENG,Penguin Solutions • Robinhood Token,0x9b23573b156b52565012f5ce02cdf60afbaa70be,https://robinhoodchain.blockscout.com/token/0x9b23573b156b52565012f5ce02cdf60afbaa70be,microduck,microduck,0xd5f1afea47b1a9eab414d2ee740cf1d6d039e725,https://robinhoodchain.blockscout.com/token/0xd5f1afea47b1a9eab414d2ee740cf1d6d039e725,ramses,0xE805b3177318B3eEB9eFaBa8d7A3019Ab90163ce,https://dexscreener.com/robinhood/0xe805b3177318b3eeb9efaba8d7a3019ab90163ce,2026-09-02T18:36:35+00:00,1462.81,1564.22,31,46,57.72,v3
2026-09-06T06:20:23.815219+00:00,WULF,TeraWulf • Robinhood Token,0x348be1a8663f15edde5cdf8a96bb69078f7ab6fd,https://robinhoodchain.blockscout.com/token/0x348be1a8663f15edde5cdf8a96bb69078f7ab6fd,WULFPACK,WULFPACK,0x62400bf0bef1d45ce397106c98a60803aa331e18,https://robinhoodchain.blockscout.com/token/0x62400bf0bef1d45ce397106c98a60803aa331e18,uniswap,0x1390b08a768d061e9fb8a038a5e2ca39220d00099b398738fcc720ca8c5f1d88,https://dexscreener.com/robinhood/0x1390b08a768d061e9fb8a038a5e2ca39220d00099b398738fcc720ca8c5f1d88,2026-09-04T08:31:55+00:00,1450.0,23.55,2,1,1.463e-06,v4
2026-09-06T06:19:38.832169+00:00,NET,"Cloudflare, Inc. Class A common stock • Robinhood Token",0x116f00968269b7bfbad4109ce591d6e74c0601d4,https://robinhoodchain.blockscout.com/token/0x116f00968269b7bfbad4109ce591d6e74c0601d4,SHROOM,MUSHROOM,0xab093def657f15df31b33922a95e047add645b29,https://robinhoodchain.blockscout.com/token/0xab093def657f15df31b33922a95e047add645b29,uniswap,0x784f073d1fff1e9631ea7c970116c42c7ab689c421d70b15895c5c7bdb23f664,https://dexscreener.com/robinhood/0x784f073d1fff1e9631ea7c970116c42c7ab689c421d70b15895c5c7bdb23f664,2026-09-05T03:17:35+00:00,1405.09,1218.52,30,26,0.04715,v4
2026-09-06T06:20:04.904459+00:00,SKHY,SK hynix Inc. American Depositary Shares • Robinhood Token,0x84cab63bc87912e71ad199ff14a0ba45de68fef8,https://robinhoodchain.blockscout.com/token/0x84cab63bc87912e71ad199ff14a0ba45de68fef8,SHROOM,MUSHROOM,0xab093def657f15df31b33922a95e047add645b29,https://robinhoodchain.blockscout.com/token/0xab093def657f15df31b33922a95e047add645b29,uniswap,0x1f7c5a78222df7c5e352f366a3ba860077c3260c9331d7bb4312bf22dd7edce9,https://dexscreener.com/robinhood/0x1f7c5a78222df7c5e352f366a3ba860077c3260c9331d7bb4312bf22dd7edce9,2026-09-05T03:48:16+00:00,1400.7,1169.41,21,29,173.44,v4
2026-09-06T06:20:01.479682+00:00,RIVN,Rivian Automotive • Robinhood Token,0xb1bf26c1d20ff267a4f93550d1e0d06ac40a114b,https://robinhoodchain.blockscout.com/token/0xb1bf26c1d20ff267a4f93550d1e0d06ac40a114b,COPE,Copium Refinery,0xd1ff3f118eaf9f0f345523062b2cf1682d10b823,https://robinhoodchain.blockscout.com/token/0xd1ff3f118eaf9f0f345523062b2cf1682d10b823,uniswap,0x671e51735ca73e001d83c885c1479d56afe5a89f4f2b77914013aa6983126523,https://dexscreener.com/robinhood/0x671e51735ca73e001d83c885c1479d56afe5a89f4f2b77914013aa6983126523,2026-09-04T10:08:06+00:00,1356.43,240.67,6,4,4.141e-06,v4
2026-09-06T06:18:39.560976+00:00,ASML,ASML Holding NV • Robinhood Token,0x47f93d52cbec7c6d2cfc080e154002370a60daea,https://robinhoodchain.blockscout.com/token/0x47f93d52cbec7c6d2cfc080e154002370a60daea,KAERU,Artificial Kaeru,0xfaa54fc4555e76c1d9f2f786ad6bffdc98e7cbed,https://robinhoodchain.blockscout.com/token/0xfaa54fc4555e76c1d9f2f786ad6bffdc98e7cbed,uniswap,0x1caae1c9f663b1bc4d7dcc1c3c895523b7a761483fe1110148589d795331a278,https://dexscreener.com/robinhood/0x1caae1c9f663b1bc4d7dcc1c3c895523b7a761483fe1110148589d795331a278,2026-09-05T19:16:23+00:00,1301.56,0.25,1,0,3.904e-06,v4
2026-09-06T06:19:16.415254+00:00,IBM,IBM • Robinhood Token,0x980dcf6766fa79f5cf0c4aadb3ab477ff15a9619,https://robinhoodchain.blockscout.com/token/0x980dcf6766fa79f5cf0c4aadb3ab477ff15a9619,SHROOM,MUSHROOM,0xab093def657f15df31b33922a95e047add645b29,https://robinhoodchain.blockscout.com/token/0xab093def657f15df31b33922a95e047add645b29,uniswap,0x48aa4c56e473975afaf3a894d995d1a1e724e47b36bb022fa0bd6a4ef68637f6,https://dexscreener.com/robinhood/0x48aa4c56e473975afaf3a894d995d1a1e724e47b36bb022fa0bd6a4ef68637f6,2026-09-05T03:38:05+00:00,1226.25,1159.52,23,34,235.23,v4
2026-09-06T06:18:39.560976+00:00,ASML,ASML Holding NV • Robinhood Token,0x47f93d52cbec7c6d2cfc080e154002370a60daea,https://robinhoodchain.blockscout.com/token/0x47f93d52cbec7c6d2cfc080e154002370a60daea,SHROOM,MUSHROOM,0xab093def657f15df31b33922a95e047add645b29,https://robinhoodchain.blockscout.com/token/0xab093def657f15df31b33922a95e047add645b29,uniswap,0x45ae7cab6c58edffeaf557448af4ddc3b72645237781180b83097b36e9705aa4,https://dexscreener.com/robinhood/0x45ae7cab6c58edffeaf557448af4ddc3b72645237781180b83097b36e9705aa4,2026-09-05T04:24:21+00:00,1131.04,1150.93,16,29,1705.11,v4
2026-09-06T06:19:50.313486+00:00,PENG,Penguin Solutions • Robinhood Token,0x9b23573b156b52565012f5ce02cdf60afbaa70be,https://robinhoodchain.blockscout.com/token/0x9b23573b156b52565012f5ce02cdf60afbaa70be,inu,inu,0xb9f89a5a075cc280362c5167c5e95723bb2c8cad,https://robinhoodchain.blockscout.com/token/0xb9f89a5a075cc280362c5167c5e95723bb2c8cad,ramses,0xFb8d383749DAf22feB0b6883Bc35e9f1402B197A,https://dexscreener.com/robinhood/0xfb8d383749daf22feb0b6883bc35e9f1402b197a,2026-08-05T22:58:38+00:00,1012.42,186.86,7,3,5.506e-05,v3
2026-09-06T06:18:42.328879+00:00,AVGO,Broadcom • Robinhood Token,0x156e175dd063a8ce274c50654ef40e0032b3fbcf,https://robinhoodchain.blockscout.com/token/0x156e175dd063a8ce274c50654ef40e0032b3fbcf,SHROOM,MUSHROOM,0xab093def657f15df31b33922a95e047add645b29,https://robinhoodchain.blockscout.com/token/0xab093def657f15df31b33922a95e047add645b29,uniswap,0x2b2dbb597f299979fe92a040ca832c67a6886f8bddfca00eec4b53625983b4e2,https://dexscreener.com/robinhood/0x2b2dbb597f299979fe92a040ca832c67a6886f8bddfca00eec4b53625983b4e2,2026-09-05T04:08:55+00:00,841.55,520.64,12,20,342.68,v4
2026-09-06T06:19:08.875899+00:00,FUTU,Futu Holdings • Robinhood Token,0xeb30663bdff0622ef4e4e5cbb4e975f19f33f51d,https://robinhoodchain.blockscout.com/token/0xeb30663bdff0622ef4e4e5cbb4e975f19f33f51d,キャジラ,Catzilla,0x386a26674d197fec681d406294706b176f7124f3,https://robinhoodchain.blockscout.com/token/0x386a26674d197fec681d406294706b176f7124f3,uniswap,0x2cfa635c125e9c9521871e56b69868972acbcec0817f937b6ee04f9352647ed9,https://dexscreener.com/robinhood/0x2cfa635c125e9c9521871e56b69868972acbcec0817f937b6ee04f9352647ed9,2026-09-05T03:45:42+00:00,829.92,9036.99,55,115,8.332e-07,v4
2026-09-06T06:19:46.455443+00:00,ORCL,Oracle • Robinhood Token,0xb0992820e760d836549ba69bc7598b4af75dee03,https://robinhoodchain.blockscout.com/token/0xb0992820e760d836549ba69bc7598b4af75dee03,OSAMA,OpenAI SpaceX Amazon Meta Alphabet,0x1ad5455866d5e4683c30e8a02b0bee583c07c9ea,https://robinhoodchain.blockscout.com/token/0x1ad5455866d5e4683c30e8a02b0bee583c07c9ea,uniswap,0x4ec4ef5b27e35103a831d462bcde0bf2eb25cb00a9a3b15bf95bc4a904b76db0,https://dexscreener.com/robinhood/0x4ec4ef5b27e35103a831d462bcde0bf2eb25cb00a9a3b15bf95bc4a904b76db0,2026-09-04T09:48:26+00:00,788.2,650.33,8,8,3.953e-06,v4
2026-09-06T06:19:46.455443+00:00,ORCL,Oracle • Robinhood Token,0xb0992820e760d836549ba69bc7598b4af75dee03,https://robinhoodchain.blockscout.com/token/0xb0992820e760d836549ba69bc7598b4af75dee03,OSAMA,OSAMA,0xbd58b9f572c6732d25192b69afbdde05307dc0c6,https://robinhoodchain.blockscout.com/token/0xbd58b9f572c6732d25192b69afbdde05307dc0c6,uniswap,0x8065966843b872ad2aa87684642a963283bc86fbd6f9a5d1d95d43936a574e28,https://dexscreener.com/robinhood/0x8065966843b872ad2aa87684642a963283bc86fbd6f9a5d1d95d43936a574e28,2026-09-04T09:13:03+00:00,779.02,37.71,1,0,3.905e-06,v4
2026-09-06T06:19:08.875899+00:00,FUTU,Futu Holdings • Robinhood Token,0xeb30663bdff0622ef4e4e5cbb4e975f19f33f51d,https://robinhoodchain.blockscout.com/token/0xeb30663bdff0622ef4e4e5cbb4e975f19f33f51d,キャジラ,Catzilla,0x00d5bbbfa2843cdf62765e4310a3fcd8b8340de5,https://robinhoodchain.blockscout.com/token/0x00d5bbbfa2843cdf62765e4310a3fcd8b8340de5,uniswap,0xebb5c5d20e7a19723a93621d2735ee8fa1f1b190dfbde1825f3be24547aa0eb7,https://dexscreener.com/robinhood/0xebb5c5d20e7a19723a93621d2735ee8fa1f1b190dfbde1825f3be24547aa0eb7,2026-09-05T02:06:03+00:00,735.17,228.59,2,2,7.352e-07,v4
2026-09-06T06:19:39.642014+00:00,NFLX,Netflix • Robinhood Token,0xe0444ef8bf4ed74f74fd73686e2ddf4c1c5591e8,https://robinhoodchain.blockscout.com/token/0xe0444ef8bf4ed74f74fd73686e2ddf4c1c5591e8,SHROOM,MUSHROOM,0xab093def657f15df31b33922a95e047add645b29,https://robinhoodchain.blockscout.com/token/0xab093def657f15df31b33922a95e047add645b29,uniswap,0xb93fca37bbb62ec3b4a2341db7cc134eae99a8239fa159af7438b8cae26753da,https://dexscreener.com/robinhood/0xb93fca37bbb62ec3b4a2341db7cc134eae99a8239fa159af7438b8cae26753da,2026-09-05T08:02:39+00:00,645.19,1420.1,12,20,93.34,v4
2026-09-06T06:19:42.876046+00:00,NVDA,NVIDIA • Robinhood Token,0xd0601ce157db5bdc3162bbac2a2c8af5320d9eec,https://robinhoodchain.blockscout.com/token/0xd0601ce157db5bdc3162bbac2a2c8af5320d9eec,AI,Artificial Inu,0x2e8c31162b855a2ffa90f6f8634643ad6f111e18,https://robinhoodchain.blockscout.com/token/0x2e8c31162b855a2ffa90f6f8634643ad6f111e18,uniswap,0xa4c4c76598ba68fd6a69aeb191dcc5319e291d56b988e2696749fd1bb5a61ce2,https://dexscreener.com/robinhood/0xa4c4c76598ba68fd6a69aeb191dcc5319e291d56b988e2696749fd1bb5a61ce2,2026-09-05T08:21:58+00:00,606.35,294.14,2,12,238.49,v4
2026-09-06T06:20:24.307365+00:00,WYFI,"WhiteFiber, Inc. • Robinhood Token",0x9e7abd3c9139d14e4c86dce0e455aab7a0c2fb3e,https://robinhoodchain.blockscout.com/token/0x9e7abd3c9139d14e4c86dce0e455aab7a0c2fb3e,WIFEY,Wifey,0xf0d34983a9a08914a55ee5b3f518dc92d255083d,https://robinhoodchain.blockscout.com/token/0xf0d34983a9a08914a55ee5b3f518dc92d255083d,uniswap,0x8c0f1e61d395a38a9d2001cde60fb160693294ad785ac8e1084eb093183317d5,https://dexscreener.com/robinhood/0x8c0f1e61d395a38a9d2001cde60fb160693294ad785ac8e1084eb093183317d5,2026-08-30T18:26:21+00:00,413.74,521.56,3,9,1.551e-06,v4
2026-09-06T06:18:42.328879+00:00,AVGO,Broadcom • Robinhood Token,0x156e175dd063a8ce274c50654ef40e0032b3fbcf,https://robinhoodchain.blockscout.com/token/0x156e175dd063a8ce274c50654ef40e0032b3fbcf,BCM6765,Broadcom BCM6765,0x98d995c90cb2bf9da9b454f24d2a1e062810f01d,https://robinhoodchain.blockscout.com/token/0x98d995c90cb2bf9da9b454f24d2a1e062810f01d,uniswap,0x086137b9f5e6e560cf41f0ebaadd50c69128bb13719244dcc449dcf28debdeee,https://dexscreener.com/robinhood/0x086137b9f5e6e560cf41f0ebaadd50c69128bb13719244dcc449dcf28debdeee,2026-09-01T06:38:30+00:00,383.48,38.57,1,3,3.881e-07,v4
2026-09-06T06:19:18.914056+00:00,INTC,Intel • Robinhood Token,0xc72b96e0e48ecd4dc75e1e45396e26300bc39681,https://robinhoodchain.blockscout.com/token/0xc72b96e0e48ecd4dc75e1e45396e26300bc39681,SHROOM,MUSHROOM,0xab093def657f15df31b33922a95e047add645b29,https://robinhoodchain.blockscout.com/token/0xab093def657f15df31b33922a95e047add645b29,uniswap,0x477ef57d73636521c927a0f7b93d66c6f3b79c5c3e40afa3dacec24897fd46c6,https://dexscreener.com/robinhood/0x477ef57d73636521c927a0f7b93d66c6f3b79c5c3e40afa3dacec24897fd46c6,2026-09-03T03:41:34+00:00,328.72,694.04,33,42,100.031,v4
2026-09-06T06:20:04.904459+00:00,SKHY,SK hynix Inc. American Depositary Shares • Robinhood Token,0x84cab63bc87912e71ad199ff14a0ba45de68fef8,https://robinhoodchain.blockscout.com/token/0x84cab63bc87912e71ad199ff14a0ba45de68fef8,AUTSM,ApplUgdTesmSkhiMita,0xa8df7789ac4007bf48589880ede6fc49f061f37c,https://robinhoodchain.blockscout.com/token/0xa8df7789ac4007bf48589880ede6fc49f061f37c,uniswap,0x58ba3a1a9e8016dab9e814430a9d946695d851136c08b466b864afbbd4488eb6,https://dexscreener.com/robinhood/0x58ba3a1a9e8016dab9e814430a9d946695d851136c08b466b864afbbd4488eb6,2026-09-04T09:42:30+00:00,279.09,1.06,1,0,1.856e-06,v4
2026-09-06T06:19:26.891455+00:00,LLY,Eli Lilly • Robinhood Token,0x8005d266423c7ea827372c9c864491e5786600ea,https://robinhoodchain.blockscout.com/token/0x8005d266423c7ea827372c9c864491e5786600ea,FATCOIN,FATCOIN,0x12d5ee7917ca430073c3a638ee1e6f0648a98a01,https://robinhoodchain.blockscout.com/token/0x12d5ee7917ca430073c3a638ee1e6f0648a98a01,uniswap,0x1f7305f70198d566887cc8c94885784cca8b6a1d4bd72141d04c490184d5f0a4,https://dexscreener.com/robinhood/0x1f7305f70198d566887cc8c94885784cca8b6a1d4bd72141d04c490184d5f0a4,2026-09-04T18:53:04+00:00,163.11,363.51,23,16,939.75,v4
2026-09-06T06:20:15.476079+00:00,TSM,Taiwan Semiconductor Manufacturing • Robinhood Token,0x58ffe4a942d3885baa22d7520691f611ef09e7aa,https://robinhoodchain.blockscout.com/token/0x58ffe4a942d3885baa22d7520691f611ef09e7aa,STONKBROKER,StonkBroker,0xe934e36a439c94017b64a3fece66af12099abf50,https://robinhoodchain.blockscout.com/token/0xe934e36a439c94017b64a3fece66af12099abf50,uniswap,0x8fb304e24A8B231214Cf0aB23f4b4E85C5BC5d32,https://dexscreener.com/robinhood/0x8fb304e24a8b231214cf0ab23f4b4e85c5bc5d32,2026-07-27T01:43:37+00:00,97.24,2.15,1,1,448.76,v3
2026-09-06T06:19:14.541277+00:00,HIMS,Hims & Hers Health • Robinhood Token,0xccee82fe024c36fa15e1005ede3e9e4787e23d09,https://robinhoodchain.blockscout.com/token/0xccee82fe024c36fa15e1005ede3e9e4787e23d09,BONER,Boner Coin,0x98096d17e191b3da1d5f99a6d7b3584351b11e18,https://robinhoodchain.blockscout.com/token/0x98096d17e191b3da1d5f99a6d7b3584351b11e18,uniswap,0x4611e0af5574db51bd6dba8a323a72efc8eaf85a6e68d5929bcf9af9755f28c4,https://dexscreener.com/robinhood/0x4611e0af5574db51bd6dba8a323a72efc8eaf85a6e68d5929bcf9af9755f28c4,2026-08-30T23:33:36+00:00,97.15,40.07,9,6,27.52,v4
2026-09-06T06:19:12.712397+00:00,GME,GameStop • Robinhood Token,0x1b0e319c6a659f002271b69db8a7df2f911c153e,https://robinhoodchain.blockscout.com/token/0x1b0e319c6a659f002271b69db8a7df2f911c153e,STONKBROKER,StonkBroker,0xe934e36a439c94017b64a3fece66af12099abf50,https://robinhoodchain.blockscout.com/token/0xe934e36a439c94017b64a3fece66af12099abf50,uniswap,0xfa746a6f6c3a346c2a84b86bb59c27568a1b085962c73124d5f5d740b0dc8a1b,https://dexscreener.com/robinhood/0xfa746a6f6c3a346c2a84b86bb59c27568a1b085962c73124d5f5d740b0dc8a1b,2026-07-25T02:40:35+00:00,89.22,27.84,5,2,19.45,v4
2026-09-06T06:18:30.563456+00:00,AAPL,Apple • Robinhood Token,0xaf3d76f1834a1d425780943c99ea8a608f8a93f9,https://robinhoodchain.blockscout.com/token/0xaf3d76f1834a1d425780943c99ea8a608f8a93f9,HMM,Thinking Cat,0x7fe995a80075df3dc8ae11a9b82c7fe4202cd87f,https://robinhoodchain.blockscout.com/token/0x7fe995a80075df3dc8ae11a9b82c7fe4202cd87f,uniswap,0x2f339a631A0D4482513Cc67b76206664924fCFB8,https://dexscreener.com/robinhood/0x2f339a631a0d4482513cc67b76206664924fcfb8,2026-09-03T15:00:45+00:00,53.45,7.99,2,2,339.95,v3
2026-09-06T06:19:01.634065+00:00,DJT,Trump Media & Technology Group • Robinhood Token,0x1d11f0496982706c5e14a514d4e79f2e6bde4516,https://robinhoodchain.blockscout.com/token/0x1d11f0496982706c5e14a514d4e79f2e6bde4516,PONS,Pons,0x39dbed3a2bd333467115de45665cc57f813c4571,https://robinhoodchain.blockscout.com/token/0x39dbed3a2bd333467115de45665cc57f813c4571,uniswap,0x56bA3A9dE436B98440c220cDfEd8CdF79edcFd3B,https://dexscreener.com/robinhood/0x56ba3a9de436b98440c220cdfed8cdf79edcfd3b,2026-09-04T15:04:00+00:00,27.27,1.99,0,6,9.15,v3
2026-09-06T06:19:27.393829+00:00,LMT,Lockheed • Robinhood Token,0x329fcaceb9ad6f9580dd5f643fed0646900d043c,https://robinhoodchain.blockscout.com/token/0x329fcaceb9ad6f9580dd5f643fed0646900d043c,CANARY,Canary,0x93d5c11bf24670c749b7e110005276282590d102,https://robinhoodchain.blockscout.com/token/0x93d5c11bf24670c749b7e110005276282590d102,uniswap,0x31310e9d634b475c2f95c083489bc12a7a85a6f109e3a7b74bcbebfb0329b7bc,https://dexscreener.com/robinhood/0x31310e9d634b475c2f95c083489bc12a7a85a6f109e3a7b74bcbebfb0329b7bc,2026-09-05T22:14:56+00:00,17.09,0.11,2,1,9.571e-05,v4
2026-09-06T06:20:14.763004+00:00,TSLA,Tesla • Robinhood Token,0x322f0929c4625ed5bad873c95208d54e1c003b2d,https://robinhoodchain.blockscout.com/token/0x322f0929c4625ed5bad873c95208d54e1c003b2d,AI,Artificial Inu,0x2e8c31162b855a2ffa90f6f8634643ad6f111e18,https://robinhoodchain.blockscout.com/token/0x2e8c31162b855a2ffa90f6f8634643ad6f111e18,uniswap,0x1d433F5D240F9d9b305095F1Ae8F9E8F2fD35747,https://dexscreener.com/robinhood/0x1d433f5d240f9d9b305095f1ae8f9e8f2fd35747,2026-08-14T14:58:54+00:00,4.35,0.09,1,0,340.69,v3
